path,sample,view,participants,jumps,participant,analysis,item,delta,dz,rank,true_mean
B,primary,advised,38,228,sub01,J-D,jumpHeight,-0.0036644775007147468,-0.1510148299601533,,
B,primary,advised,38,228,sub02,J-D,jumpHeight,0.005228704005427687,0.2510368522744745,,
B,primary,advised,38,228,sub03,J-D,jumpHeight,0.0031904779860081334,0.19710199276563184,,
B,primary,advised,38,228,sub04,J-D,jumpHeight,-0.006933536897093029,-0.3181345585901117,,
B,primary,advised,38,228,sub06,J-D,jumpHeight,-0.0022435088059648,-0.09415745815633612,,
B,primary,advised,38,228,sub07,J-D,jumpHeight,0.0022282548288066195,0.08909818645050258,,
B,primary,advised,38,228,sub08,J-D,jumpHeight,-0.005402033204656875,-0.2668236678066784,,
B,primary,advised,38,228,sub09,J-D,jumpHeight,-0.037553121066233874,-2.044202769794653,,
B,primary,advised,38,228,sub10,J-D,jumpHeight,0.009216447559349528,0.4644309115615158,,
B,primary,advised,38,228,sub11,J-D,jumpHeight,-0.015471829306193674,-0.7549943373116134,,
B,primary,advised,38,228,sub12,J-D,jumpHeight,-0.020823487537538155,-1.2475157128055114,,
B,primary,advised,38,228,sub13,J-D,jumpHeight,-0.0009837813393126504,-0.0536548533400017,,
B,primary,advised,38,228,sub14,J-D,jumpHeight,-0.01359536538583983,-0.6123466628896997,,
B,primary,advised,38,228,sub16,J-D,jumpHeight,0.016997542759356388,0.6890674603569292,,
B,primary,advised,38,228,sub17,J-D,jumpHeight,-0.01484409959943217,-0.5863098006575952,,
B,primary,advised,38,228,sub18,J-D,jumpHeight,-0.006454689082261211,-0.19843491602202654,,
B,primary,advised,38,228,sub19,J-D,jumpHeight,-0.020374025248250882,-0.9691432642795696,,
B,primary,advised,38,228,sub20,J-D,jumpHeight,-0.03450708744393671,-1.226083158327184,,
B,primary,advised,38,228,sub21,J-D,jumpHeight,-0.012947659598234074,-0.4886948296699072,,
B,primary,advised,38,228,sub22,J-D,jumpHeight,0.006681748312736657,0.30718610320652034,,
B,primary,advised,38,228,sub23,J-D,jumpHeight,-0.015665022304359066,-0.6698442270150097,,
B,primary,advised,38,228,sub24,J-D,jumpHeight,-0.015210921975201797,-0.5655374573980861,,
B,primary,advised,38,228,sub25,J-D,jumpHeight,-0.003063966930706652,-0.14516920017469706,,
B,primary,advised,38,228,sub26,J-D,jumpHeight,0.009309219402551583,0.2977619267295939,,
B,primary,advised,38,228,sub27,J-D,jumpHeight,-0.015836066695694928,-0.8488308588444495,,
B,primary,advised,38,228,sub28,J-D,jumpHeight,0.019069372706407295,0.5667108605830701,,
B,primary,advised,38,228,sub29,J-D,jumpHeight,-0.022537602256606837,-0.711716793019919,,
B,primary,advised,38,228,sub30,J-D,jumpHeight,-0.012146779311636546,-0.47713452350807833,,
B,primary,advised,38,228,sub31,J-D,jumpHeight,0.012328059058939966,0.46768886656497827,,
B,primary,advised,38,228,sub33,J-D,jumpHeight,-0.03128354886828977,-1.2829694984011335,,
B,primary,advised,38,228,sub35,J-D,jumpHeight,0.0044653298529583885,0.2461418353766249,,
B,primary,advised,38,228,sub36,J-D,jumpHeight,-0.001525264642505908,-0.06590171230815678,,
B,primary,advised,38,228,sub37,J-D,jumpHeight,0.012332176936454164,0.5662225572967976,,
B,primary,advised,38,228,sub38,J-D,jumpHeight,-0.004604761964007109,-0.21720250144428507,,
B,primary,advised,38,228,sub39,J-D,jumpHeight,0.02674610992834059,1.0201695511271849,,
B,primary,advised,38,228,sub41,J-D,jumpHeight,-0.03204717025822418,-1.2497758769307523,,
B,primary,advised,38,228,sub42,J-D,jumpHeight,-0.02244392242171389,-0.8458194244062831,,
B,primary,advised,38,228,sub43,J-D,jumpHeight,-0.04708682601861802,-1.8012583996040346,,
B,primary,advised,38,228,sub01,J-D,countermovementDepth,0.03171450726392827,1.2157412773134675,,
B,primary,advised,38,228,sub02,J-D,countermovementDepth,-0.015357026334908819,-0.6109001023654489,,
B,primary,advised,38,228,sub03,J-D,countermovementDepth,0.00471302499521159,0.2356512497605795,,
B,primary,advised,38,228,sub04,J-D,countermovementDepth,0.03760528443293504,0.9366398303695435,,
B,primary,advised,38,228,sub06,J-D,countermovementDepth,-0.01668112817173889,-0.8340564085869445,,
B,primary,advised,38,228,sub07,J-D,countermovementDepth,-0.002491416990824308,-0.0963676700117363,,
B,primary,advised,38,228,sub08,J-D,countermovementDepth,0.04105101240505671,1.682848372160411,,
B,primary,advised,38,228,sub09,J-D,countermovementDepth,-0.03584241191228482,-1.712328896918765,,
B,primary,advised,38,228,sub10,J-D,countermovementDepth,0.009957979531327599,0.4957914641221802,,
B,primary,advised,38,228,sub11,J-D,countermovementDepth,-0.014555562014921142,-0.7167767895447361,,
B,primary,advised,38,228,sub12,J-D,countermovementDepth,0.0001713616689693609,0.008568083448468045,,
B,primary,advised,38,228,sub13,J-D,countermovementDepth,0.004426255155047076,0.2118404184083883,,
B,primary,advised,38,228,sub14,J-D,countermovementDepth,-0.007886424035500883,-0.39432120177504415,,
B,primary,advised,38,228,sub16,J-D,countermovementDepth,0.027342984285928962,1.2941541286819205,,
B,primary,advised,38,228,sub17,J-D,countermovementDepth,0.00562275049501243,0.2643430248745386,,
B,primary,advised,38,228,sub18,J-D,countermovementDepth,0.015656951595541535,0.7828475797770768,,
B,primary,advised,38,228,sub19,J-D,countermovementDepth,0.010794251441519187,0.3571642766441043,,
B,primary,advised,38,228,sub20,J-D,countermovementDepth,-0.039122549940974194,-1.9561274970487097,,
B,primary,advised,38,228,sub21,J-D,countermovementDepth,-0.027874008830721886,-1.1120922216905842,,
B,primary,advised,38,228,sub22,J-D,countermovementDepth,-0.02299550319032423,-1.1497751595162113,,
B,primary,advised,38,228,sub23,J-D,countermovementDepth,-0.013212934563311629,-0.6606467281655815,,
B,primary,advised,38,228,sub24,J-D,countermovementDepth,-0.0014494255357506147,-0.06537095188054924,,
B,primary,advised,38,228,sub25,J-D,countermovementDepth,0.028576880016212225,1.4288440008106111,,
B,primary,advised,38,228,sub26,J-D,countermovementDepth,0.050150415899005985,1.971919212043821,,
B,primary,advised,38,228,sub27,J-D,countermovementDepth,0.010541547687755837,0.5270773843877918,,
B,primary,advised,38,228,sub28,J-D,countermovementDepth,-0.018741989514197643,-0.777770379084581,,
B,primary,advised,38,228,sub29,J-D,countermovementDepth,-0.01858115290050749,-0.8047670413661613,,
B,primary,advised,38,228,sub30,J-D,countermovementDepth,0.023096051015830732,0.7227758139500103,,
B,primary,advised,38,228,sub31,J-D,countermovementDepth,0.0003426154082732391,0.017130770413661955,,
B,primary,advised,38,228,sub33,J-D,countermovementDepth,0.010911153239178795,0.3982122021036785,,
B,primary,advised,38,228,sub35,J-D,countermovementDepth,0.005073502228003679,0.2286102491907375,,
B,primary,advised,38,228,sub36,J-D,countermovementDepth,-0.030031684791328173,-1.0992903323529064,,
B,primary,advised,38,228,sub37,J-D,countermovementDepth,-0.023015860901371643,-1.0810355371734273,,
B,primary,advised,38,228,sub38,J-D,countermovementDepth,-0.007326919463429393,-0.3052501972757165,,
B,primary,advised,38,228,sub39,J-D,countermovementDepth,0.05176746501342733,1.8031566199293514,,
B,primary,advised,38,228,sub41,J-D,countermovementDepth,0.0023081410332487784,0.06351200089163381,,
B,primary,advised,38,228,sub42,J-D,countermovementDepth,0.019929864078173543,0.7124073952947991,,
B,primary,advised,38,228,sub43,J-D,countermovementDepth,-0.04652974504935353,-2.3264872524676767,,
B,primary,advised,38,228,sub01,J-D,trunkLean,2.464892412467293,0.805604502228261,,
B,primary,advised,38,228,sub02,J-D,trunkLean,-1.7822527146611549,-0.4614409721639873,,
B,primary,advised,38,228,sub03,J-D,trunkLean,7.190133876591219,1.8323299923389864,,
B,primary,advised,38,228,sub04,J-D,trunkLean,2.6197170885221652,0.8242991944513874,,
B,primary,advised,38,228,sub06,J-D,trunkLean,4.804984364132075,1.8440181640439455,,
B,primary,advised,38,228,sub07,J-D,trunkLean,-2.9672765556838527,-1.0594749999755555,,
B,primary,advised,38,228,sub08,J-D,trunkLean,6.492164398116699,2.2334949650176243,,
B,primary,advised,38,228,sub09,J-D,trunkLean,1.5915056676927009,0.41703445727251987,,
B,primary,advised,38,228,sub10,J-D,trunkLean,1.2097242284508098,0.5329975529507608,,
B,primary,advised,38,228,sub11,J-D,trunkLean,1.806623270722973,0.5404471817063462,,
B,primary,advised,38,228,sub12,J-D,trunkLean,-1.1845822991940125,-0.3506408949776898,,
B,primary,advised,38,228,sub13,J-D,trunkLean,5.5459283555676535,1.7407776957640149,,
B,primary,advised,38,228,sub14,J-D,trunkLean,-3.542257850466708,-0.8086834116702213,,
B,primary,advised,38,228,sub16,J-D,trunkLean,-3.485418983054423,-1.497398599260432,,
B,primary,advised,38,228,sub17,J-D,trunkLean,0.8336756374669605,0.19083063710861606,,
B,primary,advised,38,228,sub18,J-D,trunkLean,4.128956914498936,0.3993554034582455,,
B,primary,advised,38,228,sub19,J-D,trunkLean,-5.587366104556779,-1.192261895040466,,
B,primary,advised,38,228,sub20,J-D,trunkLean,-1.493023423609646,-0.5851063965528508,,
B,primary,advised,38,228,sub21,J-D,trunkLean,10.066337230482219,1.7295628572190358,,
B,primary,advised,38,228,sub22,J-D,trunkLean,0.45472530599916183,0.18165650940721367,,
B,primary,advised,38,228,sub23,J-D,trunkLean,4.851018037216434,0.8515788140058702,,
B,primary,advised,38,228,sub24,J-D,trunkLean,5.895036918005729,1.746940216476334,,
B,primary,advised,38,228,sub25,J-D,trunkLean,2.3525830544505695,0.8768430077727696,,
B,primary,advised,38,228,sub26,J-D,trunkLean,13.058949872331475,3.915892361983243,,
B,primary,advised,38,228,sub27,J-D,trunkLean,0.8587075973088147,0.16764118380348358,,
B,primary,advised,38,228,sub28,J-D,trunkLean,2.468297122343728,1.2182440005315491,,
B,primary,advised,38,228,sub29,J-D,trunkLean,-1.3254012446720864,-0.6071805638462392,,
B,primary,advised,38,228,sub30,J-D,trunkLean,7.451502363232713,1.7381276724021528,,
B,primary,advised,38,228,sub31,J-D,trunkLean,1.5074196672210718,0.6486598656246432,,
B,primary,advised,38,228,sub33,J-D,trunkLean,8.470390049473998,1.8783284814027361,,
B,primary,advised,38,228,sub35,J-D,trunkLean,3.664509120688571,1.1746330126325208,,
B,primary,advised,38,228,sub36,J-D,trunkLean,-3.5533239489339863,-0.9289722526411882,,
B,primary,advised,38,228,sub37,J-D,trunkLean,-8.688232046831736,-1.18266111164718,,
B,primary,advised,38,228,sub38,J-D,trunkLean,-0.5071433465770383,-0.12131745759326396,,
B,primary,advised,38,228,sub39,J-D,trunkLean,13.307613266960676,2.596569636055603,,
B,primary,advised,38,228,sub41,J-D,trunkLean,0.7623118257772816,0.25842506397050574,,
B,primary,advised,38,228,sub42,J-D,trunkLean,-1.0452567555249317,-0.22906316254597034,,
B,primary,advised,38,228,sub43,J-D,trunkLean,-5.521724217201708,-2.038143442201265,,
B,primary,advised,38,228,sub01,J-D,landingKneeFlex,-0.27963286875780113,-0.049615798802130476,,
B,primary,advised,38,228,sub02,J-D,landingKneeFlex,-4.759602966982584,-1.328172106336997,,
B,primary,advised,38,228,sub03,J-D,landingKneeFlex,-3.371922121001255,-0.7162604668070952,,
B,primary,advised,38,228,sub04,J-D,landingKneeFlex,2.090561371009372,0.5907920926260234,,
B,primary,advised,38,228,sub06,J-D,landingKneeFlex,-2.8417058804880924,-0.9472352934960308,,
B,primary,advised,38,228,sub07,J-D,landingKneeFlex,0.6517283810142942,0.211435967741734,,
B,primary,advised,38,228,sub08,J-D,landingKneeFlex,1.0655830872220804,0.35519436240736013,,
B,primary,advised,38,228,sub09,J-D,landingKneeFlex,-3.402482268318039,-0.8787326548841428,,
B,primary,advised,38,228,sub10,J-D,landingKneeFlex,-0.5624932348331555,-0.18749774494438518,,
B,primary,advised,38,228,sub11,J-D,landingKneeFlex,8.066602631671024,1.628010042024747,,
B,primary,advised,38,228,sub12,J-D,landingKneeFlex,-2.223344167435542,-0.6993917515329885,,
B,primary,advised,38,228,sub13,J-D,landingKneeFlex,2.135540500707883,0.5418359233816765,,
B,primary,advised,38,228,sub14,J-D,landingKneeFlex,2.960204731246499,0.9679573459884153,,
B,primary,advised,38,228,sub16,J-D,landingKneeFlex,-0.019967444984587246,-0.006655814994862415,,
B,primary,advised,38,228,sub17,J-D,landingKneeFlex,4.769319384156368,0.8120825583752137,,
B,primary,advised,38,228,sub18,J-D,landingKneeFlex,-1.434263522730383,-0.18745967104171515,,
B,primary,advised,38,228,sub19,J-D,landingKneeFlex,5.406568622906576,1.114721840588037,,
B,primary,advised,38,228,sub20,J-D,landingKneeFlex,4.868828798089197,0.7147867004381875,,
B,primary,advised,38,228,sub21,J-D,landingKneeFlex,5.337925397940275,1.194686815734716,,
B,primary,advised,38,228,sub22,J-D,landingKneeFlex,-1.422563673123392,-0.43170558310577817,,
B,primary,advised,38,228,sub23,J-D,landingKneeFlex,-3.7655995623365044,-0.8532930847838274,,
B,primary,advised,38,228,sub24,J-D,landingKneeFlex,2.344718048760889,0.7815726829202964,,
B,primary,advised,38,228,sub25,J-D,landingKneeFlex,3.251709003632243,0.9949557650647818,,
B,primary,advised,38,228,sub26,J-D,landingKneeFlex,20.668443183958736,1.865566441372293,,
B,primary,advised,38,228,sub27,J-D,landingKneeFlex,-10.663064298338384,-3.5355703126589173,,
B,primary,advised,38,228,sub28,J-D,landingKneeFlex,-6.291942713335942,-1.3728414201803654,,
B,primary,advised,38,228,sub29,J-D,landingKneeFlex,-6.079880926718971,-1.207922452684586,,
B,primary,advised,38,228,sub30,J-D,landingKneeFlex,4.787903789568432,0.907351208023758,,
B,primary,advised,38,228,sub31,J-D,landingKneeFlex,-3.6598326053692176,-0.8846959529440508,,
B,primary,advised,38,228,sub33,J-D,landingKneeFlex,0.09520212673189121,0.027700057664891076,,
B,primary,advised,38,228,sub35,J-D,landingKneeFlex,1.8453354284779664,0.2733366001685749,,
B,primary,advised,38,228,sub36,J-D,landingKneeFlex,-3.2789481032468544,-1.0106155397005405,,
B,primary,advised,38,228,sub37,J-D,landingKneeFlex,-2.6660865473876783,-0.5142591061017519,,
B,primary,advised,38,228,sub38,J-D,landingKneeFlex,3.1015191471307304,0.9824594533439749,,
B,primary,advised,38,228,sub39,J-D,landingKneeFlex,16.518592010357132,3.037529368864754,,
B,primary,advised,38,228,sub41,J-D,landingKneeFlex,4.3386356866546265,1.349619447433237,,
B,primary,advised,38,228,sub42,J-D,landingKneeFlex,0.6017538328025722,0.13126919206143997,,
B,primary,advised,38,228,sub43,J-D,landingKneeFlex,0.10011024145492797,0.016688502015671004,,
B,primary,advised,38,228,sub01,J-D,rsiMod,-0.08785306142495364,-1.3047072600721223,,
B,primary,advised,38,228,sub02,J-D,rsiMod,0.03645289300397214,0.6446974890637318,,
B,primary,advised,38,228,sub03,J-D,rsiMod,-0.06511690041880436,-2.4047730132297844,,
B,primary,advised,38,228,sub04,J-D,rsiMod,-0.0917827903314678,-3.1237826252614225,,
B,primary,advised,38,228,sub06,J-D,rsiMod,-0.05410811932645365,-1.238869783818847,,
B,primary,advised,38,228,sub07,J-D,rsiMod,0.11527126306757418,1.0443518090025394,,
B,primary,advised,38,228,sub08,J-D,rsiMod,-0.10064906652972305,-2.097919551998141,,
B,primary,advised,38,228,sub09,J-D,rsiMod,-0.07731291504452553,-1.9492740983536558,,
B,primary,advised,38,228,sub10,J-D,rsiMod,0.05897658321097443,0.8045157787145109,,
B,primary,advised,38,228,sub11,J-D,rsiMod,-0.06242288995169204,-1.103315799648562,,
B,primary,advised,38,228,sub12,J-D,rsiMod,-0.030322164917452488,-1.3695696799376877,,
B,primary,advised,38,228,sub13,J-D,rsiMod,-0.06197046230158737,-1.4408889144455914,,
B,primary,advised,38,228,sub14,J-D,rsiMod,-0.03691631543698237,-0.6662202284735518,,
B,primary,advised,38,228,sub16,J-D,rsiMod,0.10258529413944595,1.7844303195522049,,
B,primary,advised,38,228,sub17,J-D,rsiMod,-0.056945780935131085,-0.764046055535577,,
B,primary,advised,38,228,sub18,J-D,rsiMod,0.07389051908762256,1.0230043982826573,,
B,primary,advised,38,228,sub19,J-D,rsiMod,0.09443791391923717,1.907289255615293,,
B,primary,advised,38,228,sub20,J-D,rsiMod,-0.035209123419336685,-0.5170959600488517,,
B,primary,advised,38,228,sub21,J-D,rsiMod,0.02705588255215574,0.5125040387523507,,
B,primary,advised,38,228,sub22,J-D,rsiMod,-0.048659263249853923,-1.159304179111113,,
B,primary,advised,38,228,sub23,J-D,rsiMod,-0.07691147328373482,-0.9620001244301843,,
B,primary,advised,38,228,sub24,J-D,rsiMod,-0.03524399028132774,-0.4151295831472288,,
B,primary,advised,38,228,sub25,J-D,rsiMod,0.025489983004978012,0.3674601394134782,,
B,primary,advised,38,228,sub26,J-D,rsiMod,-0.10353431031210647,-1.252455784995722,,
B,primary,advised,38,228,sub27,J-D,rsiMod,-0.04266206585449278,-1.489284030752509,,
B,primary,advised,38,228,sub28,J-D,rsiMod,0.006485789287494992,0.074959150711862,,
B,primary,advised,38,228,sub29,J-D,rsiMod,-0.04146190796813887,-0.7337435492777725,,
B,primary,advised,38,228,sub30,J-D,rsiMod,-0.09200182092318776,-0.7868169360063806,,
B,primary,advised,38,228,sub31,J-D,rsiMod,0.03857615208929133,0.3936176998335048,,
B,primary,advised,38,228,sub33,J-D,rsiMod,-0.1701396199913554,-2.469794292934324,,
B,primary,advised,38,228,sub35,J-D,rsiMod,0.025339768550949104,0.48221090383531656,,
B,primary,advised,38,228,sub36,J-D,rsiMod,0.10052420754121466,0.9578727580411245,,
B,primary,advised,38,228,sub37,J-D,rsiMod,-0.054461529815639675,-0.4520093249812747,,
B,primary,advised,38,228,sub38,J-D,rsiMod,0.015557616702372323,0.18868803803861328,,
B,primary,advised,38,228,sub39,J-D,rsiMod,-0.03574487558468942,-0.26588422672320533,,
B,primary,advised,38,228,sub41,J-D,rsiMod,-0.04412029803786355,-1.4433956294179475,,
B,primary,advised,38,228,sub42,J-D,rsiMod,-0.06565773520646356,-1.4702094014782603,,
B,primary,advised,38,228,sub43,J-D,rsiMod,0.03235795452872703,0.32909066006848386,,
B,primary,advised,38,228,sub01,J-D,eccentricDuration,0.008958136295367736,0.2239534073841934,,
B,primary,advised,38,228,sub02,J-D,eccentricDuration,0.012839232333229311,0.3104451879751573,,
B,primary,advised,38,228,sub03,J-D,eccentricDuration,0.13473318414482582,2.321324260563983,,
B,primary,advised,38,228,sub04,J-D,eccentricDuration,0.3758224591616679,2.8446844476751685,,
B,primary,advised,38,228,sub06,J-D,eccentricDuration,-0.02909575203058734,-0.2507380792520309,,
B,primary,advised,38,228,sub07,J-D,eccentricDuration,-0.1101326592960965,-0.9253723548031995,,
B,primary,advised,38,228,sub08,J-D,eccentricDuration,0.06727685151896184,1.6819212879740462,,
B,primary,advised,38,228,sub09,J-D,eccentricDuration,0.05499530183747148,1.0232951486248403,,
B,primary,advised,38,228,sub10,J-D,eccentricDuration,-0.017284986516559242,-0.4274542556125197,,
B,primary,advised,38,228,sub11,J-D,eccentricDuration,0.05671753810508101,0.9859778562208471,,
B,primary,advised,38,228,sub12,J-D,eccentricDuration,-0.00892642190128512,-0.223160547532128,,
B,primary,advised,38,228,sub13,J-D,eccentricDuration,0.019971147562084512,0.4903633721605469,,
B,primary,advised,38,228,sub14,J-D,eccentricDuration,0.01687017688631276,0.19750036920099287,,
B,primary,advised,38,228,sub16,J-D,eccentricDuration,-0.045080671365882174,-1.1270167841470544,,
B,primary,advised,38,228,sub17,J-D,eccentricDuration,0.054220508109310894,0.5304191206579213,,
B,primary,advised,38,228,sub18,J-D,eccentricDuration,-0.26825953655959023,-0.9534135541446712,,
B,primary,advised,38,228,sub19,J-D,eccentricDuration,-0.5609565511613555,-5.126273235096077,,
B,primary,advised,38,228,sub20,J-D,eccentricDuration,0.03334505372370655,0.8336263430926638,,
B,primary,advised,38,228,sub21,J-D,eccentricDuration,-0.08021435602597826,-0.6597074287438273,,
B,primary,advised,38,228,sub22,J-D,eccentricDuration,0.04151478378636281,0.711369596635599,,
B,primary,advised,38,228,sub23,J-D,eccentricDuration,0.024753026570566383,0.5019937190435949,,
B,primary,advised,38,228,sub24,J-D,eccentricDuration,0.0010701374682923204,0.02675343670730801,,
B,primary,advised,38,228,sub25,J-D,eccentricDuration,-0.01542368852168774,-0.1818485310011967,,
B,primary,advised,38,228,sub26,J-D,eccentricDuration,0.03978140303854005,0.9945350759635013,,
B,primary,advised,38,228,sub27,J-D,eccentricDuration,0.0020621054560474583,0.05155263640118646,,
B,primary,advised,38,228,sub28,J-D,eccentricDuration,-0.007590736642941465,-0.18976841607353662,,
B,primary,advised,38,228,sub29,J-D,eccentricDuration,-0.002452647010911302,-0.06131617527278255,,
B,primary,advised,38,228,sub30,J-D,eccentricDuration,0.035981137291665355,0.5483387208186029,,
B,primary,advised,38,228,sub31,J-D,eccentricDuration,0.0027479206918802346,0.06869801729700586,,
B,primary,advised,38,228,sub33,J-D,eccentricDuration,0.0755533094637123,1.8888327365928075,,
B,primary,advised,38,228,sub35,J-D,eccentricDuration,-0.018331952296110177,-0.31753805936965773,,
B,primary,advised,38,228,sub36,J-D,eccentricDuration,-0.16575100831370165,-0.9884366883998269,,
B,primary,advised,38,228,sub37,J-D,eccentricDuration,0.15578735664754917,1.0358904479719315,,
B,primary,advised,38,228,sub38,J-D,eccentricDuration,-0.03091122627834858,-0.378462497909352,,
B,primary,advised,38,228,sub39,J-D,eccentricDuration,0.026072461784191425,0.39412116041291106,,
B,primary,advised,38,228,sub41,J-D,eccentricDuration,0.005833817198456104,0.1372593850957655,,
B,primary,advised,38,228,sub42,J-D,eccentricDuration,0.022695470214019575,0.5673867553504893,,
B,primary,advised,38,228,sub43,J-D,eccentricDuration,-0.09832848337095756,-1.0422585312394643,,
B,primary,advised,38,228,sub01,J-D,flightTime,-0.022222222222222254,-0.6281604321743828,,
B,primary,advised,38,228,sub02,J-D,flightTime,0.011111111111111072,0.3140802160871884,,
B,primary,advised,38,228,sub03,J-D,flightTime,0,0,,
B,primary,advised,38,228,sub04,J-D,flightTime,0.011111111111111294,0.4901960784313806,,
B,primary,advised,38,228,sub06,J-D,flightTime,0.03333333333333299,1.5151515151514996,,
B,primary,advised,38,228,sub07,J-D,flightTime,0.011111111111111294,0.30827090847437594,,
B,primary,advised,38,228,sub08,J-D,flightTime,0.04444444444444429,2.0202020202020137,,
B,primary,advised,38,228,sub09,J-D,flightTime,-0.0444444444444444,-1.256320864348751,,
B,primary,advised,38,228,sub10,J-D,flightTime,-3.3306690738754696e-16,-1.5612511283791254e-14,,
B,primary,advised,38,228,sub11,J-D,flightTime,-0.011111111111111183,-0.5555555555555591,,
B,primary,advised,38,228,sub12,J-D,flightTime,-0.02222222222222242,-1.111111111111121,,
B,primary,advised,38,228,sub13,J-D,flightTime,-0.022222222222222254,-0.6402253593264855,,
B,primary,advised,38,228,sub14,J-D,flightTime,-0.011111111111111072,-0.3140802160871884,,
B,primary,advised,38,228,sub16,J-D,flightTime,-3.3306690738754696e-16,-1.387778780781446e-14,,
B,primary,advised,38,228,sub17,J-D,flightTime,-0.022222222222222254,-1.0752688172043026,,
B,primary,advised,38,228,sub18,J-D,flightTime,-0.03333333333333344,-0.9080177971488331,,
B,primary,advised,38,228,sub19,J-D,flightTime,-0.011111111111111072,-0.5208333333333316,,
B,primary,advised,38,228,sub20,J-D,flightTime,-0.011111111111111294,-0.2972739974434479,,
B,primary,advised,38,228,sub21,J-D,flightTime,0,0,,
B,primary,advised,38,228,sub22,J-D,flightTime,-0.033333333333333215,-1.5151515151515094,,
B,primary,advised,38,228,sub23,J-D,flightTime,-0.011111111111111072,-0.5050505050505032,,
B,primary,advised,38,228,sub24,J-D,flightTime,0,0,,
B,primary,advised,38,228,sub25,J-D,flightTime,1.1102230246251565e-16,4.898042755699221e-15,,
B,primary,advised,38,228,sub26,J-D,flightTime,0.022222222222222143,0.6821164199600968,,
B,primary,advised,38,228,sub27,J-D,flightTime,-0.03333333333333344,-1.1143920432576173,,
B,primary,advised,38,228,sub28,J-D,flightTime,-0.011111111111111294,-0.3481832554510032,,
B,primary,advised,38,228,sub29,J-D,flightTime,-0.01111111111111096,-0.2870346450816581,,
B,primary,advised,38,228,sub30,J-D,flightTime,-2.220446049250313e-16,-8.764918615461765e-15,,
B,primary,advised,38,228,sub31,J-D,flightTime,0.011111111111111072,0.490196078431371,,
B,primary,advised,38,228,sub33,J-D,flightTime,-0.022222222222222143,-0.9803921568627417,,
B,primary,advised,38,228,sub35,J-D,flightTime,0.022222222222222254,1.1111111111111125,,
B,primary,advised,38,228,sub36,J-D,flightTime,-1.1102230246251565e-16,-5.551115123125783e-15,,
B,primary,advised,38,228,sub37,J-D,flightTime,0.011111111111111072,0.5208333333333316,,
B,primary,advised,38,228,sub38,J-D,flightTime,-0.022222222222222254,-0.742928028838411,,
B,primary,advised,38,228,sub39,J-D,flightTime,0.05555555555555591,1.5133629952480536,,
B,primary,advised,38,228,sub41,J-D,flightTime,-0.011111111111111072,-0.43859649122806865,,
B,primary,advised,38,228,sub42,J-D,flightTime,0,0,,
B,primary,advised,38,228,sub43,J-D,flightTime,-0.04444444444444429,-1.1890959897737732,,
B,primary,advised,38,228,sub01,J-D,concentricDuration,0.03333333333333338,0.8394191219676015,,
B,primary,advised,38,228,sub02,J-D,concentricDuration,-0.033333333333333465,-1.1111111111111156,,
B,primary,advised,38,228,sub03,J-D,concentricDuration,0.04444444444444434,1.481481481481478,,
B,primary,advised,38,228,sub04,J-D,concentricDuration,0.10000000000000009,2.2369481596361735,,
B,primary,advised,38,228,sub06,J-D,concentricDuration,0.2222222222222221,1.4913366930758856,,
B,primary,advised,38,228,sub07,J-D,concentricDuration,-0.022222222222222143,-0.5596127479783982,,
B,primary,advised,38,228,sub08,J-D,concentricDuration,-8.326672684688674e-17,-2.7755575615628914e-15,,
B,primary,advised,38,228,sub09,J-D,concentricDuration,0.03333333333333344,0.8238843303964285,,
B,primary,advised,38,228,sub10,J-D,concentricDuration,-0.02222222222222192,-0.5596127479783973,,
B,primary,advised,38,228,sub11,J-D,concentricDuration,0.022222222222222143,0.6489185691191101,,
B,primary,advised,38,228,sub12,J-D,concentricDuration,0.033333333333333326,1.111111111111111,,
B,primary,advised,38,228,sub13,J-D,concentricDuration,0.06666666666666668,1.9467557073573374,,
B,primary,advised,38,228,sub14,J-D,concentricDuration,0.011111111111110988,0.3703703703703663,,
B,primary,advised,38,228,sub16,J-D,concentricDuration,2.220446049250313e-16,7.401486830834377e-15,,
B,primary,advised,38,228,sub17,J-D,concentricDuration,0.022222222222222282,0.7407407407407428,,
B,primary,advised,38,228,sub18,J-D,concentricDuration,0.0444444444444447,1.1192254959568069,,
B,primary,advised,38,228,sub19,J-D,concentricDuration,0.0666666666666666,0.539592607581276,,
B,primary,advised,38,228,sub20,J-D,concentricDuration,-0.044444444444444425,-1.481481481481481,,
B,primary,advised,38,228,sub21,J-D,concentricDuration,-0.011111111111111072,-0.2214747279138287,,
B,primary,advised,38,228,sub22,J-D,concentricDuration,0.03333333333333344,1.1111111111111147,,
B,primary,advised,38,228,sub23,J-D,concentricDuration,0.011111111111111072,0.3703703703703691,,
B,primary,advised,38,228,sub24,J-D,concentricDuration,0.011111111111111183,0.2527837297892376,,
B,primary,advised,38,228,sub25,J-D,concentricDuration,-0.04444444444444462,-0.6110459613077778,,
B,primary,advised,38,228,sub26,J-D,concentricDuration,0.04444444444444434,1.0985124405285704,,
B,primary,advised,38,228,sub27,J-D,concentricDuration,0.03333333333333355,0.8394191219676057,,
B,primary,advised,38,228,sub28,J-D,concentricDuration,0.022222222222222282,0.7407407407407428,,
B,primary,advised,38,228,sub29,J-D,concentricDuration,0.011111111111111155,0.2798063739892012,,
B,primary,advised,38,228,sub30,J-D,concentricDuration,0.04444444444444434,1.011134919156942,,
B,primary,advised,38,228,sub31,J-D,concentricDuration,-0.011111111111111127,-0.2798063739892005,,
B,primary,advised,38,228,sub33,J-D,concentricDuration,0.044444444444444425,1.1192254959568,,
B,primary,advised,38,228,sub35,J-D,concentricDuration,-0.022222222222222143,-0.6489185691191101,,
B,primary,advised,38,228,sub36,J-D,concentricDuration,-0.055555555555555525,-0.8802620052938102,,
B,primary,advised,38,228,sub37,J-D,concentricDuration,-0.033333333333333354,-0.8238843303964312,,
B,primary,advised,38,228,sub38,J-D,concentricDuration,-0.011111111111111155,-0.32445928455955797,,
B,primary,advised,38,228,sub39,J-D,concentricDuration,0.022222222222222088,0.7407407407407363,,
B,primary,advised,38,228,sub41,J-D,concentricDuration,0.022222222222222254,0.5065758341363032,,
B,primary,advised,38,228,sub42,J-D,concentricDuration,0.011111111111111127,0.3703703703703709,,
B,primary,advised,38,228,sub43,J-D,concentricDuration,-0.011111111111111183,-0.2798063739892019,,
B,primary,advised,38,228,sub01,J-D,asymmetry,-1.5431006245240582,-0.6533404854399443,,
B,primary,advised,38,228,sub02,J-D,asymmetry,1.56084162968079,0.780420814840395,,
B,primary,advised,38,228,sub03,J-D,asymmetry,-1.7279811141522519,-0.8639905570761259,,
B,primary,advised,38,228,sub04,J-D,asymmetry,-1.5108552614992448,-0.7554276307496224,,
B,primary,advised,38,228,sub06,J-D,asymmetry,-1.6222618776991542,-0.8111309388495771,,
B,primary,advised,38,228,sub07,J-D,asymmetry,2.5871789875032043,1.0956960720489448,,
B,primary,advised,38,228,sub08,J-D,asymmetry,1.3234226612826028,0.6617113306413014,,
B,primary,advised,38,228,sub09,J-D,asymmetry,1.212940929647928,0.304751182081072,,
B,primary,advised,38,228,sub10,J-D,asymmetry,0.35928971972368606,0.17964485986184303,,
B,primary,advised,38,228,sub11,J-D,asymmetry,-0.5087291018227136,-0.24929672251657783,,
B,primary,advised,38,228,sub12,J-D,asymmetry,-1.5043085233605398,-0.5383199969074596,,
B,primary,advised,38,228,sub13,J-D,asymmetry,-3.356080699695454,-1.678040349847727,,
B,primary,advised,38,228,sub14,J-D,asymmetry,5.312116511728917,1.9480085548329618,,
B,primary,advised,38,228,sub16,J-D,asymmetry,0.2069599388408303,0.10347996942041515,,
B,primary,advised,38,228,sub17,J-D,asymmetry,0.7938706371335336,0.3138643400435425,,
B,primary,advised,38,228,sub18,J-D,asymmetry,3.034099791503455,1.1549672157606086,,
B,primary,advised,38,228,sub19,J-D,asymmetry,-1.9931358091930154,-0.9838267647568513,,
B,primary,advised,38,228,sub20,J-D,asymmetry,0.4616463062311311,0.1079197246471455,,
B,primary,advised,38,228,sub21,J-D,asymmetry,-1.2618467006293486,-0.4206333615343352,,
B,primary,advised,38,228,sub22,J-D,asymmetry,-3.0448312969336038,-1.4482133954215375,,
B,primary,advised,38,228,sub23,J-D,asymmetry,-1.6220866870199213,-0.6915380305561084,,
B,primary,advised,38,228,sub24,J-D,asymmetry,0.5390745449464256,0.14638082470182628,,
B,primary,advised,38,228,sub25,J-D,asymmetry,1.3874355083918122,0.5533114891095077,,
B,primary,advised,38,228,sub26,J-D,asymmetry,3.072935118125055,1.035670964874162,,
B,primary,advised,38,228,sub27,J-D,asymmetry,2.1337579505442035,0.9554000569387979,,
B,primary,advised,38,228,sub28,J-D,asymmetry,2.817369739949825,0.6111919048638144,,
B,primary,advised,38,228,sub29,J-D,asymmetry,-0.5834356801416666,-0.28588377157864014,,
B,primary,advised,38,228,sub30,J-D,asymmetry,-2.9050119548838182,-1.1683958675021198,,
B,primary,advised,38,228,sub31,J-D,asymmetry,3.4164366306255403,1.2807377775851894,,
B,primary,advised,38,228,sub33,J-D,asymmetry,-0.9371744996338549,-0.2869506372631392,,
B,primary,advised,38,228,sub35,J-D,asymmetry,3.5685880250594737,1.0574943824998924,,
B,primary,advised,38,228,sub36,J-D,asymmetry,-0.6391605576243271,-0.31958027881216355,,
B,primary,advised,38,228,sub37,J-D,asymmetry,-1.2754839168870733,-0.36026879310985194,,
B,primary,advised,38,228,sub38,J-D,asymmetry,0.21619038289880166,0.10809519144940083,,
B,primary,advised,38,228,sub39,J-D,asymmetry,-7.429341766675895,-0.8120678456918623,,
B,primary,advised,38,228,sub41,J-D,asymmetry,-2.933689110930108,-1.466844555465054,,
B,primary,advised,38,228,sub42,J-D,asymmetry,2.74591240820996,0.9473841926532933,,
B,primary,advised,38,228,sub43,J-D,asymmetry,-1.1804813558400777,-0.4821940653405244,,
B,primary,advised,38,228,sub01,J-A,S0,,,14,0.8983274198765879
B,primary,advised,38,228,sub02,J-A,S0,,,5,1.2217563506042894
B,primary,advised,38,228,sub03,J-A,S0,,,1,1.7159168450778017
B,primary,advised,38,228,sub04,J-A,S0,,,2,1.8625289727712835
B,primary,advised,38,228,sub06,J-A,S0,,,2,1.666289630035522
B,primary,advised,38,228,sub07,J-A,S0,,,10,1.0597978256682294
B,primary,advised,38,228,sub08,J-A,S0,,,1,1.8851347170830905
B,primary,advised,38,228,sub09,J-A,S0,,,6,1.5225273829273451
B,primary,advised,38,228,sub10,J-A,S0,,,20,0.7006840981860432
B,primary,advised,38,228,sub11,J-A,S0,,,4,1.3853698918638597
B,primary,advised,38,228,sub12,J-A,S0,,,3,1.1210130022544287
B,primary,advised,38,228,sub13,J-A,S0,,,1,1.6421656993800309
B,primary,advised,38,228,sub14,J-A,S0,,,11,1.0910145319439843
B,primary,advised,38,228,sub16,J-A,S0,,,1,1.3599881349490837
B,primary,advised,38,228,sub17,J-A,S0,,,6,1.4813257558851138
B,primary,advised,38,228,sub18,J-A,S0,,,11,1.1756968480297203
B,primary,advised,38,228,sub19,J-A,S0,,,1,2.115526992839312
B,primary,advised,38,228,sub20,J-A,S0,,,5,1.2985811492016983
B,primary,advised,38,228,sub21,J-A,S0,,,3,2.025888021090817
B,primary,advised,38,228,sub22,J-A,S0,,,4,1.1547674988082897
B,primary,advised,38,228,sub23,J-A,S0,,,14,0.8708290143408853
B,primary,advised,38,228,sub24,J-A,S0,,,11,1.0109288178906426
B,primary,advised,38,228,sub25,J-A,S0,,,19,0.8345574577322544
B,primary,advised,38,228,sub26,J-A,S0,,,1,2.4461884332634085
B,primary,advised,38,228,sub27,J-A,S0,,,1,1.621997499794558
B,primary,advised,38,228,sub28,J-A,S0,,,12,0.9150872486675521
B,primary,advised,38,228,sub29,J-A,S0,,,18,0.6632225077488457
B,primary,advised,38,228,sub30,J-A,S0,,,7,1.3707740495551797
B,primary,advised,38,228,sub31,J-A,S0,,,16,0.8426790275402233
B,primary,advised,38,228,sub33,J-A,S0,,,3,1.615719613692841
B,primary,advised,38,228,sub35,J-A,S0,,,15,1.0581079874337547
B,primary,advised,38,228,sub36,J-A,S0,,,16,0.7395841545036491
B,primary,advised,38,228,sub37,J-A,S0,,,13,1.160024277933134
B,primary,advised,38,228,sub38,J-A,S0,,,15,0.8407453166215509
B,primary,advised,38,228,sub39,J-A,S0,,,2,2.142630585746298
B,primary,advised,38,228,sub41,J-A,S0,,,2,1.364661863832661
B,primary,advised,38,228,sub42,J-A,S0,,,3,1.1705696780541681
B,primary,advised,38,228,sub43,J-A,S0,,,8,1.4415365984403696
B,primary,advised,38,228,sub01,J-A,S-P2,,,13,0.9240732793016866
B,primary,advised,38,228,sub02,J-A,S-P2,,,6,1.1882142226721977
B,primary,advised,38,228,sub03,J-A,S-P2,,,1,1.7531150818884222
B,primary,advised,38,228,sub04,J-A,S-P2,,,2,1.942501908209102
B,primary,advised,38,228,sub06,J-A,S-P2,,,2,1.6707690874016465
B,primary,advised,38,228,sub07,J-A,S-P2,,,10,1.0321834821247078
B,primary,advised,38,228,sub08,J-A,S-P2,,,1,1.8520258042501723
B,primary,advised,38,228,sub09,J-A,S-P2,,,6,1.5608305750539004
B,primary,advised,38,228,sub10,J-A,S-P2,,,20,0.6925717942563202
B,primary,advised,38,228,sub11,J-A,S-P2,,,6,1.410091154947071
B,primary,advised,38,228,sub12,J-A,S-P2,,,4,1.0879176500518446
B,primary,advised,38,228,sub13,J-A,S-P2,,,1,1.7062586447973127
B,primary,advised,38,228,sub14,J-A,S-P2,,,11,1.0678822670805908
B,primary,advised,38,228,sub16,J-A,S-P2,,,1,1.4183830619018991
B,primary,advised,38,228,sub17,J-A,S-P2,,,6,1.4692205592502952
B,primary,advised,38,228,sub18,J-A,S-P2,,,12,1.1303613828912764
B,primary,advised,38,228,sub19,J-A,S-P2,,,1,2.206363111948679
B,primary,advised,38,228,sub20,J-A,S-P2,,,5,1.3123860383016133
B,primary,advised,38,228,sub21,J-A,S-P2,,,3,2.104931588926157
B,primary,advised,38,228,sub22,J-A,S-P2,,,3,1.1303035039234093
B,primary,advised,38,228,sub23,J-A,S-P2,,,14,0.8504231639333614
B,primary,advised,38,228,sub24,J-A,S-P2,,,10,1.0351582704458462
B,primary,advised,38,228,sub25,J-A,S-P2,,,17,0.832189141897091
B,primary,advised,38,228,sub26,J-A,S-P2,,,1,2.5231959156069883
B,primary,advised,38,228,sub27,J-A,S-P2,,,1,1.6850062368400474
B,primary,advised,38,228,sub28,J-A,S-P2,,,12,0.9388187880307869
B,primary,advised,38,228,sub29,J-A,S-P2,,,16,0.68178698672885
B,primary,advised,38,228,sub30,J-A,S-P2,,,7,1.4170314391260461
B,primary,advised,38,228,sub31,J-A,S-P2,,,16,0.8483549352899056
B,primary,advised,38,228,sub33,J-A,S-P2,,,3,1.6690303929880201
B,primary,advised,38,228,sub35,J-A,S-P2,,,15,1.0681587522174967
B,primary,advised,38,228,sub36,J-A,S-P2,,,14,0.7166984947189888
B,primary,advised,38,228,sub37,J-A,S-P2,,,13,1.2098331926086539
B,primary,advised,38,228,sub38,J-A,S-P2,,,15,0.7640935117893667
B,primary,advised,38,228,sub39,J-A,S-P2,,,4,2.071697100760286
B,primary,advised,38,228,sub41,J-A,S-P2,,,2,1.401426269967959
B,primary,advised,38,228,sub42,J-A,S-P2,,,3,1.2009446516227487
B,primary,advised,38,228,sub43,J-A,S-P2,,,9,1.416678540895595
B,primary,advised,38,228,sub01,J-A,S-P3,,,14,0.8827864895332085
B,primary,advised,38,228,sub02,J-A,S-P3,,,5,1.2576102080059106
B,primary,advised,38,228,sub03,J-A,S-P3,,,1,1.7749017321600664
B,primary,advised,38,228,sub04,J-A,S-P3,,,2,1.9126148160669736
B,primary,advised,38,228,sub06,J-A,S-P3,,,2,1.7145012781719908
B,primary,advised,38,228,sub07,J-A,S-P3,,,10,1.0382568933598524
B,primary,advised,38,228,sub08,J-A,S-P3,,,1,1.9232076473012854
B,primary,advised,38,228,sub09,J-A,S-P3,,,5,1.544019203813073
B,primary,advised,38,228,sub10,J-A,S-P3,,,20,0.7250123646842659
B,primary,advised,38,228,sub11,J-A,S-P3,,,4,1.4147653942056284
B,primary,advised,38,228,sub12,J-A,S-P3,,,6,1.0401544523295536
B,primary,advised,38,228,sub13,J-A,S-P3,,,1,1.6008915487239237
B,primary,advised,38,228,sub14,J-A,S-P3,,,15,0.9685574703037565
B,primary,advised,38,228,sub16,J-A,S-P3,,,1,1.404478561588556
B,primary,advised,38,228,sub17,J-A,S-P3,,,6,1.4798565932927072
B,primary,advised,38,228,sub18,J-A,S-P3,,,11,1.2010162266627988
B,primary,advised,38,228,sub19,J-A,S-P3,,,1,2.1522712529757135
B,primary,advised,38,228,sub20,J-A,S-P3,,,4,1.3380720929088203
B,primary,advised,38,228,sub21,J-A,S-P3,,,3,2.0996724091472654
B,primary,advised,38,228,sub22,J-A,S-P3,,,4,1.1526141254938331
B,primary,advised,38,228,sub23,J-A,S-P3,,,12,0.8043957436465877
B,primary,advised,38,228,sub24,J-A,S-P3,,,8,1.0441997230652993
B,primary,advised,38,228,sub25,J-A,S-P3,,,18,0.8492320950025416
B,primary,advised,38,228,sub26,J-A,S-P3,,,1,2.428730780132332
B,primary,advised,38,228,sub27,J-A,S-P3,,,2,1.6517833789771543
B,primary,advised,38,228,sub28,J-A,S-P3,,,13,0.9191747546293314
B,primary,advised,38,228,sub29,J-A,S-P3,,,16,0.6851862062178657
B,primary,advised,38,228,sub30,J-A,S-P3,,,8,1.3455497925805862
B,primary,advised,38,228,sub31,J-A,S-P3,,,17,0.7435392798441258
B,primary,advised,38,228,sub33,J-A,S-P3,,,2,1.6638120581224063
B,primary,advised,38,228,sub35,J-A,S-P3,,,20,0.7943181269910795
B,primary,advised,38,228,sub36,J-A,S-P3,,,16,0.7670635119367694
B,primary,advised,38,228,sub37,J-A,S-P3,,,12,1.2000828569013262
B,primary,advised,38,228,sub38,J-A,S-P3,,,14,0.8500909828964409
B,primary,advised,38,228,sub39,J-A,S-P3,,,2,2.2241245666097984
B,primary,advised,38,228,sub41,J-A,S-P3,,,2,1.3577389517486924
B,primary,advised,38,228,sub42,J-A,S-P3,,,6,1.1143770221991962
B,primary,advised,38,228,sub43,J-A,S-P3,,,8,1.46223764625228
B,primary,advised,38,228,sub01,J-A,S-P2P3,,,12,0.9099334328829757
B,primary,advised,38,228,sub02,J-A,S-P2P3,,,5,1.2246204944552648
B,primary,advised,38,228,sub03,J-A,S-P2P3,,,1,1.8188865962321585
B,primary,advised,38,228,sub04,J-A,S-P2P3,,,2,2.0016207123311562
B,primary,advised,38,228,sub06,J-A,S-P2P3,,,2,1.7236046784067345
B,primary,advised,38,228,sub07,J-A,S-P2P3,,,10,1.0096594087202237
B,primary,advised,38,228,sub08,J-A,S-P2P3,,,1,1.8915360758341881
B,primary,advised,38,228,sub09,J-A,S-P2P3,,,5,1.5870873343503604
B,primary,advised,38,228,sub10,J-A,S-P2P3,,,20,0.7189171568542938
B,primary,advised,38,228,sub11,J-A,S-P2P3,,,5,1.444330363639126
B,primary,advised,38,228,sub12,J-A,S-P2P3,,,8,1.0038900282907142
B,primary,advised,38,228,sub13,J-A,S-P2P3,,,1,1.668438919032383
B,primary,advised,38,228,sub14,J-A,S-P2P3,,,14,0.9280849871653665
B,primary,advised,38,228,sub16,J-A,S-P2P3,,,1,1.4698377087142056
B,primary,advised,38,228,sub17,J-A,S-P2P3,,,7,1.46430782600386
B,primary,advised,38,228,sub18,J-A,S-P2P3,,,12,1.155315379314591
B,primary,advised,38,228,sub19,J-A,S-P2P3,,,1,2.2524298579731714
B,primary,advised,38,228,sub20,J-A,S-P2P3,,,4,1.3560273735887876
B,primary,advised,38,228,sub21,J-A,S-P2P3,,,2,2.189104718517174
B,primary,advised,38,228,sub22,J-A,S-P2P3,,,4,1.124175209856317
B,primary,advised,38,228,sub23,J-A,S-P2P3,,,12,0.7796922618985614
B,primary,advised,38,228,sub24,J-A,S-P2P3,,,8,1.0728047592894383
B,primary,advised,38,228,sub25,J-A,S-P2P3,,,15,0.8487752975371791
B,primary,advised,38,228,sub26,J-A,S-P2P3,,,1,2.509900002625368
B,primary,advised,38,228,sub27,J-A,S-P2P3,,,1,1.7217185191877717
B,primary,advised,38,228,sub28,J-A,S-P2P3,,,12,0.9452170661157261
B,primary,advised,38,228,sub29,J-A,S-P2P3,,,13,0.706743228164775
B,primary,advised,38,228,sub30,J-A,S-P2P3,,,8,1.3944276692920134
B,primary,advised,38,228,sub31,J-A,S-P2P3,,,18,0.7432365718602169
B,primary,advised,38,228,sub33,J-A,S-P2P3,,,2,1.724282540393397
B,primary,advised,38,228,sub35,J-A,S-P2P3,,,20,0.7943941633374706
B,primary,advised,38,228,sub36,J-A,S-P2P3,,,13,0.7456316515059126
B,primary,advised,38,228,sub37,J-A,S-P2P3,,,12,1.2559301970831995
B,primary,advised,38,228,sub38,J-A,S-P2P3,,,14,0.772148557827963
B,primary,advised,38,228,sub39,J-A,S-P2P3,,,2,2.1577914360637274
B,primary,advised,38,228,sub41,J-A,S-P2P3,,,2,1.3970771202647148
B,primary,advised,38,228,sub42,J-A,S-P2P3,,,4,1.1394286708736383
B,primary,advised,38,228,sub43,J-A,S-P2P3,,,8,1.4392500286882608
B,primary,advised,38,228,sub01,J-A,S-valid,,,12,0.9277028356059541
B,primary,advised,38,228,sub02,J-A,S-valid,,,6,1.1910586596613786
B,primary,advised,38,228,sub03,J-A,S-valid,,,1,1.8091618898729847
B,primary,advised,38,228,sub04,J-A,S-valid,,,2,2.0201262181817885
B,primary,advised,38,228,sub06,J-A,S-valid,,,8,1.2973342291222383
B,primary,advised,38,228,sub07,J-A,S-valid,,,11,0.9607009502121752
B,primary,advised,38,228,sub08,J-A,S-valid,,,1,1.9886001853965702
B,primary,advised,38,228,sub09,J-A,S-valid,,,5,1.6404952819320744
B,primary,advised,38,228,sub10,J-A,S-valid,,,20,0.7353966657470719
B,primary,advised,38,228,sub11,J-A,S-valid,,,6,1.4703535834298345
B,primary,advised,38,228,sub12,J-A,S-valid,,,7,1.0096820671162734
B,primary,advised,38,228,sub13,J-A,S-valid,,,2,1.5355484576251346
B,primary,advised,38,228,sub14,J-A,S-valid,,,15,0.9498588481826019
B,primary,advised,38,228,sub16,J-A,S-valid,,,1,1.5281257850552266
B,primary,advised,38,228,sub17,J-A,S-valid,,,7,1.4916341185383237
B,primary,advised,38,228,sub18,J-A,S-valid,,,12,1.1689108086819264
B,primary,advised,38,228,sub19,J-A,S-valid,,,1,2.357108239037644
B,primary,advised,38,228,sub20,J-A,S-valid,,,5,1.3225375647769133
B,primary,advised,38,228,sub21,J-A,S-valid,,,1,2.2848404886082463
B,primary,advised,38,228,sub22,J-A,S-valid,,,6,1.0372810378509334
B,primary,advised,38,228,sub23,J-A,S-valid,,,12,0.7988597286139013
B,primary,advised,38,228,sub24,J-A,S-valid,,,8,1.075425509151607
B,primary,advised,38,228,sub25,J-A,S-valid,,,13,0.8885484199490877
B,primary,advised,38,228,sub26,J-A,S-valid,,,1,2.5433371643124993
B,primary,advised,38,228,sub27,J-A,S-valid,,,1,1.750042589680242
B,primary,advised,38,228,sub28,J-A,S-valid,,,11,0.9510251160717896
B,primary,advised,38,228,sub29,J-A,S-valid,,,9,0.7316345800498999
B,primary,advised,38,228,sub30,J-A,S-valid,,,10,1.353336532287481
B,primary,advised,38,228,sub31,J-A,S-valid,,,18,0.7731178324210292
B,primary,advised,38,228,sub33,J-A,S-valid,,,2,1.7645340507587257
B,primary,advised,38,228,sub35,J-A,S-valid,,,20,0.6861062168935653
B,primary,advised,38,228,sub36,J-A,S-valid,,,13,0.7838937144079018
B,primary,advised,38,228,sub37,J-A,S-valid,,,12,1.2888642187565322
B,primary,advised,38,228,sub38,J-A,S-valid,,,14,0.8006671228458035
B,primary,advised,38,228,sub39,J-A,S-valid,,,2,2.2611062864944436
B,primary,advised,38,228,sub41,J-A,S-valid,,,2,1.3364269510824123
B,primary,advised,38,228,sub42,J-A,S-valid,,,2,1.1978984144651919
B,primary,advised,38,228,sub43,J-A,S-valid,,,8,1.4868843875560545
B,primary,advised,38,228,sub01,J-B,S0,-0.07461155168674538,,16,
B,primary,advised,38,228,sub02,J-B,S0,-0.11086771021436836,,18,
B,primary,advised,38,228,sub03,J-B,S0,0.11323470827026472,,3,
B,primary,advised,38,228,sub04,J-B,S0,0.612901462882719,,1,
B,primary,advised,38,228,sub06,J-B,S0,0.5589629726572926,,2,
B,primary,advised,38,228,sub07,J-B,S0,0.06108094192138103,,5,
B,primary,advised,38,228,sub08,J-B,S0,-0.12851665784932897,,20,
B,primary,advised,38,228,sub09,J-B,S0,0.02023423312014594,,8,
B,primary,advised,38,228,sub10,J-B,S0,-0.026166183101366314,,17,
B,primary,advised,38,228,sub11,J-B,S0,0.03488742212108542,,4,
B,primary,advised,38,228,sub12,J-B,S0,0.18743494389525572,,1,
B,primary,advised,38,228,sub13,J-B,S0,0.14029924003066374,,2,
B,primary,advised,38,228,sub14,J-B,S0,0.021932846817036777,,9,
B,primary,advised,38,228,sub16,J-B,S0,0.13102382359085551,,2,
B,primary,advised,38,228,sub17,J-B,S0,0.11248799619180405,,2,
B,primary,advised,38,228,sub18,J-B,S0,-0.23150500349775727,,17,
B,primary,advised,38,228,sub19,J-B,S0,-0.6575281587466261,,20,
B,primary,advised,38,228,sub20,J-B,S0,-0.07099949745402379,,13,
B,primary,advised,38,228,sub21,J-B,S0,-0.13982935514741235,,15,
B,primary,advised,38,228,sub22,J-B,S0,0.009605517758442206,,8,
B,primary,advised,38,228,sub23,J-B,S0,-0.19465551172653495,,19,
B,primary,advised,38,228,sub24,J-B,S0,0.04905068862747031,,2,
B,primary,advised,38,228,sub25,J-B,S0,-0.06846059125346482,,16,
B,primary,advised,38,228,sub26,J-B,S0,0.1109881008491802,,6,
B,primary,advised,38,228,sub27,J-B,S0,0.041371771928715106,,4,
B,primary,advised,38,228,sub28,J-B,S0,0.0907218720212708,,5,
B,primary,advised,38,228,sub29,J-B,S0,-0.21915953900649954,,20,
B,primary,advised,38,228,sub30,J-B,S0,0.20501411374157874,,1,
B,primary,advised,38,228,sub31,J-B,S0,0.03220541111644071,,7,
B,primary,advised,38,228,sub33,J-B,S0,-0.1320831861225904,,19,
B,primary,advised,38,228,sub35,J-B,S0,-0.08877115120132884,,18,
B,primary,advised,38,228,sub36,J-B,S0,-0.08124754076601037,,14,
B,primary,advised,38,228,sub37,J-B,S0,-0.07303375270765733,,14,
B,primary,advised,38,228,sub38,J-B,S0,0.04148993417518365,,9,
B,primary,advised,38,228,sub39,J-B,S0,-0.1307988150302789,,13,
B,primary,advised,38,228,sub41,J-B,S0,0.06631724379933579,,9,
B,primary,advised,38,228,sub42,J-B,S0,-0.05448446003667806,,15,
B,primary,advised,38,228,sub43,J-B,S0,-0.2665918110664808,,20,
B,primary,advised,38,228,sub01,J-B,S-P2,-0.07941036418105807,,16,
B,primary,advised,38,228,sub02,J-B,S-P2,-0.11224295771392923,,18,
B,primary,advised,38,228,sub03,J-B,S-P2,0.1293461001192564,,4,
B,primary,advised,38,228,sub04,J-B,S-P2,0.6422537183787376,,1,
B,primary,advised,38,228,sub06,J-B,S-P2,0.6021901318444636,,1,
B,primary,advised,38,228,sub07,J-B,S-P2,0.05868388701537108,,7,
B,primary,advised,38,228,sub08,J-B,S-P2,-0.12314206777975845,,20,
B,primary,advised,38,228,sub09,J-B,S-P2,0.002763895584256826,,10,
B,primary,advised,38,228,sub10,J-B,S-P2,-0.027455574290812468,,16,
B,primary,advised,38,228,sub11,J-B,S-P2,0.0030376831519978165,,9,
B,primary,advised,38,228,sub12,J-B,S-P2,0.15376886788045763,,1,
B,primary,advised,38,228,sub13,J-B,S-P2,0.1235908028402738,,1,
B,primary,advised,38,228,sub14,J-B,S-P2,-0.00393245580066981,,11,
B,primary,advised,38,228,sub16,J-B,S-P2,0.14106971860746353,,2,
B,primary,advised,38,228,sub17,J-B,S-P2,0.07643326221332725,,4,
B,primary,advised,38,228,sub18,J-B,S-P2,-0.23959898965751392,,17,
B,primary,advised,38,228,sub19,J-B,S-P2,-0.6955027118252484,,20,
B,primary,advised,38,228,sub20,J-B,S-P2,-0.06643665439116231,,13,
B,primary,advised,38,228,sub21,J-B,S-P2,-0.1477186396735144,,15,
B,primary,advised,38,228,sub22,J-B,S-P2,-0.0016591988581015626,,12,
B,primary,advised,38,228,sub23,J-B,S-P2,-0.2159249897898019,,19,
B,primary,advised,38,228,sub24,J-B,S-P2,0.053654912229120444,,4,
B,primary,advised,38,228,sub25,J-B,S-P2,-0.07304735188454892,,16,
B,primary,advised,38,228,sub26,J-B,S-P2,0.06757415043012238,,7,
B,primary,advised,38,228,sub27,J-B,S-P2,0.02191081632975056,,7,
B,primary,advised,38,228,sub28,J-B,S-P2,0.13348730084976457,,4,
B,primary,advised,38,228,sub29,J-B,S-P2,-0.2215077489618127,,20,
B,primary,advised,38,228,sub30,J-B,S-P2,0.2215464720416439,,1,
B,primary,advised,38,228,sub31,J-B,S-P2,0.029981612989457007,,7,
B,primary,advised,38,228,sub33,J-B,S-P2,-0.13623298915975524,,19,
B,primary,advised,38,228,sub35,J-B,S-P2,-0.05739748603036421,,17,
B,primary,advised,38,228,sub36,J-B,S-P2,-0.08073772496338749,,12,
B,primary,advised,38,228,sub37,J-B,S-P2,-0.05753521591558097,,13,
B,primary,advised,38,228,sub38,J-B,S-P2,-0.013237725796220623,,13,
B,primary,advised,38,228,sub39,J-B,S-P2,-0.2598882516726031,,16,
B,primary,advised,38,228,sub41,J-B,S-P2,0.08886245415429528,,6,
B,primary,advised,38,228,sub42,J-B,S-P2,-0.05981195495663849,,16,
B,primary,advised,38,228,sub43,J-B,S-P2,-0.20558795368166088,,20,
B,primary,advised,38,228,sub01,J-B,S-P3,-0.059639775755887636,,13,
B,primary,advised,38,228,sub02,J-B,S-P3,-0.1227151088376982,,18,
B,primary,advised,38,228,sub03,J-B,S-P3,0.1347754256121827,,3,
B,primary,advised,38,228,sub04,J-B,S-P3,0.6533801387631115,,1,
B,primary,advised,38,228,sub06,J-B,S-P3,0.5919166205099693,,1,
B,primary,advised,38,228,sub07,J-B,S-P3,0.03226097725541177,,9,
B,primary,advised,38,228,sub08,J-B,S-P3,-0.20562635242510263,,20,
B,primary,advised,38,228,sub09,J-B,S-P3,0.022910125105293666,,9,
B,primary,advised,38,228,sub10,J-B,S-P3,-0.018232700579564276,,14,
B,primary,advised,38,228,sub11,J-B,S-P3,0.029387957854469127,,4,
B,primary,advised,38,228,sub12,J-B,S-P3,0.18065471755154427,,2,
B,primary,advised,38,228,sub13,J-B,S-P3,0.10659734478562144,,2,
B,primary,advised,38,228,sub14,J-B,S-P3,0.09815291689088024,,3,
B,primary,advised,38,228,sub16,J-B,S-P3,0.1397956253550845,,2,
B,primary,advised,38,228,sub17,J-B,S-P3,0.09515613321410382,,3,
B,primary,advised,38,228,sub18,J-B,S-P3,-0.26336809224576685,,17,
B,primary,advised,38,228,sub19,J-B,S-P3,-0.6932043339596872,,20,
B,primary,advised,38,228,sub20,J-B,S-P3,-0.06868180316433414,,14,
B,primary,advised,38,228,sub21,J-B,S-P3,-0.15568255409273157,,15,
B,primary,advised,38,228,sub22,J-B,S-P3,-0.022987663794244717,,15,
B,primary,advised,38,228,sub23,J-B,S-P3,-0.1842039172325356,,19,
B,primary,advised,38,228,sub24,J-B,S-P3,0.061834989804160356,,3,
B,primary,advised,38,228,sub25,J-B,S-P3,-0.07075120335246343,,14,
B,primary,advised,38,228,sub26,J-B,S-P3,0.12103340258597806,,6,
B,primary,advised,38,228,sub27,J-B,S-P3,0.06233419183599709,,4,
B,primary,advised,38,228,sub28,J-B,S-P3,0.06747823713757217,,7,
B,primary,advised,38,228,sub29,J-B,S-P3,-0.2367010996852461,,20,
B,primary,advised,38,228,sub30,J-B,S-P3,0.18850509756991995,,1,
B,primary,advised,38,228,sub31,J-B,S-P3,-0.02756147888786531,,13,
B,primary,advised,38,228,sub33,J-B,S-P3,-0.12286125150830224,,19,
B,primary,advised,38,228,sub35,J-B,S-P3,-0.08920074389476662,,17,
B,primary,advised,38,228,sub36,J-B,S-P3,-0.10756525487767943,,16,
B,primary,advised,38,228,sub37,J-B,S-P3,-0.07964751733985187,,15,
B,primary,advised,38,228,sub38,J-B,S-P3,0.038842164384451094,,9,
B,primary,advised,38,228,sub39,J-B,S-P3,0.12608609640945723,,4,
B,primary,advised,38,228,sub41,J-B,S-P3,0.03668693153810709,,10,
B,primary,advised,38,228,sub42,J-B,S-P3,-0.034792380978959425,,12,
B,primary,advised,38,228,sub43,J-B,S-P3,-0.28228638458934996,,20,
B,primary,advised,38,228,sub01,J-B,S-P2P3,-0.06420654090579936,,14,
B,primary,advised,38,228,sub02,J-B,S-P2P3,-0.1251214635472334,,18,
B,primary,advised,38,228,sub03,J-B,S-P2P3,0.15381208358849485,,3,
B,primary,advised,38,228,sub04,J-B,S-P2P3,0.6870084601014255,,1,
B,primary,advised,38,228,sub06,J-B,S-P2P3,0.6397571886476413,,1,
B,primary,advised,38,228,sub07,J-B,S-P2P3,0.028426664341597463,,10,
B,primary,advised,38,228,sub08,J-B,S-P2P3,-0.20337821484112673,,20,
B,primary,advised,38,228,sub09,J-B,S-P2P3,0.003625607597041558,,10,
B,primary,advised,38,228,sub10,J-B,S-P2P3,-0.01888439040638712,,14,
B,primary,advised,38,228,sub11,J-B,S-P2P3,-0.005266326974280755,,11,
B,primary,advised,38,228,sub12,J-B,S-P2P3,0.14367819147922345,,2,
B,primary,advised,38,228,sub13,J-B,S-P2P3,0.08374976246137877,,1,
B,primary,advised,38,228,sub14,J-B,S-P2P3,0.07814267672492015,,4,
B,primary,advised,38,228,sub16,J-B,S-P2P3,0.1510645038038947,,2,
B,primary,advised,38,228,sub17,J-B,S-P2P3,0.040040080662771205,,8,
B,primary,advised,38,228,sub18,J-B,S-P2P3,-0.27379612525690744,,17,
B,primary,advised,38,228,sub19,J-B,S-P2P3,-0.7372890007206959,,20,
B,primary,advised,38,228,sub20,J-B,S-P2P3,-0.06111122372163624,,14,
B,primary,advised,38,228,sub21,J-B,S-P2P3,-0.16492255688772484,,15,
B,primary,advised,38,228,sub22,J-B,S-P2P3,-0.03903100321091085,,16,
B,primary,advised,38,228,sub23,J-B,S-P2P3,-0.20814125453049692,,19,
B,primary,advised,38,228,sub24,J-B,S-P2P3,0.06794238172977463,,3,
B,primary,advised,38,228,sub25,J-B,S-P2P3,-0.0757938502477653,,14,
B,primary,advised,38,228,sub26,J-B,S-P2P3,0.07641583862195,,7,
B,primary,advised,38,228,sub27,J-B,S-P2P3,0.04372912452089539,,5,
B,primary,advised,38,228,sub28,J-B,S-P2P3,0.10823139876677956,,6,
B,primary,advised,38,228,sub29,J-B,S-P2P3,-0.24132071800606703,,20,
B,primary,advised,38,228,sub30,J-B,S-P2P3,0.2048924198812937,,1,
B,primary,advised,38,228,sub31,J-B,S-P2P3,-0.032886695640221175,,13,
B,primary,advised,38,228,sub33,J-B,S-P2P3,-0.13365369686356043,,19,
B,primary,advised,38,228,sub35,J-B,S-P2P3,-0.05530761016629526,,16,
B,primary,advised,38,228,sub36,J-B,S-P2P3,-0.10856837126088636,,15,
B,primary,advised,38,228,sub37,J-B,S-P2P3,-0.06397105562918348,,13,
B,primary,advised,38,228,sub38,J-B,S-P2P3,-0.020302750861954877,,12,
B,primary,advised,38,228,sub39,J-B,S-P2P3,0.0033184220061877046,,10,
B,primary,advised,38,228,sub41,J-B,S-P2P3,0.058071456228468765,,10,
B,primary,advised,38,228,sub42,J-B,S-P2P3,-0.03927819687126899,,12,
B,primary,advised,38,228,sub43,J-B,S-P2P3,-0.22097564868238406,,20,
B,primary,advised,38,228,sub01,J-B,S-valid,-0.03205182933176709,,12,
B,primary,advised,38,228,sub02,J-B,S-valid,-0.14576491563106142,,18,
B,primary,advised,38,228,sub03,J-B,S-valid,0.16211939609245785,,3,
B,primary,advised,38,228,sub04,J-B,S-valid,0.5436112422890611,,1,
B,primary,advised,38,228,sub06,J-B,S-valid,0.04976108971359905,,8,
B,primary,advised,38,228,sub07,J-B,S-valid,-0.015055601912935757,,13,
B,primary,advised,38,228,sub08,J-B,S-valid,-0.2318141269975269,,20,
B,primary,advised,38,228,sub09,J-B,S-valid,-0.05970801218269428,,15,
B,primary,advised,38,228,sub10,J-B,S-valid,-0.04377108856281664,,17,
B,primary,advised,38,228,sub11,J-B,S-valid,-0.032517363492280404,,18,
B,primary,advised,38,228,sub12,J-B,S-valid,0.0885778997567811,,3,
B,primary,advised,38,228,sub13,J-B,S-valid,0.060699240951962,,5,
B,primary,advised,38,228,sub14,J-B,S-valid,0.09022920527611555,,4,
B,primary,advised,38,228,sub16,J-B,S-valid,0.16660224052732897,,2,
B,primary,advised,38,228,sub17,J-B,S-valid,0.05406669752273108,,7,
B,primary,advised,38,228,sub18,J-B,S-valid,-0.27763278834249516,,16,
B,primary,advised,38,228,sub19,J-B,S-valid,-0.8889206350813578,,20,
B,primary,advised,38,228,sub20,J-B,S-valid,-0.07776121046965367,,15,
B,primary,advised,38,228,sub21,J-B,S-valid,-0.17649335897158336,,17,
B,primary,advised,38,228,sub22,J-B,S-valid,-0.07794636967364293,,18,
B,primary,advised,38,228,sub23,J-B,S-valid,-0.2183399253232302,,19,
B,primary,advised,38,228,sub24,J-B,S-valid,0.06500523377052314,,2,
B,primary,advised,38,228,sub25,J-B,S-valid,0.020207678449637445,,7,
B,primary,advised,38,228,sub26,J-B,S-valid,0.0706747770709466,,8,
B,primary,advised,38,228,sub27,J-B,S-valid,-0.00497642488183847,,12,
B,primary,advised,38,228,sub28,J-B,S-valid,0.13106443219122688,,6,
B,primary,advised,38,228,sub29,J-B,S-valid,-0.24917755822913734,,20,
B,primary,advised,38,228,sub30,J-B,S-valid,0.1920955375623562,,2,
B,primary,advised,38,228,sub31,J-B,S-valid,-0.04211939594384795,,15,
B,primary,advised,38,228,sub33,J-B,S-valid,-0.12334341175811686,,19,
B,primary,advised,38,228,sub35,J-B,S-valid,-0.0418536066745292,,15,
B,primary,advised,38,228,sub36,J-B,S-valid,-0.06936127249423063,,15,
B,primary,advised,38,228,sub37,J-B,S-valid,-0.06778459118621849,,13,
B,primary,advised,38,228,sub38,J-B,S-valid,-0.017241366615650233,,12,
B,primary,advised,38,228,sub39,J-B,S-valid,0.0024215297804300873,,10,
B,primary,advised,38,228,sub41,J-B,S-valid,0.02137997794582036,,10,
B,primary,advised,38,228,sub42,J-B,S-valid,-0.0509397283005848,,14,
B,primary,advised,38,228,sub43,J-B,S-valid,-0.24108707404183638,,20,
B,same_participants,advised,30,180,sub01,J-D,jumpHeight,-0.0036644775007147468,-0.1510148299601533,,
B,same_participants,advised,30,180,sub03,J-D,jumpHeight,0.0031904779860081334,0.19710199276563184,,
B,same_participants,advised,30,180,sub04,J-D,jumpHeight,-0.006933536897093029,-0.3181345585901117,,
B,same_participants,advised,30,180,sub06,J-D,jumpHeight,-0.0022435088059648,-0.09415745815633612,,
B,same_participants,advised,30,180,sub07,J-D,jumpHeight,0.0022282548288066195,0.08909818645050258,,
B,same_participants,advised,30,180,sub08,J-D,jumpHeight,-0.005402033204656875,-0.2668236678066784,,
B,same_participants,advised,30,180,sub09,J-D,jumpHeight,-0.037553121066233874,-2.044202769794653,,
B,same_participants,advised,30,180,sub10,J-D,jumpHeight,0.009216447559349528,0.4644309115615158,,
B,same_participants,advised,30,180,sub11,J-D,jumpHeight,-0.015471829306193674,-0.7549943373116134,,
B,same_participants,advised,30,180,sub12,J-D,jumpHeight,-0.020823487537538155,-1.2475157128055114,,
B,same_participants,advised,30,180,sub13,J-D,jumpHeight,-0.0009837813393126504,-0.0536548533400017,,
B,same_participants,advised,30,180,sub14,J-D,jumpHeight,-0.01359536538583983,-0.6123466628896997,,
B,same_participants,advised,30,180,sub17,J-D,jumpHeight,-0.01484409959943217,-0.5863098006575952,,
B,same_participants,advised,30,180,sub18,J-D,jumpHeight,-0.006454689082261211,-0.19843491602202654,,
B,same_participants,advised,30,180,sub19,J-D,jumpHeight,-0.020374025248250882,-0.9691432642795696,,
B,same_participants,advised,30,180,sub21,J-D,jumpHeight,-0.012947659598234074,-0.4886948296699072,,
B,same_participants,advised,30,180,sub22,J-D,jumpHeight,0.006681748312736657,0.30718610320652034,,
B,same_participants,advised,30,180,sub23,J-D,jumpHeight,-0.015665022304359066,-0.6698442270150097,,
B,same_participants,advised,30,180,sub24,J-D,jumpHeight,-0.015210921975201797,-0.5655374573980861,,
B,same_participants,advised,30,180,sub25,J-D,jumpHeight,-0.003063966930706652,-0.14516920017469706,,
B,same_participants,advised,30,180,sub27,J-D,jumpHeight,-0.015836066695694928,-0.8488308588444495,,
B,same_participants,advised,30,180,sub30,J-D,jumpHeight,-0.012146779311636546,-0.47713452350807833,,
B,same_participants,advised,30,180,sub31,J-D,jumpHeight,0.012328059058939966,0.46768886656497827,,
B,same_participants,advised,30,180,sub33,J-D,jumpHeight,-0.03128354886828977,-1.2829694984011335,,
B,same_participants,advised,30,180,sub35,J-D,jumpHeight,0.0044653298529583885,0.2461418353766249,,
B,same_participants,advised,30,180,sub36,J-D,jumpHeight,-0.001525264642505908,-0.06590171230815678,,
B,same_participants,advised,30,180,sub37,J-D,jumpHeight,0.012332176936454164,0.5662225572967976,,
B,same_participants,advised,30,180,sub38,J-D,jumpHeight,-0.004604761964007109,-0.21720250144428507,,
B,same_participants,advised,30,180,sub41,J-D,jumpHeight,-0.03204717025822418,-1.2497758769307523,,
B,same_participants,advised,30,180,sub42,J-D,jumpHeight,-0.02244392242171389,-0.8458194244062831,,
B,same_participants,advised,30,180,sub01,J-D,countermovementDepth,0.03171450726392827,1.2157412773134675,,
B,same_participants,advised,30,180,sub03,J-D,countermovementDepth,0.00471302499521159,0.2356512497605795,,
B,same_participants,advised,30,180,sub04,J-D,countermovementDepth,0.03760528443293504,0.9366398303695435,,
B,same_participants,advised,30,180,sub06,J-D,countermovementDepth,-0.01668112817173889,-0.8340564085869445,,
B,same_participants,advised,30,180,sub07,J-D,countermovementDepth,-0.002491416990824308,-0.0963676700117363,,
B,same_participants,advised,30,180,sub08,J-D,countermovementDepth,0.04105101240505671,1.682848372160411,,
B,same_participants,advised,30,180,sub09,J-D,countermovementDepth,-0.03584241191228482,-1.712328896918765,,
B,same_participants,advised,30,180,sub10,J-D,countermovementDepth,0.009957979531327599,0.4957914641221802,,
B,same_participants,advised,30,180,sub11,J-D,countermovementDepth,-0.014555562014921142,-0.7167767895447361,,
B,same_participants,advised,30,180,sub12,J-D,countermovementDepth,0.0001713616689693609,0.008568083448468045,,
B,same_participants,advised,30,180,sub13,J-D,countermovementDepth,0.004426255155047076,0.2118404184083883,,
B,same_participants,advised,30,180,sub14,J-D,countermovementDepth,-0.007886424035500883,-0.39432120177504415,,
B,same_participants,advised,30,180,sub17,J-D,countermovementDepth,0.00562275049501243,0.2643430248745386,,
B,same_participants,advised,30,180,sub18,J-D,countermovementDepth,0.015656951595541535,0.7828475797770768,,
B,same_participants,advised,30,180,sub19,J-D,countermovementDepth,0.010794251441519187,0.3571642766441043,,
B,same_participants,advised,30,180,sub21,J-D,countermovementDepth,-0.027874008830721886,-1.1120922216905842,,
B,same_participants,advised,30,180,sub22,J-D,countermovementDepth,-0.02299550319032423,-1.1497751595162113,,
B,same_participants,advised,30,180,sub23,J-D,countermovementDepth,-0.013212934563311629,-0.6606467281655815,,
B,same_participants,advised,30,180,sub24,J-D,countermovementDepth,-0.0014494255357506147,-0.06537095188054924,,
B,same_participants,advised,30,180,sub25,J-D,countermovementDepth,0.028576880016212225,1.4288440008106111,,
B,same_participants,advised,30,180,sub27,J-D,countermovementDepth,0.010541547687755837,0.5270773843877918,,
B,same_participants,advised,30,180,sub30,J-D,countermovementDepth,0.023096051015830732,0.7227758139500103,,
B,same_participants,advised,30,180,sub31,J-D,countermovementDepth,0.0003426154082732391,0.017130770413661955,,
B,same_participants,advised,30,180,sub33,J-D,countermovementDepth,0.010911153239178795,0.3982122021036785,,
B,same_participants,advised,30,180,sub35,J-D,countermovementDepth,0.005073502228003679,0.2286102491907375,,
B,same_participants,advised,30,180,sub36,J-D,countermovementDepth,-0.030031684791328173,-1.0992903323529064,,
B,same_participants,advised,30,180,sub37,J-D,countermovementDepth,-0.023015860901371643,-1.0810355371734273,,
B,same_participants,advised,30,180,sub38,J-D,countermovementDepth,-0.007326919463429393,-0.3052501972757165,,
B,same_participants,advised,30,180,sub41,J-D,countermovementDepth,0.0023081410332487784,0.06351200089163381,,
B,same_participants,advised,30,180,sub42,J-D,countermovementDepth,0.019929864078173543,0.7124073952947991,,
B,same_participants,advised,30,180,sub01,J-D,trunkLean,2.464892412467293,0.805604502228261,,
B,same_participants,advised,30,180,sub03,J-D,trunkLean,7.190133876591219,1.8323299923389864,,
B,same_participants,advised,30,180,sub04,J-D,trunkLean,2.6197170885221652,0.8242991944513874,,
B,same_participants,advised,30,180,sub06,J-D,trunkLean,4.804984364132075,1.8440181640439455,,
B,same_participants,advised,30,180,sub07,J-D,trunkLean,-2.9672765556838527,-1.0594749999755555,,
B,same_participants,advised,30,180,sub08,J-D,trunkLean,6.492164398116699,2.2334949650176243,,
B,same_participants,advised,30,180,sub09,J-D,trunkLean,1.5915056676927009,0.41703445727251987,,
B,same_participants,advised,30,180,sub10,J-D,trunkLean,1.2097242284508098,0.5329975529507608,,
B,same_participants,advised,30,180,sub11,J-D,trunkLean,1.806623270722973,0.5404471817063462,,
B,same_participants,advised,30,180,sub12,J-D,trunkLean,-1.1845822991940125,-0.3506408949776898,,
B,same_participants,advised,30,180,sub13,J-D,trunkLean,5.5459283555676535,1.7407776957640149,,
B,same_participants,advised,30,180,sub14,J-D,trunkLean,-3.542257850466708,-0.8086834116702213,,
B,same_participants,advised,30,180,sub17,J-D,trunkLean,0.8336756374669605,0.19083063710861606,,
B,same_participants,advised,30,180,sub18,J-D,trunkLean,4.128956914498936,0.3993554034582455,,
B,same_participants,advised,30,180,sub19,J-D,trunkLean,-5.587366104556779,-1.192261895040466,,
B,same_participants,advised,30,180,sub21,J-D,trunkLean,10.066337230482219,1.7295628572190358,,
B,same_participants,advised,30,180,sub22,J-D,trunkLean,0.45472530599916183,0.18165650940721367,,
B,same_participants,advised,30,180,sub23,J-D,trunkLean,4.851018037216434,0.8515788140058702,,
B,same_participants,advised,30,180,sub24,J-D,trunkLean,5.895036918005729,1.746940216476334,,
B,same_participants,advised,30,180,sub25,J-D,trunkLean,2.3525830544505695,0.8768430077727696,,
B,same_participants,advised,30,180,sub27,J-D,trunkLean,0.8587075973088147,0.16764118380348358,,
B,same_participants,advised,30,180,sub30,J-D,trunkLean,7.451502363232713,1.7381276724021528,,
B,same_participants,advised,30,180,sub31,J-D,trunkLean,1.5074196672210718,0.6486598656246432,,
B,same_participants,advised,30,180,sub33,J-D,trunkLean,8.470390049473998,1.8783284814027361,,
B,same_participants,advised,30,180,sub35,J-D,trunkLean,3.664509120688571,1.1746330126325208,,
B,same_participants,advised,30,180,sub36,J-D,trunkLean,-3.5533239489339863,-0.9289722526411882,,
B,same_participants,advised,30,180,sub37,J-D,trunkLean,-8.688232046831736,-1.18266111164718,,
B,same_participants,advised,30,180,sub38,J-D,trunkLean,-0.5071433465770383,-0.12131745759326396,,
B,same_participants,advised,30,180,sub41,J-D,trunkLean,0.7623118257772816,0.25842506397050574,,
B,same_participants,advised,30,180,sub42,J-D,trunkLean,-1.0452567555249317,-0.22906316254597034,,
B,same_participants,advised,30,180,sub01,J-D,landingKneeFlex,-0.27963286875780113,-0.049615798802130476,,
B,same_participants,advised,30,180,sub03,J-D,landingKneeFlex,-3.371922121001255,-0.7162604668070952,,
B,same_participants,advised,30,180,sub04,J-D,landingKneeFlex,2.090561371009372,0.5907920926260234,,
B,same_participants,advised,30,180,sub06,J-D,landingKneeFlex,-2.8417058804880924,-0.9472352934960308,,
B,same_participants,advised,30,180,sub07,J-D,landingKneeFlex,0.6517283810142942,0.211435967741734,,
B,same_participants,advised,30,180,sub08,J-D,landingKneeFlex,1.0655830872220804,0.35519436240736013,,
B,same_participants,advised,30,180,sub09,J-D,landingKneeFlex,-3.402482268318039,-0.8787326548841428,,
B,same_participants,advised,30,180,sub10,J-D,landingKneeFlex,-0.5624932348331555,-0.18749774494438518,,
B,same_participants,advised,30,180,sub11,J-D,landingKneeFlex,8.066602631671024,1.628010042024747,,
B,same_participants,advised,30,180,sub12,J-D,landingKneeFlex,-2.223344167435542,-0.6993917515329885,,
B,same_participants,advised,30,180,sub13,J-D,landingKneeFlex,2.135540500707883,0.5418359233816765,,
B,same_participants,advised,30,180,sub14,J-D,landingKneeFlex,2.960204731246499,0.9679573459884153,,
B,same_participants,advised,30,180,sub17,J-D,landingKneeFlex,4.769319384156368,0.8120825583752137,,
B,same_participants,advised,30,180,sub18,J-D,landingKneeFlex,-1.434263522730383,-0.18745967104171515,,
B,same_participants,advised,30,180,sub19,J-D,landingKneeFlex,5.406568622906576,1.114721840588037,,
B,same_participants,advised,30,180,sub21,J-D,landingKneeFlex,5.337925397940275,1.194686815734716,,
B,same_participants,advised,30,180,sub22,J-D,landingKneeFlex,-1.422563673123392,-0.43170558310577817,,
B,same_participants,advised,30,180,sub23,J-D,landingKneeFlex,-3.7655995623365044,-0.8532930847838274,,
B,same_participants,advised,30,180,sub24,J-D,landingKneeFlex,2.344718048760889,0.7815726829202964,,
B,same_participants,advised,30,180,sub25,J-D,landingKneeFlex,3.251709003632243,0.9949557650647818,,
B,same_participants,advised,30,180,sub27,J-D,landingKneeFlex,-10.663064298338384,-3.5355703126589173,,
B,same_participants,advised,30,180,sub30,J-D,landingKneeFlex,4.787903789568432,0.907351208023758,,
B,same_participants,advised,30,180,sub31,J-D,landingKneeFlex,-3.6598326053692176,-0.8846959529440508,,
B,same_participants,advised,30,180,sub33,J-D,landingKneeFlex,0.09520212673189121,0.027700057664891076,,
B,same_participants,advised,30,180,sub35,J-D,landingKneeFlex,1.8453354284779664,0.2733366001685749,,
B,same_participants,advised,30,180,sub36,J-D,landingKneeFlex,-3.2789481032468544,-1.0106155397005405,,
B,same_participants,advised,30,180,sub37,J-D,landingKneeFlex,-2.6660865473876783,-0.5142591061017519,,
B,same_participants,advised,30,180,sub38,J-D,landingKneeFlex,3.1015191471307304,0.9824594533439749,,
B,same_participants,advised,30,180,sub41,J-D,landingKneeFlex,4.3386356866546265,1.349619447433237,,
B,same_participants,advised,30,180,sub42,J-D,landingKneeFlex,0.6017538328025722,0.13126919206143997,,
B,same_participants,advised,30,180,sub01,J-D,rsiMod,-0.08785306142495364,-1.3047072600721223,,
B,same_participants,advised,30,180,sub03,J-D,rsiMod,-0.06511690041880436,-2.4047730132297844,,
B,same_participants,advised,30,180,sub04,J-D,rsiMod,-0.0917827903314678,-3.1237826252614225,,
B,same_participants,advised,30,180,sub06,J-D,rsiMod,-0.05410811932645365,-1.238869783818847,,
B,same_participants,advised,30,180,sub07,J-D,rsiMod,0.11527126306757418,1.0443518090025394,,
B,same_participants,advised,30,180,sub08,J-D,rsiMod,-0.10064906652972305,-2.097919551998141,,
B,same_participants,advised,30,180,sub09,J-D,rsiMod,-0.07731291504452553,-1.9492740983536558,,
B,same_participants,advised,30,180,sub10,J-D,rsiMod,0.05897658321097443,0.8045157787145109,,
B,same_participants,advised,30,180,sub11,J-D,rsiMod,-0.06242288995169204,-1.103315799648562,,
B,same_participants,advised,30,180,sub12,J-D,rsiMod,-0.030322164917452488,-1.3695696799376877,,
B,same_participants,advised,30,180,sub13,J-D,rsiMod,-0.06197046230158737,-1.4408889144455914,,
B,same_participants,advised,30,180,sub14,J-D,rsiMod,-0.03691631543698237,-0.6662202284735518,,
B,same_participants,advised,30,180,sub17,J-D,rsiMod,-0.056945780935131085,-0.764046055535577,,
B,same_participants,advised,30,180,sub18,J-D,rsiMod,0.07389051908762256,1.0230043982826573,,
B,same_participants,advised,30,180,sub19,J-D,rsiMod,0.09443791391923717,1.907289255615293,,
B,same_participants,advised,30,180,sub21,J-D,rsiMod,0.02705588255215574,0.5125040387523507,,
B,same_participants,advised,30,180,sub22,J-D,rsiMod,-0.048659263249853923,-1.159304179111113,,
B,same_participants,advised,30,180,sub23,J-D,rsiMod,-0.07691147328373482,-0.9620001244301843,,
B,same_participants,advised,30,180,sub24,J-D,rsiMod,-0.03524399028132774,-0.4151295831472288,,
B,same_participants,advised,30,180,sub25,J-D,rsiMod,0.025489983004978012,0.3674601394134782,,
B,same_participants,advised,30,180,sub27,J-D,rsiMod,-0.04266206585449278,-1.489284030752509,,
B,same_participants,advised,30,180,sub30,J-D,rsiMod,-0.09200182092318776,-0.7868169360063806,,
B,same_participants,advised,30,180,sub31,J-D,rsiMod,0.03857615208929133,0.3936176998335048,,
B,same_participants,advised,30,180,sub33,J-D,rsiMod,-0.1701396199913554,-2.469794292934324,,
B,same_participants,advised,30,180,sub35,J-D,rsiMod,0.025339768550949104,0.48221090383531656,,
B,same_participants,advised,30,180,sub36,J-D,rsiMod,0.10052420754121466,0.9578727580411245,,
B,same_participants,advised,30,180,sub37,J-D,rsiMod,-0.054461529815639675,-0.4520093249812747,,
B,same_participants,advised,30,180,sub38,J-D,rsiMod,0.015557616702372323,0.18868803803861328,,
B,same_participants,advised,30,180,sub41,J-D,rsiMod,-0.04412029803786355,-1.4433956294179475,,
B,same_participants,advised,30,180,sub42,J-D,rsiMod,-0.06565773520646356,-1.4702094014782603,,
B,same_participants,advised,30,180,sub01,J-D,eccentricDuration,0.008958136295367736,0.2239534073841934,,
B,same_participants,advised,30,180,sub03,J-D,eccentricDuration,0.13473318414482582,2.321324260563983,,
B,same_participants,advised,30,180,sub04,J-D,eccentricDuration,0.3758224591616679,2.8446844476751685,,
B,same_participants,advised,30,180,sub06,J-D,eccentricDuration,-0.02909575203058734,-0.2507380792520309,,
B,same_participants,advised,30,180,sub07,J-D,eccentricDuration,-0.1101326592960965,-0.9253723548031995,,
B,same_participants,advised,30,180,sub08,J-D,eccentricDuration,0.06727685151896184,1.6819212879740462,,
B,same_participants,advised,30,180,sub09,J-D,eccentricDuration,0.05499530183747148,1.0232951486248403,,
B,same_participants,advised,30,180,sub10,J-D,eccentricDuration,-0.017284986516559242,-0.4274542556125197,,
B,same_participants,advised,30,180,sub11,J-D,eccentricDuration,0.05671753810508101,0.9859778562208471,,
B,same_participants,advised,30,180,sub12,J-D,eccentricDuration,-0.00892642190128512,-0.223160547532128,,
B,same_participants,advised,30,180,sub13,J-D,eccentricDuration,0.019971147562084512,0.4903633721605469,,
B,same_participants,advised,30,180,sub14,J-D,eccentricDuration,0.01687017688631276,0.19750036920099287,,
B,same_participants,advised,30,180,sub17,J-D,eccentricDuration,0.054220508109310894,0.5304191206579213,,
B,same_participants,advised,30,180,sub18,J-D,eccentricDuration,-0.26825953655959023,-0.9534135541446712,,
B,same_participants,advised,30,180,sub19,J-D,eccentricDuration,-0.5609565511613555,-5.126273235096077,,
B,same_participants,advised,30,180,sub21,J-D,eccentricDuration,-0.08021435602597826,-0.6597074287438273,,
B,same_participants,advised,30,180,sub22,J-D,eccentricDuration,0.04151478378636281,0.711369596635599,,
B,same_participants,advised,30,180,sub23,J-D,eccentricDuration,0.024753026570566383,0.5019937190435949,,
B,same_participants,advised,30,180,sub24,J-D,eccentricDuration,0.0010701374682923204,0.02675343670730801,,
B,same_participants,advised,30,180,sub25,J-D,eccentricDuration,-0.01542368852168774,-0.1818485310011967,,
B,same_participants,advised,30,180,sub27,J-D,eccentricDuration,0.0020621054560474583,0.05155263640118646,,
B,same_participants,advised,30,180,sub30,J-D,eccentricDuration,0.035981137291665355,0.5483387208186029,,
B,same_participants,advised,30,180,sub31,J-D,eccentricDuration,0.0027479206918802346,0.06869801729700586,,
B,same_participants,advised,30,180,sub33,J-D,eccentricDuration,0.0755533094637123,1.8888327365928075,,
B,same_participants,advised,30,180,sub35,J-D,eccentricDuration,-0.018331952296110177,-0.31753805936965773,,
B,same_participants,advised,30,180,sub36,J-D,eccentricDuration,-0.16575100831370165,-0.9884366883998269,,
B,same_participants,advised,30,180,sub37,J-D,eccentricDuration,0.15578735664754917,1.0358904479719315,,
B,same_participants,advised,30,180,sub38,J-D,eccentricDuration,-0.03091122627834858,-0.378462497909352,,
B,same_participants,advised,30,180,sub41,J-D,eccentricDuration,0.005833817198456104,0.1372593850957655,,
B,same_participants,advised,30,180,sub42,J-D,eccentricDuration,0.022695470214019575,0.5673867553504893,,
B,same_participants,advised,30,180,sub01,J-D,flightTime,-0.022222222222222254,-0.6281604321743828,,
B,same_participants,advised,30,180,sub03,J-D,flightTime,0,0,,
B,same_participants,advised,30,180,sub04,J-D,flightTime,0.011111111111111294,0.4901960784313806,,
B,same_participants,advised,30,180,sub06,J-D,flightTime,0.03333333333333299,1.5151515151514996,,
B,same_participants,advised,30,180,sub07,J-D,flightTime,0.011111111111111294,0.30827090847437594,,
B,same_participants,advised,30,180,sub08,J-D,flightTime,0.04444444444444429,2.0202020202020137,,
B,same_participants,advised,30,180,sub09,J-D,flightTime,-0.0444444444444444,-1.256320864348751,,
B,same_participants,advised,30,180,sub10,J-D,flightTime,-3.3306690738754696e-16,-1.5612511283791254e-14,,
B,same_participants,advised,30,180,sub11,J-D,flightTime,-0.011111111111111183,-0.5555555555555591,,
B,same_participants,advised,30,180,sub12,J-D,flightTime,-0.02222222222222242,-1.111111111111121,,
B,same_participants,advised,30,180,sub13,J-D,flightTime,-0.022222222222222254,-0.6402253593264855,,
B,same_participants,advised,30,180,sub14,J-D,flightTime,-0.011111111111111072,-0.3140802160871884,,
B,same_participants,advised,30,180,sub17,J-D,flightTime,-0.022222222222222254,-1.0752688172043026,,
B,same_participants,advised,30,180,sub18,J-D,flightTime,-0.03333333333333344,-0.9080177971488331,,
B,same_participants,advised,30,180,sub19,J-D,flightTime,-0.011111111111111072,-0.5208333333333316,,
B,same_participants,advised,30,180,sub21,J-D,flightTime,0,0,,
B,same_participants,advised,30,180,sub22,J-D,flightTime,-0.033333333333333215,-1.5151515151515094,,
B,same_participants,advised,30,180,sub23,J-D,flightTime,-0.011111111111111072,-0.5050505050505032,,
B,same_participants,advised,30,180,sub24,J-D,flightTime,0,0,,
B,same_participants,advised,30,180,sub25,J-D,flightTime,1.1102230246251565e-16,4.898042755699221e-15,,
B,same_participants,advised,30,180,sub27,J-D,flightTime,-0.03333333333333344,-1.1143920432576173,,
B,same_participants,advised,30,180,sub30,J-D,flightTime,-2.220446049250313e-16,-8.764918615461765e-15,,
B,same_participants,advised,30,180,sub31,J-D,flightTime,0.011111111111111072,0.490196078431371,,
B,same_participants,advised,30,180,sub33,J-D,flightTime,-0.022222222222222143,-0.9803921568627417,,
B,same_participants,advised,30,180,sub35,J-D,flightTime,0.022222222222222254,1.1111111111111125,,
B,same_participants,advised,30,180,sub36,J-D,flightTime,-1.1102230246251565e-16,-5.551115123125783e-15,,
B,same_participants,advised,30,180,sub37,J-D,flightTime,0.011111111111111072,0.5208333333333316,,
B,same_participants,advised,30,180,sub38,J-D,flightTime,-0.022222222222222254,-0.742928028838411,,
B,same_participants,advised,30,180,sub41,J-D,flightTime,-0.011111111111111072,-0.43859649122806865,,
B,same_participants,advised,30,180,sub42,J-D,flightTime,0,0,,
B,same_participants,advised,30,180,sub01,J-D,concentricDuration,0.03333333333333338,0.8394191219676015,,
B,same_participants,advised,30,180,sub03,J-D,concentricDuration,0.04444444444444434,1.481481481481478,,
B,same_participants,advised,30,180,sub04,J-D,concentricDuration,0.10000000000000009,2.2369481596361735,,
B,same_participants,advised,30,180,sub06,J-D,concentricDuration,0.2222222222222221,1.4913366930758856,,
B,same_participants,advised,30,180,sub07,J-D,concentricDuration,-0.022222222222222143,-0.5596127479783982,,
B,same_participants,advised,30,180,sub08,J-D,concentricDuration,-8.326672684688674e-17,-2.7755575615628914e-15,,
B,same_participants,advised,30,180,sub09,J-D,concentricDuration,0.03333333333333344,0.8238843303964285,,
B,same_participants,advised,30,180,sub10,J-D,concentricDuration,-0.02222222222222192,-0.5596127479783973,,
B,same_participants,advised,30,180,sub11,J-D,concentricDuration,0.022222222222222143,0.6489185691191101,,
B,same_participants,advised,30,180,sub12,J-D,concentricDuration,0.033333333333333326,1.111111111111111,,
B,same_participants,advised,30,180,sub13,J-D,concentricDuration,0.06666666666666668,1.9467557073573374,,
B,same_participants,advised,30,180,sub14,J-D,concentricDuration,0.011111111111110988,0.3703703703703663,,
B,same_participants,advised,30,180,sub17,J-D,concentricDuration,0.022222222222222282,0.7407407407407428,,
B,same_participants,advised,30,180,sub18,J-D,concentricDuration,0.0444444444444447,1.1192254959568069,,
B,same_participants,advised,30,180,sub19,J-D,concentricDuration,0.0666666666666666,0.539592607581276,,
B,same_participants,advised,30,180,sub21,J-D,concentricDuration,-0.011111111111111072,-0.2214747279138287,,
B,same_participants,advised,30,180,sub22,J-D,concentricDuration,0.03333333333333344,1.1111111111111147,,
B,same_participants,advised,30,180,sub23,J-D,concentricDuration,0.011111111111111072,0.3703703703703691,,
B,same_participants,advised,30,180,sub24,J-D,concentricDuration,0.011111111111111183,0.2527837297892376,,
B,same_participants,advised,30,180,sub25,J-D,concentricDuration,-0.04444444444444462,-0.6110459613077778,,
B,same_participants,advised,30,180,sub27,J-D,concentricDuration,0.03333333333333355,0.8394191219676057,,
B,same_participants,advised,30,180,sub30,J-D,concentricDuration,0.04444444444444434,1.011134919156942,,
B,same_participants,advised,30,180,sub31,J-D,concentricDuration,-0.011111111111111127,-0.2798063739892005,,
B,same_participants,advised,30,180,sub33,J-D,concentricDuration,0.044444444444444425,1.1192254959568,,
B,same_participants,advised,30,180,sub35,J-D,concentricDuration,-0.022222222222222143,-0.6489185691191101,,
B,same_participants,advised,30,180,sub36,J-D,concentricDuration,-0.055555555555555525,-0.8802620052938102,,
B,same_participants,advised,30,180,sub37,J-D,concentricDuration,-0.033333333333333354,-0.8238843303964312,,
B,same_participants,advised,30,180,sub38,J-D,concentricDuration,-0.011111111111111155,-0.32445928455955797,,
B,same_participants,advised,30,180,sub41,J-D,concentricDuration,0.022222222222222254,0.5065758341363032,,
B,same_participants,advised,30,180,sub42,J-D,concentricDuration,0.011111111111111127,0.3703703703703709,,
B,same_participants,advised,30,180,sub01,J-D,asymmetry,-1.5431006245240582,-0.6533404854399443,,
B,same_participants,advised,30,180,sub03,J-D,asymmetry,-1.7279811141522519,-0.8639905570761259,,
B,same_participants,advised,30,180,sub04,J-D,asymmetry,-1.5108552614992448,-0.7554276307496224,,
B,same_participants,advised,30,180,sub06,J-D,asymmetry,-1.6222618776991542,-0.8111309388495771,,
B,same_participants,advised,30,180,sub07,J-D,asymmetry,2.5871789875032043,1.0956960720489448,,
B,same_participants,advised,30,180,sub08,J-D,asymmetry,1.3234226612826028,0.6617113306413014,,
B,same_participants,advised,30,180,sub09,J-D,asymmetry,1.212940929647928,0.304751182081072,,
B,same_participants,advised,30,180,sub10,J-D,asymmetry,0.35928971972368606,0.17964485986184303,,
B,same_participants,advised,30,180,sub11,J-D,asymmetry,-0.5087291018227136,-0.24929672251657783,,
B,same_participants,advised,30,180,sub12,J-D,asymmetry,-1.5043085233605398,-0.5383199969074596,,
B,same_participants,advised,30,180,sub13,J-D,asymmetry,-3.356080699695454,-1.678040349847727,,
B,same_participants,advised,30,180,sub14,J-D,asymmetry,5.312116511728917,1.9480085548329618,,
B,same_participants,advised,30,180,sub17,J-D,asymmetry,0.7938706371335336,0.3138643400435425,,
B,same_participants,advised,30,180,sub18,J-D,asymmetry,3.034099791503455,1.1549672157606086,,
B,same_participants,advised,30,180,sub19,J-D,asymmetry,-1.9931358091930154,-0.9838267647568513,,
B,same_participants,advised,30,180,sub21,J-D,asymmetry,-1.2618467006293486,-0.4206333615343352,,
B,same_participants,advised,30,180,sub22,J-D,asymmetry,-3.0448312969336038,-1.4482133954215375,,
B,same_participants,advised,30,180,sub23,J-D,asymmetry,-1.6220866870199213,-0.6915380305561084,,
B,same_participants,advised,30,180,sub24,J-D,asymmetry,0.5390745449464256,0.14638082470182628,,
B,same_participants,advised,30,180,sub25,J-D,asymmetry,1.3874355083918122,0.5533114891095077,,
B,same_participants,advised,30,180,sub27,J-D,asymmetry,2.1337579505442035,0.9554000569387979,,
B,same_participants,advised,30,180,sub30,J-D,asymmetry,-2.9050119548838182,-1.1683958675021198,,
B,same_participants,advised,30,180,sub31,J-D,asymmetry,3.4164366306255403,1.2807377775851894,,
B,same_participants,advised,30,180,sub33,J-D,asymmetry,-0.9371744996338549,-0.2869506372631392,,
B,same_participants,advised,30,180,sub35,J-D,asymmetry,3.5685880250594737,1.0574943824998924,,
B,same_participants,advised,30,180,sub36,J-D,asymmetry,-0.6391605576243271,-0.31958027881216355,,
B,same_participants,advised,30,180,sub37,J-D,asymmetry,-1.2754839168870733,-0.36026879310985194,,
B,same_participants,advised,30,180,sub38,J-D,asymmetry,0.21619038289880166,0.10809519144940083,,
B,same_participants,advised,30,180,sub41,J-D,asymmetry,-2.933689110930108,-1.466844555465054,,
B,same_participants,advised,30,180,sub42,J-D,asymmetry,2.74591240820996,0.9473841926532933,,
B,same_participants,advised,30,180,sub01,J-A,S0,,,14,0.8983274198765879
B,same_participants,advised,30,180,sub03,J-A,S0,,,1,1.7159168450778017
B,same_participants,advised,30,180,sub04,J-A,S0,,,2,1.8625289727712835
B,same_participants,advised,30,180,sub06,J-A,S0,,,2,1.666289630035522
B,same_participants,advised,30,180,sub07,J-A,S0,,,10,1.0597978256682294
B,same_participants,advised,30,180,sub08,J-A,S0,,,1,1.8851347170830905
B,same_participants,advised,30,180,sub09,J-A,S0,,,6,1.5225273829273451
B,same_participants,advised,30,180,sub10,J-A,S0,,,20,0.7006840981860432
B,same_participants,advised,30,180,sub11,J-A,S0,,,4,1.3853698918638597
B,same_participants,advised,30,180,sub12,J-A,S0,,,3,1.1210130022544287
B,same_participants,advised,30,180,sub13,J-A,S0,,,1,1.6421656993800309
B,same_participants,advised,30,180,sub14,J-A,S0,,,11,1.0910145319439843
B,same_participants,advised,30,180,sub17,J-A,S0,,,6,1.4813257558851138
B,same_participants,advised,30,180,sub18,J-A,S0,,,11,1.1756968480297203
B,same_participants,advised,30,180,sub19,J-A,S0,,,1,2.115526992839312
B,same_participants,advised,30,180,sub21,J-A,S0,,,3,2.025888021090817
B,same_participants,advised,30,180,sub22,J-A,S0,,,4,1.1547674988082897
B,same_participants,advised,30,180,sub23,J-A,S0,,,14,0.8708290143408853
B,same_participants,advised,30,180,sub24,J-A,S0,,,11,1.0109288178906426
B,same_participants,advised,30,180,sub25,J-A,S0,,,19,0.8345574577322544
B,same_participants,advised,30,180,sub27,J-A,S0,,,1,1.621997499794558
B,same_participants,advised,30,180,sub30,J-A,S0,,,7,1.3707740495551797
B,same_participants,advised,30,180,sub31,J-A,S0,,,16,0.8426790275402233
B,same_participants,advised,30,180,sub33,J-A,S0,,,3,1.615719613692841
B,same_participants,advised,30,180,sub35,J-A,S0,,,15,1.0581079874337547
B,same_participants,advised,30,180,sub36,J-A,S0,,,16,0.7395841545036491
B,same_participants,advised,30,180,sub37,J-A,S0,,,13,1.160024277933134
B,same_participants,advised,30,180,sub38,J-A,S0,,,15,0.8407453166215509
B,same_participants,advised,30,180,sub41,J-A,S0,,,2,1.364661863832661
B,same_participants,advised,30,180,sub42,J-A,S0,,,3,1.1705696780541681
B,same_participants,advised,30,180,sub01,J-A,S-P2,,,13,0.9240732793016866
B,same_participants,advised,30,180,sub03,J-A,S-P2,,,1,1.7531150818884222
B,same_participants,advised,30,180,sub04,J-A,S-P2,,,2,1.942501908209102
B,same_participants,advised,30,180,sub06,J-A,S-P2,,,2,1.6707690874016465
B,same_participants,advised,30,180,sub07,J-A,S-P2,,,10,1.0321834821247078
B,same_participants,advised,30,180,sub08,J-A,S-P2,,,1,1.8520258042501723
B,same_participants,advised,30,180,sub09,J-A,S-P2,,,6,1.5608305750539004
B,same_participants,advised,30,180,sub10,J-A,S-P2,,,20,0.6925717942563202
B,same_participants,advised,30,180,sub11,J-A,S-P2,,,6,1.410091154947071
B,same_participants,advised,30,180,sub12,J-A,S-P2,,,4,1.0879176500518446
B,same_participants,advised,30,180,sub13,J-A,S-P2,,,1,1.7062586447973127
B,same_participants,advised,30,180,sub14,J-A,S-P2,,,11,1.0678822670805908
B,same_participants,advised,30,180,sub17,J-A,S-P2,,,6,1.4692205592502952
B,same_participants,advised,30,180,sub18,J-A,S-P2,,,12,1.1303613828912764
B,same_participants,advised,30,180,sub19,J-A,S-P2,,,1,2.206363111948679
B,same_participants,advised,30,180,sub21,J-A,S-P2,,,3,2.104931588926157
B,same_participants,advised,30,180,sub22,J-A,S-P2,,,3,1.1303035039234093
B,same_participants,advised,30,180,sub23,J-A,S-P2,,,14,0.8504231639333614
B,same_participants,advised,30,180,sub24,J-A,S-P2,,,10,1.0351582704458462
B,same_participants,advised,30,180,sub25,J-A,S-P2,,,17,0.832189141897091
B,same_participants,advised,30,180,sub27,J-A,S-P2,,,1,1.6850062368400474
B,same_participants,advised,30,180,sub30,J-A,S-P2,,,7,1.4170314391260461
B,same_participants,advised,30,180,sub31,J-A,S-P2,,,16,0.8483549352899056
B,same_participants,advised,30,180,sub33,J-A,S-P2,,,3,1.6690303929880201
B,same_participants,advised,30,180,sub35,J-A,S-P2,,,15,1.0681587522174967
B,same_participants,advised,30,180,sub36,J-A,S-P2,,,14,0.7166984947189888
B,same_participants,advised,30,180,sub37,J-A,S-P2,,,13,1.2098331926086539
B,same_participants,advised,30,180,sub38,J-A,S-P2,,,15,0.7640935117893667
B,same_participants,advised,30,180,sub41,J-A,S-P2,,,2,1.401426269967959
B,same_participants,advised,30,180,sub42,J-A,S-P2,,,3,1.2009446516227487
B,same_participants,advised,30,180,sub01,J-A,S-P3,,,14,0.8827864895332085
B,same_participants,advised,30,180,sub03,J-A,S-P3,,,1,1.7749017321600664
B,same_participants,advised,30,180,sub04,J-A,S-P3,,,2,1.9126148160669736
B,same_participants,advised,30,180,sub06,J-A,S-P3,,,2,1.7145012781719908
B,same_participants,advised,30,180,sub07,J-A,S-P3,,,10,1.0382568933598524
B,same_participants,advised,30,180,sub08,J-A,S-P3,,,1,1.9232076473012854
B,same_participants,advised,30,180,sub09,J-A,S-P3,,,5,1.544019203813073
B,same_participants,advised,30,180,sub10,J-A,S-P3,,,20,0.7250123646842659
B,same_participants,advised,30,180,sub11,J-A,S-P3,,,4,1.4147653942056284
B,same_participants,advised,30,180,sub12,J-A,S-P3,,,6,1.0401544523295536
B,same_participants,advised,30,180,sub13,J-A,S-P3,,,1,1.6008915487239237
B,same_participants,advised,30,180,sub14,J-A,S-P3,,,15,0.9685574703037565
B,same_participants,advised,30,180,sub17,J-A,S-P3,,,6,1.4798565932927072
B,same_participants,advised,30,180,sub18,J-A,S-P3,,,11,1.2010162266627988
B,same_participants,advised,30,180,sub19,J-A,S-P3,,,1,2.1522712529757135
B,same_participants,advised,30,180,sub21,J-A,S-P3,,,3,2.0996724091472654
B,same_participants,advised,30,180,sub22,J-A,S-P3,,,4,1.1526141254938331
B,same_participants,advised,30,180,sub23,J-A,S-P3,,,12,0.8043957436465877
B,same_participants,advised,30,180,sub24,J-A,S-P3,,,8,1.0441997230652993
B,same_participants,advised,30,180,sub25,J-A,S-P3,,,18,0.8492320950025416
B,same_participants,advised,30,180,sub27,J-A,S-P3,,,2,1.6517833789771543
B,same_participants,advised,30,180,sub30,J-A,S-P3,,,8,1.3455497925805862
B,same_participants,advised,30,180,sub31,J-A,S-P3,,,17,0.7435392798441258
B,same_participants,advised,30,180,sub33,J-A,S-P3,,,2,1.6638120581224063
B,same_participants,advised,30,180,sub35,J-A,S-P3,,,20,0.7943181269910795
B,same_participants,advised,30,180,sub36,J-A,S-P3,,,16,0.7670635119367694
B,same_participants,advised,30,180,sub37,J-A,S-P3,,,12,1.2000828569013262
B,same_participants,advised,30,180,sub38,J-A,S-P3,,,14,0.8500909828964409
B,same_participants,advised,30,180,sub41,J-A,S-P3,,,2,1.3577389517486924
B,same_participants,advised,30,180,sub42,J-A,S-P3,,,6,1.1143770221991962
B,same_participants,advised,30,180,sub01,J-A,S-P2P3,,,12,0.9099334328829757
B,same_participants,advised,30,180,sub03,J-A,S-P2P3,,,1,1.8188865962321585
B,same_participants,advised,30,180,sub04,J-A,S-P2P3,,,2,2.0016207123311562
B,same_participants,advised,30,180,sub06,J-A,S-P2P3,,,2,1.7236046784067345
B,same_participants,advised,30,180,sub07,J-A,S-P2P3,,,10,1.0096594087202237
B,same_participants,advised,30,180,sub08,J-A,S-P2P3,,,1,1.8915360758341881
B,same_participants,advised,30,180,sub09,J-A,S-P2P3,,,5,1.5870873343503604
B,same_participants,advised,30,180,sub10,J-A,S-P2P3,,,20,0.7189171568542938
B,same_participants,advised,30,180,sub11,J-A,S-P2P3,,,5,1.444330363639126
B,same_participants,advised,30,180,sub12,J-A,S-P2P3,,,8,1.0038900282907142
B,same_participants,advised,30,180,sub13,J-A,S-P2P3,,,1,1.668438919032383
B,same_participants,advised,30,180,sub14,J-A,S-P2P3,,,14,0.9280849871653665
B,same_participants,advised,30,180,sub17,J-A,S-P2P3,,,7,1.46430782600386
B,same_participants,advised,30,180,sub18,J-A,S-P2P3,,,12,1.155315379314591
B,same_participants,advised,30,180,sub19,J-A,S-P2P3,,,1,2.2524298579731714
B,same_participants,advised,30,180,sub21,J-A,S-P2P3,,,2,2.189104718517174
B,same_participants,advised,30,180,sub22,J-A,S-P2P3,,,4,1.124175209856317
B,same_participants,advised,30,180,sub23,J-A,S-P2P3,,,12,0.7796922618985614
B,same_participants,advised,30,180,sub24,J-A,S-P2P3,,,8,1.0728047592894383
B,same_participants,advised,30,180,sub25,J-A,S-P2P3,,,15,0.8487752975371791
B,same_participants,advised,30,180,sub27,J-A,S-P2P3,,,1,1.7217185191877717
B,same_participants,advised,30,180,sub30,J-A,S-P2P3,,,8,1.3944276692920134
B,same_participants,advised,30,180,sub31,J-A,S-P2P3,,,18,0.7432365718602169
B,same_participants,advised,30,180,sub33,J-A,S-P2P3,,,2,1.724282540393397
B,same_participants,advised,30,180,sub35,J-A,S-P2P3,,,20,0.7943941633374706
B,same_participants,advised,30,180,sub36,J-A,S-P2P3,,,13,0.7456316515059126
B,same_participants,advised,30,180,sub37,J-A,S-P2P3,,,12,1.2559301970831995
B,same_participants,advised,30,180,sub38,J-A,S-P2P3,,,14,0.772148557827963
B,same_participants,advised,30,180,sub41,J-A,S-P2P3,,,2,1.3970771202647148
B,same_participants,advised,30,180,sub42,J-A,S-P2P3,,,4,1.1394286708736383
B,same_participants,advised,30,180,sub01,J-A,S-valid,,,12,0.9277028356059541
B,same_participants,advised,30,180,sub03,J-A,S-valid,,,1,1.8091618898729847
B,same_participants,advised,30,180,sub04,J-A,S-valid,,,2,2.0201262181817885
B,same_participants,advised,30,180,sub06,J-A,S-valid,,,8,1.2973342291222383
B,same_participants,advised,30,180,sub07,J-A,S-valid,,,11,0.9607009502121752
B,same_participants,advised,30,180,sub08,J-A,S-valid,,,1,1.9886001853965702
B,same_participants,advised,30,180,sub09,J-A,S-valid,,,5,1.6404952819320744
B,same_participants,advised,30,180,sub10,J-A,S-valid,,,20,0.7353966657470719
B,same_participants,advised,30,180,sub11,J-A,S-valid,,,6,1.4703535834298345
B,same_participants,advised,30,180,sub12,J-A,S-valid,,,7,1.0096820671162734
B,same_participants,advised,30,180,sub13,J-A,S-valid,,,2,1.5355484576251346
B,same_participants,advised,30,180,sub14,J-A,S-valid,,,15,0.9498588481826019
B,same_participants,advised,30,180,sub17,J-A,S-valid,,,7,1.4916341185383237
B,same_participants,advised,30,180,sub18,J-A,S-valid,,,12,1.1689108086819264
B,same_participants,advised,30,180,sub19,J-A,S-valid,,,1,2.357108239037644
B,same_participants,advised,30,180,sub21,J-A,S-valid,,,1,2.2848404886082463
B,same_participants,advised,30,180,sub22,J-A,S-valid,,,6,1.0372810378509334
B,same_participants,advised,30,180,sub23,J-A,S-valid,,,12,0.7988597286139013
B,same_participants,advised,30,180,sub24,J-A,S-valid,,,8,1.075425509151607
B,same_participants,advised,30,180,sub25,J-A,S-valid,,,13,0.8885484199490877
B,same_participants,advised,30,180,sub27,J-A,S-valid,,,1,1.750042589680242
B,same_participants,advised,30,180,sub30,J-A,S-valid,,,10,1.353336532287481
B,same_participants,advised,30,180,sub31,J-A,S-valid,,,18,0.7731178324210292
B,same_participants,advised,30,180,sub33,J-A,S-valid,,,2,1.7645340507587257
B,same_participants,advised,30,180,sub35,J-A,S-valid,,,20,0.6861062168935653
B,same_participants,advised,30,180,sub36,J-A,S-valid,,,13,0.7838937144079018
B,same_participants,advised,30,180,sub37,J-A,S-valid,,,12,1.2888642187565322
B,same_participants,advised,30,180,sub38,J-A,S-valid,,,14,0.8006671228458035
B,same_participants,advised,30,180,sub41,J-A,S-valid,,,2,1.3364269510824123
B,same_participants,advised,30,180,sub42,J-A,S-valid,,,2,1.1978984144651919
B,same_participants,advised,30,180,sub01,J-B,S0,-0.12851129423514773,,18,
B,same_participants,advised,30,180,sub03,J-B,S0,0.11156070004099528,,3,
B,same_participants,advised,30,180,sub04,J-B,S0,0.5879387300253998,,1,
B,same_participants,advised,30,180,sub06,J-B,S0,0.5703112299257035,,1,
B,same_participants,advised,30,180,sub07,J-B,S0,0.10524014943126414,,4,
B,same_participants,advised,30,180,sub08,J-B,S0,-0.12597390580791834,,20,
B,same_participants,advised,30,180,sub09,J-B,S0,-0.04811066387700991,,15,
B,same_participants,advised,30,180,sub10,J-B,S0,-0.006368356069825665,,13,
B,same_participants,advised,30,180,sub11,J-B,S0,0.005110154734193517,,10,
B,same_participants,advised,30,180,sub12,J-B,S0,0.20443011295902225,,1,
B,same_participants,advised,30,180,sub13,J-B,S0,0.10746788677784419,,2,
B,same_participants,advised,30,180,sub14,J-B,S0,-0.011385345071070918,,12,
B,same_participants,advised,30,180,sub17,J-B,S0,0.07146431142840792,,5,
B,same_participants,advised,30,180,sub18,J-B,S0,-0.23221263794923042,,16,
B,same_participants,advised,30,180,sub19,J-B,S0,-0.6416039342094532,,20,
B,same_participants,advised,30,180,sub21,J-B,S0,-0.15375508621061074,,17,
B,same_participants,advised,30,180,sub22,J-B,S0,-0.07612252316632351,,17,
B,same_participants,advised,30,180,sub23,J-B,S0,-0.24598463898989875,,19,
B,same_participants,advised,30,180,sub24,J-B,S0,0.009814003065173882,,8,
B,same_participants,advised,30,180,sub25,J-B,S0,-0.048140554311853156,,12,
B,same_participants,advised,30,180,sub27,J-B,S0,-0.03898554191629622,,15,
B,same_participants,advised,30,180,sub30,J-B,S0,0.1484927859947247,,2,
B,same_participants,advised,30,180,sub31,J-B,S0,0.04339774183005041,,8,
B,same_participants,advised,30,180,sub33,J-B,S0,-0.2552139376863716,,20,
B,same_participants,advised,30,180,sub35,J-B,S0,-0.0858783772984516,,17,
B,same_participants,advised,30,180,sub36,J-B,S0,-0.05455436688571347,,13,
B,same_participants,advised,30,180,sub37,J-B,S0,-0.08563108996171609,,14,
B,same_participants,advised,30,180,sub38,J-B,S0,0.030458907883323505,,8,
B,same_participants,advised,30,180,sub41,J-B,S0,0.01805915928253743,,10,
B,same_participants,advised,30,180,sub42,J-B,S0,-0.08994902095863733,,16,
B,same_participants,advised,30,180,sub01,J-B,S-P2,-0.11337687245420802,,18,
B,same_participants,advised,30,180,sub03,J-B,S-P2,0.12276987841055842,,4,
B,same_participants,advised,30,180,sub04,J-B,S-P2,0.6130826707855455,,1,
B,same_participants,advised,30,180,sub06,J-B,S-P2,0.5789224044102362,,1,
B,same_participants,advised,30,180,sub07,J-B,S-P2,0.09661871695725588,,5,
B,same_participants,advised,30,180,sub08,J-B,S-P2,-0.1835604785868935,,20,
B,same_participants,advised,30,180,sub09,J-B,S-P2,-0.025907348832235444,,12,
B,same_participants,advised,30,180,sub10,J-B,S-P2,-0.00682398951219898,,15,
B,same_participants,advised,30,180,sub11,J-B,S-P2,-0.02418370620328425,,16,
B,same_participants,advised,30,180,sub12,J-B,S-P2,0.16937557903138856,,1,
B,same_participants,advised,30,180,sub13,J-B,S-P2,0.11395760149845569,,1,
B,same_participants,advised,30,180,sub14,J-B,S-P2,-0.017869399727561852,,12,
B,same_participants,advised,30,180,sub17,J-B,S-P2,0.052481021295313846,,5,
B,same_participants,advised,30,180,sub18,J-B,S-P2,-0.2024961392707334,,15,
B,same_participants,advised,30,180,sub19,J-B,S-P2,-0.6648741094173534,,20,
B,same_participants,advised,30,180,sub21,J-B,S-P2,-0.16578407671228845,,16,
B,same_participants,advised,30,180,sub22,J-B,S-P2,-0.019568285414195696,,13,
B,same_participants,advised,30,180,sub23,J-B,S-P2,-0.2514702403432941,,19,
B,same_participants,advised,30,180,sub24,J-B,S-P2,0.010803328038512694,,6,
B,same_participants,advised,30,180,sub25,J-B,S-P2,-0.050003924231201924,,12,
B,same_participants,advised,30,180,sub27,J-B,S-P2,-0.009850233910097761,,12,
B,same_participants,advised,30,180,sub30,J-B,S-P2,0.16560987218755074,,2,
B,same_participants,advised,30,180,sub31,J-B,S-P2,0.033894410841457834,,8,
B,same_participants,advised,30,180,sub33,J-B,S-P2,-0.24127107537413794,,20,
B,same_participants,advised,30,180,sub35,J-B,S-P2,-0.06721348811600181,,17,
B,same_participants,advised,30,180,sub36,J-B,S-P2,-0.054187727127329444,,12,
B,same_participants,advised,30,180,sub37,J-B,S-P2,-0.07933802351149566,,14,
B,same_participants,advised,30,180,sub38,J-B,S-P2,-0.0055452076857809285,,12,
B,same_participants,advised,30,180,sub41,J-B,S-P2,0.05244725469580125,,10,
B,same_participants,advised,30,180,sub42,J-B,S-P2,-0.1032781048685083,,17,
B,same_participants,advised,30,180,sub01,J-B,S-P3,-0.12240441086546983,,16,
B,same_participants,advised,30,180,sub03,J-B,S-P3,0.13163926614368493,,3,
B,same_participants,advised,30,180,sub04,J-B,S-P3,0.6253919036439275,,1,
B,same_participants,advised,30,180,sub06,J-B,S-P3,0.6028380364775356,,1,
B,same_participants,advised,30,180,sub07,J-B,S-P3,0.08373631289466954,,7,
B,same_participants,advised,30,180,sub08,J-B,S-P3,-0.18510893178065135,,20,
B,same_participants,advised,30,180,sub09,J-B,S-P3,-0.049570444285873094,,14,
B,same_participants,advised,30,180,sub10,J-B,S-P3,0.0059582183398149136,,8,
B,same_participants,advised,30,180,sub11,J-B,S-P3,-0.004259450767729711,,11,
B,same_participants,advised,30,180,sub12,J-B,S-P3,0.19436314729679915,,2,
B,same_participants,advised,30,180,sub13,J-B,S-P3,0.05448022946027403,,7,
B,same_participants,advised,30,180,sub14,J-B,S-P3,0.07123115625915444,,4,
B,same_participants,advised,30,180,sub17,J-B,S-P3,0.04772469697368886,,5,
B,same_participants,advised,30,180,sub18,J-B,S-P3,-0.2620141380249026,,16,
B,same_participants,advised,30,180,sub19,J-B,S-P3,-0.6810665182859797,,20,
B,same_participants,advised,30,180,sub21,J-B,S-P3,-0.17198020996985108,,17,
B,same_participants,advised,30,180,sub22,J-B,S-P3,-0.12625814894110976,,19,
B,same_participants,advised,30,180,sub23,J-B,S-P3,-0.2433940945051597,,19,
B,same_participants,advised,30,180,sub24,J-B,S-P3,0.020124527986783436,,7,
B,same_participants,advised,30,180,sub25,J-B,S-P3,-0.04644885083757244,,12,
B,same_participants,advised,30,180,sub27,J-B,S-P3,-0.017365368088392286,,13,
B,same_participants,advised,30,180,sub30,J-B,S-P3,0.12663099781842946,,3,
B,same_participants,advised,30,180,sub31,J-B,S-P3,0.0016679974374620432,,10,
B,same_participants,advised,30,180,sub33,J-B,S-P3,-0.29051490097180416,,20,
B,same_participants,advised,30,180,sub35,J-B,S-P3,-0.0837193725000217,,16,
B,same_participants,advised,30,180,sub36,J-B,S-P3,-0.08210104872726143,,15,
B,same_participants,advised,30,180,sub37,J-B,S-P3,-0.09810834776867372,,16,
B,same_participants,advised,30,180,sub38,J-B,S-P3,0.029366893730473187,,8,
B,same_participants,advised,30,180,sub41,J-B,S-P3,-0.013439641725870866,,11,
B,same_participants,advised,30,180,sub42,J-B,S-P3,-0.07305726825003456,,15,
B,same_participants,advised,30,180,sub01,J-B,S-P2P3,-0.10612730421266936,,16,
B,same_participants,advised,30,180,sub03,J-B,S-P2P3,0.14489316324086987,,3,
B,same_participants,advised,30,180,sub04,J-B,S-P2P3,0.654469064167164,,1,
B,same_participants,advised,30,180,sub06,J-B,S-P2P3,0.6143338584261309,,1,
B,same_participants,advised,30,180,sub07,J-B,S-P2P3,0.07324337113886892,,6,
B,same_participants,advised,30,180,sub08,J-B,S-P2P3,-0.25629997061754684,,20,
B,same_participants,advised,30,180,sub09,J-B,S-P2P3,-0.02656201260986557,,12,
B,same_participants,advised,30,180,sub10,J-B,S-P2P3,0.006207323124164166,,6,
B,same_participants,advised,30,180,sub11,J-B,S-P2P3,-0.036243967836057434,,19,
B,same_participants,advised,30,180,sub12,J-B,S-P2P3,0.15637818917574364,,2,
B,same_participants,advised,30,180,sub13,J-B,S-P2P3,0.05683616966381616,,7,
B,same_participants,advised,30,180,sub14,J-B,S-P2P3,0.06836249814542317,,5,
B,same_participants,advised,30,180,sub17,J-B,S-P2P3,0.018318219004079317,,9,
B,same_participants,advised,30,180,sub18,J-B,S-P2P3,-0.23291787226013416,,15,
B,same_participants,advised,30,180,sub19,J-B,S-P2P3,-0.7081134331339741,,20,
B,same_participants,advised,30,180,sub21,J-B,S-P2P3,-0.18591032823940878,,15,
B,same_participants,advised,30,180,sub22,J-B,S-P2P3,-0.06839045902672447,,18,
B,same_participants,advised,30,180,sub23,J-B,S-P2P3,-0.24881522807335532,,19,
B,same_participants,advised,30,180,sub24,J-B,S-P2P3,0.022863303701090354,,3,
B,same_participants,advised,30,180,sub25,J-B,S-P2P3,-0.04816860213976293,,12,
B,same_participants,advised,30,180,sub27,J-B,S-P2P3,0.015810071875607234,,9,
B,same_participants,advised,30,180,sub30,J-B,S-P2P3,0.14102684617115457,,3,
B,same_participants,advised,30,180,sub31,J-B,S-P2P3,-0.01100140431952834,,12,
B,same_participants,advised,30,180,sub33,J-B,S-P2P3,-0.2741944885254898,,20,
B,same_participants,advised,30,180,sub35,J-B,S-P2P3,-0.06343550038967283,,16,
B,same_participants,advised,30,180,sub36,J-B,S-P2P3,-0.08239815364241065,,14,
B,same_participants,advised,30,180,sub37,J-B,S-P2P3,-0.09205071643278606,,15,
B,same_participants,advised,30,180,sub38,J-B,S-P2P3,-0.009181014313960678,,12,
B,same_participants,advised,30,180,sub41,J-B,S-P2P3,0.017888164503942594,,10,
B,same_participants,advised,30,180,sub42,J-B,S-P2P3,-0.08535865502533424,,17,
B,same_participants,advised,30,180,sub01,J-B,S-valid,-0.08829790268550175,,15,
B,same_participants,advised,30,180,sub03,J-B,S-valid,0.15265378772042948,,3,
B,same_participants,advised,30,180,sub04,J-B,S-valid,0.5281955609555797,,1,
B,same_participants,advised,30,180,sub06,J-B,S-valid,0.04998765398527283,,8,
B,same_participants,advised,30,180,sub07,J-B,S-valid,0.04537885596365221,,5,
B,same_participants,advised,30,180,sub08,J-B,S-valid,-0.2847351425681758,,20,
B,same_participants,advised,30,180,sub09,J-B,S-valid,-0.08179756919765024,,17,
B,same_participants,advised,30,180,sub10,J-B,S-valid,-0.010190547760594693,,12,
B,same_participants,advised,30,180,sub11,J-B,S-valid,-0.06228349172660763,,20,
B,same_participants,advised,30,180,sub12,J-B,S-valid,0.11327862428153468,,3,
B,same_participants,advised,30,180,sub13,J-B,S-valid,0.03288461759882699,,7,
B,same_participants,advised,30,180,sub14,J-B,S-valid,0.07796529810715225,,5,
B,same_participants,advised,30,180,sub17,J-B,S-valid,0.029518185560220678,,8,
B,same_participants,advised,30,180,sub18,J-B,S-valid,-0.23560982059982938,,15,
B,same_participants,advised,30,180,sub19,J-B,S-valid,-0.8535625456401934,,20,
B,same_participants,advised,30,180,sub21,J-B,S-valid,-0.20100851439288192,,19,
B,same_participants,advised,30,180,sub22,J-B,S-valid,-0.10265756362238426,,19,
B,same_participants,advised,30,180,sub23,J-B,S-valid,-0.26050225386836257,,19,
B,same_participants,advised,30,180,sub24,J-B,S-valid,0.018574846509450404,,7,
B,same_participants,advised,30,180,sub25,J-B,S-valid,0.037674351861418987,,4,
B,same_participants,advised,30,180,sub27,J-B,S-valid,-0.03248171072271966,,14,
B,same_participants,advised,30,180,sub30,J-B,S-valid,0.13000914178037704,,4,
B,same_participants,advised,30,180,sub31,J-B,S-valid,-0.016533899313479816,,12,
B,same_participants,advised,30,180,sub33,J-B,S-valid,-0.2784761453709663,,20,
B,same_participants,advised,30,180,sub35,J-B,S-valid,-0.05329817724739394,,14,
B,same_participants,advised,30,180,sub36,J-B,S-valid,-0.04494560673741155,,14,
B,same_participants,advised,30,180,sub37,J-B,S-valid,-0.09893629893669353,,15,
B,same_participants,advised,30,180,sub38,J-B,S-valid,-0.005680495058272617,,12,
B,same_participants,advised,30,180,sub41,J-B,S-valid,-0.016041068308989548,,11,
B,same_participants,advised,30,180,sub42,J-B,S-valid,-0.09760463628049165,,17,
B,at_least_2_plus_2,advised,40,237,sub01,J-D,jumpHeight,-0.0036644775007147468,-0.1510148299601533,,
B,at_least_2_plus_2,advised,40,237,sub02,J-D,jumpHeight,0.005228704005427687,0.2510368522744745,,
B,at_least_2_plus_2,advised,40,237,sub03,J-D,jumpHeight,0.0031904779860081334,0.19710199276563184,,
B,at_least_2_plus_2,advised,40,237,sub04,J-D,jumpHeight,-0.006933536897093029,-0.3181345585901117,,
B,at_least_2_plus_2,advised,40,237,sub06,J-D,jumpHeight,-0.0022435088059648,-0.09415745815633612,,
B,at_least_2_plus_2,advised,40,237,sub07,J-D,jumpHeight,0.0022282548288066195,0.08909818645050258,,
B,at_least_2_plus_2,advised,40,237,sub08,J-D,jumpHeight,-0.005402033204656875,-0.2668236678066784,,
B,at_least_2_plus_2,advised,40,237,sub09,J-D,jumpHeight,-0.037553121066233874,-2.044202769794653,,
B,at_least_2_plus_2,advised,40,237,sub10,J-D,jumpHeight,0.009216447559349528,0.4644309115615158,,
B,at_least_2_plus_2,advised,40,237,sub11,J-D,jumpHeight,-0.015471829306193674,-0.7549943373116134,,
B,at_least_2_plus_2,advised,40,237,sub12,J-D,jumpHeight,-0.020823487537538155,-1.2475157128055114,,
B,at_least_2_plus_2,advised,40,237,sub13,J-D,jumpHeight,-0.0009837813393126504,-0.0536548533400017,,
B,at_least_2_plus_2,advised,40,237,sub14,J-D,jumpHeight,-0.01359536538583983,-0.6123466628896997,,
B,at_least_2_plus_2,advised,40,237,sub15,J-D,jumpHeight,-0.009016844181756467,,,
B,at_least_2_plus_2,advised,40,237,sub16,J-D,jumpHeight,0.016997542759356388,0.6890674603569292,,
B,at_least_2_plus_2,advised,40,237,sub17,J-D,jumpHeight,-0.01484409959943217,-0.5863098006575952,,
B,at_least_2_plus_2,advised,40,237,sub18,J-D,jumpHeight,-0.006454689082261211,-0.19843491602202654,,
B,at_least_2_plus_2,advised,40,237,sub19,J-D,jumpHeight,-0.020374025248250882,-0.9691432642795696,,
B,at_least_2_plus_2,advised,40,237,sub20,J-D,jumpHeight,-0.03450708744393671,-1.226083158327184,,
B,at_least_2_plus_2,advised,40,237,sub21,J-D,jumpHeight,-0.012947659598234074,-0.4886948296699072,,
B,at_least_2_plus_2,advised,40,237,sub22,J-D,jumpHeight,0.006681748312736657,0.30718610320652034,,
B,at_least_2_plus_2,advised,40,237,sub23,J-D,jumpHeight,-0.015665022304359066,-0.6698442270150097,,
B,at_least_2_plus_2,advised,40,237,sub24,J-D,jumpHeight,-0.015210921975201797,-0.5655374573980861,,
B,at_least_2_plus_2,advised,40,237,sub25,J-D,jumpHeight,-0.003063966930706652,-0.14516920017469706,,
B,at_least_2_plus_2,advised,40,237,sub26,J-D,jumpHeight,0.009309219402551583,0.2977619267295939,,
B,at_least_2_plus_2,advised,40,237,sub27,J-D,jumpHeight,-0.015836066695694928,-0.8488308588444495,,
B,at_least_2_plus_2,advised,40,237,sub28,J-D,jumpHeight,0.019069372706407295,0.5667108605830701,,
B,at_least_2_plus_2,advised,40,237,sub29,J-D,jumpHeight,-0.022537602256606837,-0.711716793019919,,
B,at_least_2_plus_2,advised,40,237,sub30,J-D,jumpHeight,-0.012146779311636546,-0.47713452350807833,,
B,at_least_2_plus_2,advised,40,237,sub31,J-D,jumpHeight,0.012328059058939966,0.46768886656497827,,
B,at_least_2_plus_2,advised,40,237,sub33,J-D,jumpHeight,-0.03128354886828977,-1.2829694984011335,,
B,at_least_2_plus_2,advised,40,237,sub35,J-D,jumpHeight,0.0044653298529583885,0.2461418353766249,,
B,at_least_2_plus_2,advised,40,237,sub36,J-D,jumpHeight,-0.001525264642505908,-0.06590171230815678,,
B,at_least_2_plus_2,advised,40,237,sub37,J-D,jumpHeight,0.012332176936454164,0.5662225572967976,,
B,at_least_2_plus_2,advised,40,237,sub38,J-D,jumpHeight,-0.004604761964007109,-0.21720250144428507,,
B,at_least_2_plus_2,advised,40,237,sub39,J-D,jumpHeight,0.02674610992834059,1.0201695511271849,,
B,at_least_2_plus_2,advised,40,237,sub41,J-D,jumpHeight,-0.03204717025822418,-1.2497758769307523,,
B,at_least_2_plus_2,advised,40,237,sub42,J-D,jumpHeight,-0.02244392242171389,-0.8458194244062831,,
B,at_least_2_plus_2,advised,40,237,sub43,J-D,jumpHeight,-0.04708682601861802,-1.8012583996040346,,
B,at_least_2_plus_2,advised,40,237,sub44,J-D,jumpHeight,-0.012063463626407478,,,
B,at_least_2_plus_2,advised,40,237,sub01,J-D,countermovementDepth,0.03171450726392827,1.2157412773134675,,
B,at_least_2_plus_2,advised,40,237,sub02,J-D,countermovementDepth,-0.015357026334908819,-0.6109001023654489,,
B,at_least_2_plus_2,advised,40,237,sub03,J-D,countermovementDepth,0.00471302499521159,0.2356512497605795,,
B,at_least_2_plus_2,advised,40,237,sub04,J-D,countermovementDepth,0.03760528443293504,0.9366398303695435,,
B,at_least_2_plus_2,advised,40,237,sub06,J-D,countermovementDepth,-0.01668112817173889,-0.8340564085869445,,
B,at_least_2_plus_2,advised,40,237,sub07,J-D,countermovementDepth,-0.002491416990824308,-0.0963676700117363,,
B,at_least_2_plus_2,advised,40,237,sub08,J-D,countermovementDepth,0.04105101240505671,1.682848372160411,,
B,at_least_2_plus_2,advised,40,237,sub09,J-D,countermovementDepth,-0.03584241191228482,-1.712328896918765,,
B,at_least_2_plus_2,advised,40,237,sub10,J-D,countermovementDepth,0.009957979531327599,0.4957914641221802,,
B,at_least_2_plus_2,advised,40,237,sub11,J-D,countermovementDepth,-0.014555562014921142,-0.7167767895447361,,
B,at_least_2_plus_2,advised,40,237,sub12,J-D,countermovementDepth,0.0001713616689693609,0.008568083448468045,,
B,at_least_2_plus_2,advised,40,237,sub13,J-D,countermovementDepth,0.004426255155047076,0.2118404184083883,,
B,at_least_2_plus_2,advised,40,237,sub14,J-D,countermovementDepth,-0.007886424035500883,-0.39432120177504415,,
B,at_least_2_plus_2,advised,40,237,sub15,J-D,countermovementDepth,-0.058545797417951684,,,
B,at_least_2_plus_2,advised,40,237,sub16,J-D,countermovementDepth,0.027342984285928962,1.2941541286819205,,
B,at_least_2_plus_2,advised,40,237,sub17,J-D,countermovementDepth,0.00562275049501243,0.2643430248745386,,
B,at_least_2_plus_2,advised,40,237,sub18,J-D,countermovementDepth,0.015656951595541535,0.7828475797770768,,
B,at_least_2_plus_2,advised,40,237,sub19,J-D,countermovementDepth,0.010794251441519187,0.3571642766441043,,
B,at_least_2_plus_2,advised,40,237,sub20,J-D,countermovementDepth,-0.039122549940974194,-1.9561274970487097,,
B,at_least_2_plus_2,advised,40,237,sub21,J-D,countermovementDepth,-0.027874008830721886,-1.1120922216905842,,
B,at_least_2_plus_2,advised,40,237,sub22,J-D,countermovementDepth,-0.02299550319032423,-1.1497751595162113,,
B,at_least_2_plus_2,advised,40,237,sub23,J-D,countermovementDepth,-0.013212934563311629,-0.6606467281655815,,
B,at_least_2_plus_2,advised,40,237,sub24,J-D,countermovementDepth,-0.0014494255357506147,-0.06537095188054924,,
B,at_least_2_plus_2,advised,40,237,sub25,J-D,countermovementDepth,0.028576880016212225,1.4288440008106111,,
B,at_least_2_plus_2,advised,40,237,sub26,J-D,countermovementDepth,0.050150415899005985,1.971919212043821,,
B,at_least_2_plus_2,advised,40,237,sub27,J-D,countermovementDepth,0.010541547687755837,0.5270773843877918,,
B,at_least_2_plus_2,advised,40,237,sub28,J-D,countermovementDepth,-0.018741989514197643,-0.777770379084581,,
B,at_least_2_plus_2,advised,40,237,sub29,J-D,countermovementDepth,-0.01858115290050749,-0.8047670413661613,,
B,at_least_2_plus_2,advised,40,237,sub30,J-D,countermovementDepth,0.023096051015830732,0.7227758139500103,,
B,at_least_2_plus_2,advised,40,237,sub31,J-D,countermovementDepth,0.0003426154082732391,0.017130770413661955,,
B,at_least_2_plus_2,advised,40,237,sub33,J-D,countermovementDepth,0.010911153239178795,0.3982122021036785,,
B,at_least_2_plus_2,advised,40,237,sub35,J-D,countermovementDepth,0.005073502228003679,0.2286102491907375,,
B,at_least_2_plus_2,advised,40,237,sub36,J-D,countermovementDepth,-0.030031684791328173,-1.0992903323529064,,
B,at_least_2_plus_2,advised,40,237,sub37,J-D,countermovementDepth,-0.023015860901371643,-1.0810355371734273,,
B,at_least_2_plus_2,advised,40,237,sub38,J-D,countermovementDepth,-0.007326919463429393,-0.3052501972757165,,
B,at_least_2_plus_2,advised,40,237,sub39,J-D,countermovementDepth,0.05176746501342733,1.8031566199293514,,
B,at_least_2_plus_2,advised,40,237,sub41,J-D,countermovementDepth,0.0023081410332487784,0.06351200089163381,,
B,at_least_2_plus_2,advised,40,237,sub42,J-D,countermovementDepth,0.019929864078173543,0.7124073952947991,,
B,at_least_2_plus_2,advised,40,237,sub43,J-D,countermovementDepth,-0.04652974504935353,-2.3264872524676767,,
B,at_least_2_plus_2,advised,40,237,sub44,J-D,countermovementDepth,0.008313848375731459,,,
B,at_least_2_plus_2,advised,40,237,sub01,J-D,trunkLean,2.464892412467293,0.805604502228261,,
B,at_least_2_plus_2,advised,40,237,sub02,J-D,trunkLean,-1.7822527146611549,-0.4614409721639873,,
B,at_least_2_plus_2,advised,40,237,sub03,J-D,trunkLean,7.190133876591219,1.8323299923389864,,
B,at_least_2_plus_2,advised,40,237,sub04,J-D,trunkLean,2.6197170885221652,0.8242991944513874,,
B,at_least_2_plus_2,advised,40,237,sub06,J-D,trunkLean,4.804984364132075,1.8440181640439455,,
B,at_least_2_plus_2,advised,40,237,sub07,J-D,trunkLean,-2.9672765556838527,-1.0594749999755555,,
B,at_least_2_plus_2,advised,40,237,sub08,J-D,trunkLean,6.492164398116699,2.2334949650176243,,
B,at_least_2_plus_2,advised,40,237,sub09,J-D,trunkLean,1.5915056676927009,0.41703445727251987,,
B,at_least_2_plus_2,advised,40,237,sub10,J-D,trunkLean,1.2097242284508098,0.5329975529507608,,
B,at_least_2_plus_2,advised,40,237,sub11,J-D,trunkLean,1.806623270722973,0.5404471817063462,,
B,at_least_2_plus_2,advised,40,237,sub12,J-D,trunkLean,-1.1845822991940125,-0.3506408949776898,,
B,at_least_2_plus_2,advised,40,237,sub13,J-D,trunkLean,5.5459283555676535,1.7407776957640149,,
B,at_least_2_plus_2,advised,40,237,sub14,J-D,trunkLean,-3.542257850466708,-0.8086834116702213,,
B,at_least_2_plus_2,advised,40,237,sub15,J-D,trunkLean,4.764614378494834,,,
B,at_least_2_plus_2,advised,40,237,sub16,J-D,trunkLean,-3.485418983054423,-1.497398599260432,,
B,at_least_2_plus_2,advised,40,237,sub17,J-D,trunkLean,0.8336756374669605,0.19083063710861606,,
B,at_least_2_plus_2,advised,40,237,sub18,J-D,trunkLean,4.128956914498936,0.3993554034582455,,
B,at_least_2_plus_2,advised,40,237,sub19,J-D,trunkLean,-5.587366104556779,-1.192261895040466,,
B,at_least_2_plus_2,advised,40,237,sub20,J-D,trunkLean,-1.493023423609646,-0.5851063965528508,,
B,at_least_2_plus_2,advised,40,237,sub21,J-D,trunkLean,10.066337230482219,1.7295628572190358,,
B,at_least_2_plus_2,advised,40,237,sub22,J-D,trunkLean,0.45472530599916183,0.18165650940721367,,
B,at_least_2_plus_2,advised,40,237,sub23,J-D,trunkLean,4.851018037216434,0.8515788140058702,,
B,at_least_2_plus_2,advised,40,237,sub24,J-D,trunkLean,5.895036918005729,1.746940216476334,,
B,at_least_2_plus_2,advised,40,237,sub25,J-D,trunkLean,2.3525830544505695,0.8768430077727696,,
B,at_least_2_plus_2,advised,40,237,sub26,J-D,trunkLean,13.058949872331475,3.915892361983243,,
B,at_least_2_plus_2,advised,40,237,sub27,J-D,trunkLean,0.8587075973088147,0.16764118380348358,,
B,at_least_2_plus_2,advised,40,237,sub28,J-D,trunkLean,2.468297122343728,1.2182440005315491,,
B,at_least_2_plus_2,advised,40,237,sub29,J-D,trunkLean,-1.3254012446720864,-0.6071805638462392,,
B,at_least_2_plus_2,advised,40,237,sub30,J-D,trunkLean,7.451502363232713,1.7381276724021528,,
B,at_least_2_plus_2,advised,40,237,sub31,J-D,trunkLean,1.5074196672210718,0.6486598656246432,,
B,at_least_2_plus_2,advised,40,237,sub33,J-D,trunkLean,8.470390049473998,1.8783284814027361,,
B,at_least_2_plus_2,advised,40,237,sub35,J-D,trunkLean,3.664509120688571,1.1746330126325208,,
B,at_least_2_plus_2,advised,40,237,sub36,J-D,trunkLean,-3.5533239489339863,-0.9289722526411882,,
B,at_least_2_plus_2,advised,40,237,sub37,J-D,trunkLean,-8.688232046831736,-1.18266111164718,,
B,at_least_2_plus_2,advised,40,237,sub38,J-D,trunkLean,-0.5071433465770383,-0.12131745759326396,,
B,at_least_2_plus_2,advised,40,237,sub39,J-D,trunkLean,13.307613266960676,2.596569636055603,,
B,at_least_2_plus_2,advised,40,237,sub41,J-D,trunkLean,0.7623118257772816,0.25842506397050574,,
B,at_least_2_plus_2,advised,40,237,sub42,J-D,trunkLean,-1.0452567555249317,-0.22906316254597034,,
B,at_least_2_plus_2,advised,40,237,sub43,J-D,trunkLean,-5.521724217201708,-2.038143442201265,,
B,at_least_2_plus_2,advised,40,237,sub44,J-D,trunkLean,1.4110100371148988,,,
B,at_least_2_plus_2,advised,40,237,sub01,J-D,landingKneeFlex,-0.27963286875780113,-0.049615798802130476,,
B,at_least_2_plus_2,advised,40,237,sub02,J-D,landingKneeFlex,-4.759602966982584,-1.328172106336997,,
B,at_least_2_plus_2,advised,40,237,sub03,J-D,landingKneeFlex,-3.371922121001255,-0.7162604668070952,,
B,at_least_2_plus_2,advised,40,237,sub04,J-D,landingKneeFlex,2.090561371009372,0.5907920926260234,,
B,at_least_2_plus_2,advised,40,237,sub06,J-D,landingKneeFlex,-2.8417058804880924,-0.9472352934960308,,
B,at_least_2_plus_2,advised,40,237,sub07,J-D,landingKneeFlex,0.6517283810142942,0.211435967741734,,
B,at_least_2_plus_2,advised,40,237,sub08,J-D,landingKneeFlex,1.0655830872220804,0.35519436240736013,,
B,at_least_2_plus_2,advised,40,237,sub09,J-D,landingKneeFlex,-3.402482268318039,-0.8787326548841428,,
B,at_least_2_plus_2,advised,40,237,sub10,J-D,landingKneeFlex,-0.5624932348331555,-0.18749774494438518,,
B,at_least_2_plus_2,advised,40,237,sub11,J-D,landingKneeFlex,8.066602631671024,1.628010042024747,,
B,at_least_2_plus_2,advised,40,237,sub12,J-D,landingKneeFlex,-2.223344167435542,-0.6993917515329885,,
B,at_least_2_plus_2,advised,40,237,sub13,J-D,landingKneeFlex,2.135540500707883,0.5418359233816765,,
B,at_least_2_plus_2,advised,40,237,sub14,J-D,landingKneeFlex,2.960204731246499,0.9679573459884153,,
B,at_least_2_plus_2,advised,40,237,sub15,J-D,landingKneeFlex,-3.5219344206238503,,,
B,at_least_2_plus_2,advised,40,237,sub16,J-D,landingKneeFlex,-0.019967444984587246,-0.006655814994862415,,
B,at_least_2_plus_2,advised,40,237,sub17,J-D,landingKneeFlex,4.769319384156368,0.8120825583752137,,
B,at_least_2_plus_2,advised,40,237,sub18,J-D,landingKneeFlex,-1.434263522730383,-0.18745967104171515,,
B,at_least_2_plus_2,advised,40,237,sub19,J-D,landingKneeFlex,5.406568622906576,1.114721840588037,,
B,at_least_2_plus_2,advised,40,237,sub20,J-D,landingKneeFlex,4.868828798089197,0.7147867004381875,,
B,at_least_2_plus_2,advised,40,237,sub21,J-D,landingKneeFlex,5.337925397940275,1.194686815734716,,
B,at_least_2_plus_2,advised,40,237,sub22,J-D,landingKneeFlex,-1.422563673123392,-0.43170558310577817,,
B,at_least_2_plus_2,advised,40,237,sub23,J-D,landingKneeFlex,-3.7655995623365044,-0.8532930847838274,,
B,at_least_2_plus_2,advised,40,237,sub24,J-D,landingKneeFlex,2.344718048760889,0.7815726829202964,,
B,at_least_2_plus_2,advised,40,237,sub25,J-D,landingKneeFlex,3.251709003632243,0.9949557650647818,,
B,at_least_2_plus_2,advised,40,237,sub26,J-D,landingKneeFlex,20.668443183958736,1.865566441372293,,
B,at_least_2_plus_2,advised,40,237,sub27,J-D,landingKneeFlex,-10.663064298338384,-3.5355703126589173,,
B,at_least_2_plus_2,advised,40,237,sub28,J-D,landingKneeFlex,-6.291942713335942,-1.3728414201803654,,
B,at_least_2_plus_2,advised,40,237,sub29,J-D,landingKneeFlex,-6.079880926718971,-1.207922452684586,,
B,at_least_2_plus_2,advised,40,237,sub30,J-D,landingKneeFlex,4.787903789568432,0.907351208023758,,
B,at_least_2_plus_2,advised,40,237,sub31,J-D,landingKneeFlex,-3.6598326053692176,-0.8846959529440508,,
B,at_least_2_plus_2,advised,40,237,sub33,J-D,landingKneeFlex,0.09520212673189121,0.027700057664891076,,
B,at_least_2_plus_2,advised,40,237,sub35,J-D,landingKneeFlex,1.8453354284779664,0.2733366001685749,,
B,at_least_2_plus_2,advised,40,237,sub36,J-D,landingKneeFlex,-3.2789481032468544,-1.0106155397005405,,
B,at_least_2_plus_2,advised,40,237,sub37,J-D,landingKneeFlex,-2.6660865473876783,-0.5142591061017519,,
B,at_least_2_plus_2,advised,40,237,sub38,J-D,landingKneeFlex,3.1015191471307304,0.9824594533439749,,
B,at_least_2_plus_2,advised,40,237,sub39,J-D,landingKneeFlex,16.518592010357132,3.037529368864754,,
B,at_least_2_plus_2,advised,40,237,sub41,J-D,landingKneeFlex,4.3386356866546265,1.349619447433237,,
B,at_least_2_plus_2,advised,40,237,sub42,J-D,landingKneeFlex,0.6017538328025722,0.13126919206143997,,
B,at_least_2_plus_2,advised,40,237,sub43,J-D,landingKneeFlex,0.10011024145492797,0.016688502015671004,,
B,at_least_2_plus_2,advised,40,237,sub44,J-D,landingKneeFlex,7.900556927135469,,,
B,at_least_2_plus_2,advised,40,237,sub01,J-D,rsiMod,-0.08785306142495364,-1.3047072600721223,,
B,at_least_2_plus_2,advised,40,237,sub02,J-D,rsiMod,0.03645289300397214,0.6446974890637318,,
B,at_least_2_plus_2,advised,40,237,sub03,J-D,rsiMod,-0.06511690041880436,-2.4047730132297844,,
B,at_least_2_plus_2,advised,40,237,sub04,J-D,rsiMod,-0.0917827903314678,-3.1237826252614225,,
B,at_least_2_plus_2,advised,40,237,sub06,J-D,rsiMod,-0.05410811932645365,-1.238869783818847,,
B,at_least_2_plus_2,advised,40,237,sub07,J-D,rsiMod,0.11527126306757418,1.0443518090025394,,
B,at_least_2_plus_2,advised,40,237,sub08,J-D,rsiMod,-0.10064906652972305,-2.097919551998141,,
B,at_least_2_plus_2,advised,40,237,sub09,J-D,rsiMod,-0.07731291504452553,-1.9492740983536558,,
B,at_least_2_plus_2,advised,40,237,sub10,J-D,rsiMod,0.05897658321097443,0.8045157787145109,,
B,at_least_2_plus_2,advised,40,237,sub11,J-D,rsiMod,-0.06242288995169204,-1.103315799648562,,
B,at_least_2_plus_2,advised,40,237,sub12,J-D,rsiMod,-0.030322164917452488,-1.3695696799376877,,
B,at_least_2_plus_2,advised,40,237,sub13,J-D,rsiMod,-0.06197046230158737,-1.4408889144455914,,
B,at_least_2_plus_2,advised,40,237,sub14,J-D,rsiMod,-0.03691631543698237,-0.6662202284735518,,
B,at_least_2_plus_2,advised,40,237,sub15,J-D,rsiMod,-0.1076554564327109,,,
B,at_least_2_plus_2,advised,40,237,sub16,J-D,rsiMod,0.10258529413944595,1.7844303195522049,,
B,at_least_2_plus_2,advised,40,237,sub17,J-D,rsiMod,-0.056945780935131085,-0.764046055535577,,
B,at_least_2_plus_2,advised,40,237,sub18,J-D,rsiMod,0.07389051908762256,1.0230043982826573,,
B,at_least_2_plus_2,advised,40,237,sub19,J-D,rsiMod,0.09443791391923717,1.907289255615293,,
B,at_least_2_plus_2,advised,40,237,sub20,J-D,rsiMod,-0.035209123419336685,-0.5170959600488517,,
B,at_least_2_plus_2,advised,40,237,sub21,J-D,rsiMod,0.02705588255215574,0.5125040387523507,,
B,at_least_2_plus_2,advised,40,237,sub22,J-D,rsiMod,-0.048659263249853923,-1.159304179111113,,
B,at_least_2_plus_2,advised,40,237,sub23,J-D,rsiMod,-0.07691147328373482,-0.9620001244301843,,
B,at_least_2_plus_2,advised,40,237,sub24,J-D,rsiMod,-0.03524399028132774,-0.4151295831472288,,
B,at_least_2_plus_2,advised,40,237,sub25,J-D,rsiMod,0.025489983004978012,0.3674601394134782,,
B,at_least_2_plus_2,advised,40,237,sub26,J-D,rsiMod,-0.10353431031210647,-1.252455784995722,,
B,at_least_2_plus_2,advised,40,237,sub27,J-D,rsiMod,-0.04266206585449278,-1.489284030752509,,
B,at_least_2_plus_2,advised,40,237,sub28,J-D,rsiMod,0.006485789287494992,0.074959150711862,,
B,at_least_2_plus_2,advised,40,237,sub29,J-D,rsiMod,-0.04146190796813887,-0.7337435492777725,,
B,at_least_2_plus_2,advised,40,237,sub30,J-D,rsiMod,-0.09200182092318776,-0.7868169360063806,,
B,at_least_2_plus_2,advised,40,237,sub31,J-D,rsiMod,0.03857615208929133,0.3936176998335048,,
B,at_least_2_plus_2,advised,40,237,sub33,J-D,rsiMod,-0.1701396199913554,-2.469794292934324,,
B,at_least_2_plus_2,advised,40,237,sub35,J-D,rsiMod,0.025339768550949104,0.48221090383531656,,
B,at_least_2_plus_2,advised,40,237,sub36,J-D,rsiMod,0.10052420754121466,0.9578727580411245,,
B,at_least_2_plus_2,advised,40,237,sub37,J-D,rsiMod,-0.054461529815639675,-0.4520093249812747,,
B,at_least_2_plus_2,advised,40,237,sub38,J-D,rsiMod,0.015557616702372323,0.18868803803861328,,
B,at_least_2_plus_2,advised,40,237,sub39,J-D,rsiMod,-0.03574487558468942,-0.26588422672320533,,
B,at_least_2_plus_2,advised,40,237,sub41,J-D,rsiMod,-0.04412029803786355,-1.4433956294179475,,
B,at_least_2_plus_2,advised,40,237,sub42,J-D,rsiMod,-0.06565773520646356,-1.4702094014782603,,
B,at_least_2_plus_2,advised,40,237,sub43,J-D,rsiMod,0.03235795452872703,0.32909066006848386,,
B,at_least_2_plus_2,advised,40,237,sub44,J-D,rsiMod,0.04425038756955402,,,
B,at_least_2_plus_2,advised,40,237,sub01,J-D,eccentricDuration,0.008958136295367736,0.2239534073841934,,
B,at_least_2_plus_2,advised,40,237,sub02,J-D,eccentricDuration,0.012839232333229311,0.3104451879751573,,
B,at_least_2_plus_2,advised,40,237,sub03,J-D,eccentricDuration,0.13473318414482582,2.321324260563983,,
B,at_least_2_plus_2,advised,40,237,sub04,J-D,eccentricDuration,0.3758224591616679,2.8446844476751685,,
B,at_least_2_plus_2,advised,40,237,sub06,J-D,eccentricDuration,-0.02909575203058734,-0.2507380792520309,,
B,at_least_2_plus_2,advised,40,237,sub07,J-D,eccentricDuration,-0.1101326592960965,-0.9253723548031995,,
B,at_least_2_plus_2,advised,40,237,sub08,J-D,eccentricDuration,0.06727685151896184,1.6819212879740462,,
B,at_least_2_plus_2,advised,40,237,sub09,J-D,eccentricDuration,0.05499530183747148,1.0232951486248403,,
B,at_least_2_plus_2,advised,40,237,sub10,J-D,eccentricDuration,-0.017284986516559242,-0.4274542556125197,,
B,at_least_2_plus_2,advised,40,237,sub11,J-D,eccentricDuration,0.05671753810508101,0.9859778562208471,,
B,at_least_2_plus_2,advised,40,237,sub12,J-D,eccentricDuration,-0.00892642190128512,-0.223160547532128,,
B,at_least_2_plus_2,advised,40,237,sub13,J-D,eccentricDuration,0.019971147562084512,0.4903633721605469,,
B,at_least_2_plus_2,advised,40,237,sub14,J-D,eccentricDuration,0.01687017688631276,0.19750036920099287,,
B,at_least_2_plus_2,advised,40,237,sub15,J-D,eccentricDuration,0.17404594766440817,,,
B,at_least_2_plus_2,advised,40,237,sub16,J-D,eccentricDuration,-0.045080671365882174,-1.1270167841470544,,
B,at_least_2_plus_2,advised,40,237,sub17,J-D,eccentricDuration,0.054220508109310894,0.5304191206579213,,
B,at_least_2_plus_2,advised,40,237,sub18,J-D,eccentricDuration,-0.26825953655959023,-0.9534135541446712,,
B,at_least_2_plus_2,advised,40,237,sub19,J-D,eccentricDuration,-0.5609565511613555,-5.126273235096077,,
B,at_least_2_plus_2,advised,40,237,sub20,J-D,eccentricDuration,0.03334505372370655,0.8336263430926638,,
B,at_least_2_plus_2,advised,40,237,sub21,J-D,eccentricDuration,-0.08021435602597826,-0.6597074287438273,,
B,at_least_2_plus_2,advised,40,237,sub22,J-D,eccentricDuration,0.04151478378636281,0.711369596635599,,
B,at_least_2_plus_2,advised,40,237,sub23,J-D,eccentricDuration,0.024753026570566383,0.5019937190435949,,
B,at_least_2_plus_2,advised,40,237,sub24,J-D,eccentricDuration,0.0010701374682923204,0.02675343670730801,,
B,at_least_2_plus_2,advised,40,237,sub25,J-D,eccentricDuration,-0.01542368852168774,-0.1818485310011967,,
B,at_least_2_plus_2,advised,40,237,sub26,J-D,eccentricDuration,0.03978140303854005,0.9945350759635013,,
B,at_least_2_plus_2,advised,40,237,sub27,J-D,eccentricDuration,0.0020621054560474583,0.05155263640118646,,
B,at_least_2_plus_2,advised,40,237,sub28,J-D,eccentricDuration,-0.007590736642941465,-0.18976841607353662,,
B,at_least_2_plus_2,advised,40,237,sub29,J-D,eccentricDuration,-0.002452647010911302,-0.06131617527278255,,
B,at_least_2_plus_2,advised,40,237,sub30,J-D,eccentricDuration,0.035981137291665355,0.5483387208186029,,
B,at_least_2_plus_2,advised,40,237,sub31,J-D,eccentricDuration,0.0027479206918802346,0.06869801729700586,,
B,at_least_2_plus_2,advised,40,237,sub33,J-D,eccentricDuration,0.0755533094637123,1.8888327365928075,,
B,at_least_2_plus_2,advised,40,237,sub35,J-D,eccentricDuration,-0.018331952296110177,-0.31753805936965773,,
B,at_least_2_plus_2,advised,40,237,sub36,J-D,eccentricDuration,-0.16575100831370165,-0.9884366883998269,,
B,at_least_2_plus_2,advised,40,237,sub37,J-D,eccentricDuration,0.15578735664754917,1.0358904479719315,,
B,at_least_2_plus_2,advised,40,237,sub38,J-D,eccentricDuration,-0.03091122627834858,-0.378462497909352,,
B,at_least_2_plus_2,advised,40,237,sub39,J-D,eccentricDuration,0.026072461784191425,0.39412116041291106,,
B,at_least_2_plus_2,advised,40,237,sub41,J-D,eccentricDuration,0.005833817198456104,0.1372593850957655,,
B,at_least_2_plus_2,advised,40,237,sub42,J-D,eccentricDuration,0.022695470214019575,0.5673867553504893,,
B,at_least_2_plus_2,advised,40,237,sub43,J-D,eccentricDuration,-0.09832848337095756,-1.0422585312394643,,
B,at_least_2_plus_2,advised,40,237,sub44,J-D,eccentricDuration,-0.07306879849758463,,,
B,at_least_2_plus_2,advised,40,237,sub01,J-D,flightTime,-0.022222222222222254,-0.6281604321743828,,
B,at_least_2_plus_2,advised,40,237,sub02,J-D,flightTime,0.011111111111111072,0.3140802160871884,,
B,at_least_2_plus_2,advised,40,237,sub03,J-D,flightTime,0,0,,
B,at_least_2_plus_2,advised,40,237,sub04,J-D,flightTime,0.011111111111111294,0.4901960784313806,,
B,at_least_2_plus_2,advised,40,237,sub06,J-D,flightTime,0.03333333333333299,1.5151515151514996,,
B,at_least_2_plus_2,advised,40,237,sub07,J-D,flightTime,0.011111111111111294,0.30827090847437594,,
B,at_least_2_plus_2,advised,40,237,sub08,J-D,flightTime,0.04444444444444429,2.0202020202020137,,
B,at_least_2_plus_2,advised,40,237,sub09,J-D,flightTime,-0.0444444444444444,-1.256320864348751,,
B,at_least_2_plus_2,advised,40,237,sub10,J-D,flightTime,-3.3306690738754696e-16,-1.5612511283791254e-14,,
B,at_least_2_plus_2,advised,40,237,sub11,J-D,flightTime,-0.011111111111111183,-0.5555555555555591,,
B,at_least_2_plus_2,advised,40,237,sub12,J-D,flightTime,-0.02222222222222242,-1.111111111111121,,
B,at_least_2_plus_2,advised,40,237,sub13,J-D,flightTime,-0.022222222222222254,-0.6402253593264855,,
B,at_least_2_plus_2,advised,40,237,sub14,J-D,flightTime,-0.011111111111111072,-0.3140802160871884,,
B,at_least_2_plus_2,advised,40,237,sub15,J-D,flightTime,-0.011111111111111405,,,
B,at_least_2_plus_2,advised,40,237,sub16,J-D,flightTime,-3.3306690738754696e-16,-1.387778780781446e-14,,
B,at_least_2_plus_2,advised,40,237,sub17,J-D,flightTime,-0.022222222222222254,-1.0752688172043026,,
B,at_least_2_plus_2,advised,40,237,sub18,J-D,flightTime,-0.03333333333333344,-0.9080177971488331,,
B,at_least_2_plus_2,advised,40,237,sub19,J-D,flightTime,-0.011111111111111072,-0.5208333333333316,,
B,at_least_2_plus_2,advised,40,237,sub20,J-D,flightTime,-0.011111111111111294,-0.2972739974434479,,
B,at_least_2_plus_2,advised,40,237,sub21,J-D,flightTime,0,0,,
B,at_least_2_plus_2,advised,40,237,sub22,J-D,flightTime,-0.033333333333333215,-1.5151515151515094,,
B,at_least_2_plus_2,advised,40,237,sub23,J-D,flightTime,-0.011111111111111072,-0.5050505050505032,,
B,at_least_2_plus_2,advised,40,237,sub24,J-D,flightTime,0,0,,
B,at_least_2_plus_2,advised,40,237,sub25,J-D,flightTime,1.1102230246251565e-16,4.898042755699221e-15,,
B,at_least_2_plus_2,advised,40,237,sub26,J-D,flightTime,0.022222222222222143,0.6821164199600968,,
B,at_least_2_plus_2,advised,40,237,sub27,J-D,flightTime,-0.03333333333333344,-1.1143920432576173,,
B,at_least_2_plus_2,advised,40,237,sub28,J-D,flightTime,-0.011111111111111294,-0.3481832554510032,,
B,at_least_2_plus_2,advised,40,237,sub29,J-D,flightTime,-0.01111111111111096,-0.2870346450816581,,
B,at_least_2_plus_2,advised,40,237,sub30,J-D,flightTime,-2.220446049250313e-16,-8.764918615461765e-15,,
B,at_least_2_plus_2,advised,40,237,sub31,J-D,flightTime,0.011111111111111072,0.490196078431371,,
B,at_least_2_plus_2,advised,40,237,sub33,J-D,flightTime,-0.022222222222222143,-0.9803921568627417,,
B,at_least_2_plus_2,advised,40,237,sub35,J-D,flightTime,0.022222222222222254,1.1111111111111125,,
B,at_least_2_plus_2,advised,40,237,sub36,J-D,flightTime,-1.1102230246251565e-16,-5.551115123125783e-15,,
B,at_least_2_plus_2,advised,40,237,sub37,J-D,flightTime,0.011111111111111072,0.5208333333333316,,
B,at_least_2_plus_2,advised,40,237,sub38,J-D,flightTime,-0.022222222222222254,-0.742928028838411,,
B,at_least_2_plus_2,advised,40,237,sub39,J-D,flightTime,0.05555555555555591,1.5133629952480536,,
B,at_least_2_plus_2,advised,40,237,sub41,J-D,flightTime,-0.011111111111111072,-0.43859649122806865,,
B,at_least_2_plus_2,advised,40,237,sub42,J-D,flightTime,0,0,,
B,at_least_2_plus_2,advised,40,237,sub43,J-D,flightTime,-0.04444444444444429,-1.1890959897737732,,
B,at_least_2_plus_2,advised,40,237,sub44,J-D,flightTime,2.220446049250313e-16,,,
B,at_least_2_plus_2,advised,40,237,sub01,J-D,concentricDuration,0.03333333333333338,0.8394191219676015,,
B,at_least_2_plus_2,advised,40,237,sub02,J-D,concentricDuration,-0.033333333333333465,-1.1111111111111156,,
B,at_least_2_plus_2,advised,40,237,sub03,J-D,concentricDuration,0.04444444444444434,1.481481481481478,,
B,at_least_2_plus_2,advised,40,237,sub04,J-D,concentricDuration,0.10000000000000009,2.2369481596361735,,
B,at_least_2_plus_2,advised,40,237,sub06,J-D,concentricDuration,0.2222222222222221,1.4913366930758856,,
B,at_least_2_plus_2,advised,40,237,sub07,J-D,concentricDuration,-0.022222222222222143,-0.5596127479783982,,
B,at_least_2_plus_2,advised,40,237,sub08,J-D,concentricDuration,-8.326672684688674e-17,-2.7755575615628914e-15,,
B,at_least_2_plus_2,advised,40,237,sub09,J-D,concentricDuration,0.03333333333333344,0.8238843303964285,,
B,at_least_2_plus_2,advised,40,237,sub10,J-D,concentricDuration,-0.02222222222222192,-0.5596127479783973,,
B,at_least_2_plus_2,advised,40,237,sub11,J-D,concentricDuration,0.022222222222222143,0.6489185691191101,,
B,at_least_2_plus_2,advised,40,237,sub12,J-D,concentricDuration,0.033333333333333326,1.111111111111111,,
B,at_least_2_plus_2,advised,40,237,sub13,J-D,concentricDuration,0.06666666666666668,1.9467557073573374,,
B,at_least_2_plus_2,advised,40,237,sub14,J-D,concentricDuration,0.011111111111110988,0.3703703703703663,,
B,at_least_2_plus_2,advised,40,237,sub15,J-D,concentricDuration,-0.022222222222222338,,,
B,at_least_2_plus_2,advised,40,237,sub16,J-D,concentricDuration,2.220446049250313e-16,7.401486830834377e-15,,
B,at_least_2_plus_2,advised,40,237,sub17,J-D,concentricDuration,0.022222222222222282,0.7407407407407428,,
B,at_least_2_plus_2,advised,40,237,sub18,J-D,concentricDuration,0.0444444444444447,1.1192254959568069,,
B,at_least_2_plus_2,advised,40,237,sub19,J-D,concentricDuration,0.0666666666666666,0.539592607581276,,
B,at_least_2_plus_2,advised,40,237,sub20,J-D,concentricDuration,-0.044444444444444425,-1.481481481481481,,
B,at_least_2_plus_2,advised,40,237,sub21,J-D,concentricDuration,-0.011111111111111072,-0.2214747279138287,,
B,at_least_2_plus_2,advised,40,237,sub22,J-D,concentricDuration,0.03333333333333344,1.1111111111111147,,
B,at_least_2_plus_2,advised,40,237,sub23,J-D,concentricDuration,0.011111111111111072,0.3703703703703691,,
B,at_least_2_plus_2,advised,40,237,sub24,J-D,concentricDuration,0.011111111111111183,0.2527837297892376,,
B,at_least_2_plus_2,advised,40,237,sub25,J-D,concentricDuration,-0.04444444444444462,-0.6110459613077778,,
B,at_least_2_plus_2,advised,40,237,sub26,J-D,concentricDuration,0.04444444444444434,1.0985124405285704,,
B,at_least_2_plus_2,advised,40,237,sub27,J-D,concentricDuration,0.03333333333333355,0.8394191219676057,,
B,at_least_2_plus_2,advised,40,237,sub28,J-D,concentricDuration,0.022222222222222282,0.7407407407407428,,
B,at_least_2_plus_2,advised,40,237,sub29,J-D,concentricDuration,0.011111111111111155,0.2798063739892012,,
B,at_least_2_plus_2,advised,40,237,sub30,J-D,concentricDuration,0.04444444444444434,1.011134919156942,,
B,at_least_2_plus_2,advised,40,237,sub31,J-D,concentricDuration,-0.011111111111111127,-0.2798063739892005,,
B,at_least_2_plus_2,advised,40,237,sub33,J-D,concentricDuration,0.044444444444444425,1.1192254959568,,
B,at_least_2_plus_2,advised,40,237,sub35,J-D,concentricDuration,-0.022222222222222143,-0.6489185691191101,,
B,at_least_2_plus_2,advised,40,237,sub36,J-D,concentricDuration,-0.055555555555555525,-0.8802620052938102,,
B,at_least_2_plus_2,advised,40,237,sub37,J-D,concentricDuration,-0.033333333333333354,-0.8238843303964312,,
B,at_least_2_plus_2,advised,40,237,sub38,J-D,concentricDuration,-0.011111111111111155,-0.32445928455955797,,
B,at_least_2_plus_2,advised,40,237,sub39,J-D,concentricDuration,0.022222222222222088,0.7407407407407363,,
B,at_least_2_plus_2,advised,40,237,sub41,J-D,concentricDuration,0.022222222222222254,0.5065758341363032,,
B,at_least_2_plus_2,advised,40,237,sub42,J-D,concentricDuration,0.011111111111111127,0.3703703703703709,,
B,at_least_2_plus_2,advised,40,237,sub43,J-D,concentricDuration,-0.011111111111111183,-0.2798063739892019,,
B,at_least_2_plus_2,advised,40,237,sub44,J-D,concentricDuration,0.016666666666666607,,,
B,at_least_2_plus_2,advised,40,237,sub01,J-D,asymmetry,-1.5431006245240582,-0.6533404854399443,,
B,at_least_2_plus_2,advised,40,237,sub02,J-D,asymmetry,1.56084162968079,0.780420814840395,,
B,at_least_2_plus_2,advised,40,237,sub03,J-D,asymmetry,-1.7279811141522519,-0.8639905570761259,,
B,at_least_2_plus_2,advised,40,237,sub04,J-D,asymmetry,-1.5108552614992448,-0.7554276307496224,,
B,at_least_2_plus_2,advised,40,237,sub06,J-D,asymmetry,-1.6222618776991542,-0.8111309388495771,,
B,at_least_2_plus_2,advised,40,237,sub07,J-D,asymmetry,2.5871789875032043,1.0956960720489448,,
B,at_least_2_plus_2,advised,40,237,sub08,J-D,asymmetry,1.3234226612826028,0.6617113306413014,,
B,at_least_2_plus_2,advised,40,237,sub09,J-D,asymmetry,1.212940929647928,0.304751182081072,,
B,at_least_2_plus_2,advised,40,237,sub10,J-D,asymmetry,0.35928971972368606,0.17964485986184303,,
B,at_least_2_plus_2,advised,40,237,sub11,J-D,asymmetry,-0.5087291018227136,-0.24929672251657783,,
B,at_least_2_plus_2,advised,40,237,sub12,J-D,asymmetry,-1.5043085233605398,-0.5383199969074596,,
B,at_least_2_plus_2,advised,40,237,sub13,J-D,asymmetry,-3.356080699695454,-1.678040349847727,,
B,at_least_2_plus_2,advised,40,237,sub14,J-D,asymmetry,5.312116511728917,1.9480085548329618,,
B,at_least_2_plus_2,advised,40,237,sub15,J-D,asymmetry,-2.5880357834383094,,,
B,at_least_2_plus_2,advised,40,237,sub16,J-D,asymmetry,0.2069599388408303,0.10347996942041515,,
B,at_least_2_plus_2,advised,40,237,sub17,J-D,asymmetry,0.7938706371335336,0.3138643400435425,,
B,at_least_2_plus_2,advised,40,237,sub18,J-D,asymmetry,3.034099791503455,1.1549672157606086,,
B,at_least_2_plus_2,advised,40,237,sub19,J-D,asymmetry,-1.9931358091930154,-0.9838267647568513,,
B,at_least_2_plus_2,advised,40,237,sub20,J-D,asymmetry,0.4616463062311311,0.1079197246471455,,
B,at_least_2_plus_2,advised,40,237,sub21,J-D,asymmetry,-1.2618467006293486,-0.4206333615343352,,
B,at_least_2_plus_2,advised,40,237,sub22,J-D,asymmetry,-3.0448312969336038,-1.4482133954215375,,
B,at_least_2_plus_2,advised,40,237,sub23,J-D,asymmetry,-1.6220866870199213,-0.6915380305561084,,
B,at_least_2_plus_2,advised,40,237,sub24,J-D,asymmetry,0.5390745449464256,0.14638082470182628,,
B,at_least_2_plus_2,advised,40,237,sub25,J-D,asymmetry,1.3874355083918122,0.5533114891095077,,
B,at_least_2_plus_2,advised,40,237,sub26,J-D,asymmetry,3.072935118125055,1.035670964874162,,
B,at_least_2_plus_2,advised,40,237,sub27,J-D,asymmetry,2.1337579505442035,0.9554000569387979,,
B,at_least_2_plus_2,advised,40,237,sub28,J-D,asymmetry,2.817369739949825,0.6111919048638144,,
B,at_least_2_plus_2,advised,40,237,sub29,J-D,asymmetry,-0.5834356801416666,-0.28588377157864014,,
B,at_least_2_plus_2,advised,40,237,sub30,J-D,asymmetry,-2.9050119548838182,-1.1683958675021198,,
B,at_least_2_plus_2,advised,40,237,sub31,J-D,asymmetry,3.4164366306255403,1.2807377775851894,,
B,at_least_2_plus_2,advised,40,237,sub33,J-D,asymmetry,-0.9371744996338549,-0.2869506372631392,,
B,at_least_2_plus_2,advised,40,237,sub35,J-D,asymmetry,3.5685880250594737,1.0574943824998924,,
B,at_least_2_plus_2,advised,40,237,sub36,J-D,asymmetry,-0.6391605576243271,-0.31958027881216355,,
B,at_least_2_plus_2,advised,40,237,sub37,J-D,asymmetry,-1.2754839168870733,-0.36026879310985194,,
B,at_least_2_plus_2,advised,40,237,sub38,J-D,asymmetry,0.21619038289880166,0.10809519144940083,,
B,at_least_2_plus_2,advised,40,237,sub39,J-D,asymmetry,-7.429341766675895,-0.8120678456918623,,
B,at_least_2_plus_2,advised,40,237,sub41,J-D,asymmetry,-2.933689110930108,-1.466844555465054,,
B,at_least_2_plus_2,advised,40,237,sub42,J-D,asymmetry,2.74591240820996,0.9473841926532933,,
B,at_least_2_plus_2,advised,40,237,sub43,J-D,asymmetry,-1.1804813558400777,-0.4821940653405244,,
B,at_least_2_plus_2,advised,40,237,sub44,J-D,asymmetry,6.2730659288129615,,,
B,at_least_2_plus_2,advised,40,237,sub01,J-B,S0,-0.07084363679386374,,,
B,at_least_2_plus_2,advised,40,237,sub02,J-B,S0,-0.11105444725731883,,,
B,at_least_2_plus_2,advised,40,237,sub03,J-B,S0,0.11600494778125259,,,
B,at_least_2_plus_2,advised,40,237,sub04,J-B,S0,0.621743400893314,,,
B,at_least_2_plus_2,advised,40,237,sub06,J-B,S0,0.5581943440298505,,,
B,at_least_2_plus_2,advised,40,237,sub07,J-B,S0,0.061559264933134905,,,
B,at_least_2_plus_2,advised,40,237,sub08,J-B,S0,-0.12546142245357872,,,
B,at_least_2_plus_2,advised,40,237,sub09,J-B,S0,0.023098498932917044,,,
B,at_least_2_plus_2,advised,40,237,sub10,J-B,S0,-0.024926010667533305,,,
B,at_least_2_plus_2,advised,40,237,sub11,J-B,S0,0.039473611956817534,,,
B,at_least_2_plus_2,advised,40,237,sub12,J-B,S0,0.18846999072640003,,,
B,at_least_2_plus_2,advised,40,237,sub13,J-B,S0,0.15006691987948972,,,
B,at_least_2_plus_2,advised,40,237,sub14,J-B,S0,0.022113517118526715,,,
B,at_least_2_plus_2,advised,40,237,sub15,J-B,S0,0.3081021437138479,,,
B,at_least_2_plus_2,advised,40,237,sub16,J-B,S0,0.13726030001627032,,,
B,at_least_2_plus_2,advised,40,237,sub17,J-B,S0,0.11694167025588853,,,
B,at_least_2_plus_2,advised,40,237,sub18,J-B,S0,-0.2370447084880556,,,
B,at_least_2_plus_2,advised,40,237,sub19,J-B,S0,-0.6690673751224996,,,
B,at_least_2_plus_2,advised,40,237,sub20,J-B,S0,-0.07232173192045321,,,
B,at_least_2_plus_2,advised,40,237,sub21,J-B,S0,-0.13718280103479774,,,
B,at_least_2_plus_2,advised,40,237,sub22,J-B,S0,0.008707914617229917,,,
B,at_least_2_plus_2,advised,40,237,sub23,J-B,S0,-0.19572695537466012,,,
B,at_least_2_plus_2,advised,40,237,sub24,J-B,S0,0.05281578239017093,,,
B,at_least_2_plus_2,advised,40,237,sub25,J-B,S0,-0.06596402744008123,,,
B,at_least_2_plus_2,advised,40,237,sub26,J-B,S0,0.12323458675799448,,,
B,at_least_2_plus_2,advised,40,237,sub27,J-B,S0,0.03585910097336753,,,
B,at_least_2_plus_2,advised,40,237,sub28,J-B,S0,0.08900152264514727,,,
B,at_least_2_plus_2,advised,40,237,sub29,J-B,S0,-0.22219388064516843,,,
B,at_least_2_plus_2,advised,40,237,sub30,J-B,S0,0.20645261844705431,,,
B,at_least_2_plus_2,advised,40,237,sub31,J-B,S0,0.03297512374571676,,,
B,at_least_2_plus_2,advised,40,237,sub33,J-B,S0,-0.12525042011287635,,,
B,at_least_2_plus_2,advised,40,237,sub35,J-B,S0,-0.08743950982913284,,,
B,at_least_2_plus_2,advised,40,237,sub36,J-B,S0,-0.09310786221303946,,,
B,at_least_2_plus_2,advised,40,237,sub37,J-B,S0,-0.08166970350464009,,,
B,at_least_2_plus_2,advised,40,237,sub38,J-B,S0,0.03952120435204243,,,
B,at_least_2_plus_2,advised,40,237,sub39,J-B,S0,-0.11120330839065762,,,
B,at_least_2_plus_2,advised,40,237,sub41,J-B,S0,0.06914200507220092,,,
B,at_least_2_plus_2,advised,40,237,sub42,J-B,S0,-0.05531989042522967,,,
B,at_least_2_plus_2,advised,40,237,sub43,J-B,S0,-0.27214634219870315,,,
B,at_least_2_plus_2,advised,40,237,sub44,J-B,S0,-0.022900818777163656,,,
B,at_least_2_plus_2,advised,40,237,sub01,J-B,S-P2,-0.07533141578587765,,,
B,at_least_2_plus_2,advised,40,237,sub02,J-B,S-P2,-0.11247573398837374,,,
B,at_least_2_plus_2,advised,40,237,sub03,J-B,S-P2,0.13244371048284598,,,
B,at_least_2_plus_2,advised,40,237,sub04,J-B,S-P2,0.651425069629282,,,
B,at_least_2_plus_2,advised,40,237,sub06,J-B,S-P2,0.6009899173613784,,,
B,at_least_2_plus_2,advised,40,237,sub07,J-B,S-P2,0.05914118384062961,,,
B,at_least_2_plus_2,advised,40,237,sub08,J-B,S-P2,-0.11982230921869785,,,
B,at_least_2_plus_2,advised,40,237,sub09,J-B,S-P2,0.006127480555360165,,,
B,at_least_2_plus_2,advised,40,237,sub10,J-B,S-P2,-0.02614713019106829,,,
B,at_least_2_plus_2,advised,40,237,sub11,J-B,S-P2,0.008717749887741988,,,
B,at_least_2_plus_2,advised,40,237,sub12,J-B,S-P2,0.15539043644726258,,,
B,at_least_2_plus_2,advised,40,237,sub13,J-B,S-P2,0.134848040363574,,,
B,at_least_2_plus_2,advised,40,237,sub14,J-B,S-P2,-0.004036409177226585,,,
B,at_least_2_plus_2,advised,40,237,sub15,J-B,S-P2,0.339760431662147,,,
B,at_least_2_plus_2,advised,40,237,sub16,J-B,S-P2,0.14765602967946545,,,
B,at_least_2_plus_2,advised,40,237,sub17,J-B,S-P2,0.08148629803314522,,,
B,at_least_2_plus_2,advised,40,237,sub18,J-B,S-P2,-0.24546622493145454,,,
B,at_least_2_plus_2,advised,40,237,sub19,J-B,S-P2,-0.7074141618579064,,,
B,at_least_2_plus_2,advised,40,237,sub20,J-B,S-P2,-0.06787746781016457,,,
B,at_least_2_plus_2,advised,40,237,sub21,J-B,S-P2,-0.14493753066562487,,,
B,at_least_2_plus_2,advised,40,237,sub22,J-B,S-P2,-0.0025207217422673622,,,
B,at_least_2_plus_2,advised,40,237,sub23,J-B,S-P2,-0.21677422915092692,,,
B,at_least_2_plus_2,advised,40,237,sub24,J-B,S-P2,0.05765752617328079,,,
B,at_least_2_plus_2,advised,40,237,sub25,J-B,S-P2,-0.0703859325104792,,,
B,at_least_2_plus_2,advised,40,237,sub26,J-B,S-P2,0.08182410875681012,,,
B,at_least_2_plus_2,advised,40,237,sub27,J-B,S-P2,0.016172069783108256,,,
B,at_least_2_plus_2,advised,40,237,sub28,J-B,S-P2,0.1310375577518601,,,
B,at_least_2_plus_2,advised,40,237,sub29,J-B,S-P2,-0.22476085390788159,,,
B,at_least_2_plus_2,advised,40,237,sub30,J-B,S-P2,0.22276075026287834,,,
B,at_least_2_plus_2,advised,40,237,sub31,J-B,S-P2,0.030834123660173685,,,
B,at_least_2_plus_2,advised,40,237,sub33,J-B,S-P2,-0.12907125134236008,,,
B,at_least_2_plus_2,advised,40,237,sub35,J-B,S-P2,-0.05658031926123175,,,
B,at_least_2_plus_2,advised,40,237,sub36,J-B,S-P2,-0.09342938829717229,,,
B,at_least_2_plus_2,advised,40,237,sub37,J-B,S-P2,-0.06714983076168268,,,
B,at_least_2_plus_2,advised,40,237,sub38,J-B,S-P2,-0.015274550707161993,,,
B,at_least_2_plus_2,advised,40,237,sub39,J-B,S-P2,-0.23814192365071918,,,
B,at_least_2_plus_2,advised,40,237,sub41,J-B,S-P2,0.09151719232171551,,,
B,at_least_2_plus_2,advised,40,237,sub42,J-B,S-P2,-0.06057781390313588,,,
B,at_least_2_plus_2,advised,40,237,sub43,J-B,S-P2,-0.21229021068711118,,,
B,at_least_2_plus_2,advised,40,237,sub44,J-B,S-P2,-0.024580072065803593,,,
B,at_least_2_plus_2,advised,40,237,sub01,J-B,S-P3,-0.05586007289890782,,,
B,at_least_2_plus_2,advised,40,237,sub02,J-B,S-P3,-0.12255864120942828,,,
B,at_least_2_plus_2,advised,40,237,sub03,J-B,S-P3,0.13805170490512375,,,
B,at_least_2_plus_2,advised,40,237,sub04,J-B,S-P3,0.6624306889063716,,,
B,at_least_2_plus_2,advised,40,237,sub06,J-B,S-P3,0.5903321087213211,,,
B,at_least_2_plus_2,advised,40,237,sub07,J-B,S-P3,0.03313328917718339,,,
B,at_least_2_plus_2,advised,40,237,sub08,J-B,S-P3,-0.20367254247854494,,,
B,at_least_2_plus_2,advised,40,237,sub09,J-B,S-P3,0.026090062606343833,,,
B,at_least_2_plus_2,advised,40,237,sub10,J-B,S-P3,-0.016486102979244133,,,
B,at_least_2_plus_2,advised,40,237,sub11,J-B,S-P3,0.034168795833138255,,,
B,at_least_2_plus_2,advised,40,237,sub12,J-B,S-P3,0.18128161897589457,,,
B,at_least_2_plus_2,advised,40,237,sub13,J-B,S-P3,0.11405056514390088,,,
B,at_least_2_plus_2,advised,40,237,sub14,J-B,S-P3,0.10098679252144771,,,
B,at_least_2_plus_2,advised,40,237,sub15,J-B,S-P3,0.3386756268675487,,,
B,at_least_2_plus_2,advised,40,237,sub16,J-B,S-P3,0.14687162436958756,,,
B,at_least_2_plus_2,advised,40,237,sub17,J-B,S-P3,0.10064400413385272,,,
B,at_least_2_plus_2,advised,40,237,sub18,J-B,S-P3,-0.26828968716321344,,,
B,at_least_2_plus_2,advised,40,237,sub19,J-B,S-P3,-0.7052791190629193,,,
B,at_least_2_plus_2,advised,40,237,sub20,J-B,S-P3,-0.06985376325937587,,,
B,at_least_2_plus_2,advised,40,237,sub21,J-B,S-P3,-0.15309568869490597,,,
B,at_least_2_plus_2,advised,40,237,sub22,J-B,S-P3,-0.026628677707327963,,,
B,at_least_2_plus_2,advised,40,237,sub23,J-B,S-P3,-0.18541393944212625,,,
B,at_least_2_plus_2,advised,40,237,sub24,J-B,S-P3,0.06565423820226557,,,
B,at_least_2_plus_2,advised,40,237,sub25,J-B,S-P3,-0.06769586904303593,,,
B,at_least_2_plus_2,advised,40,237,sub26,J-B,S-P3,0.13428768911928235,,,
B,at_least_2_plus_2,advised,40,237,sub27,J-B,S-P3,0.05694903631692094,,,
B,at_least_2_plus_2,advised,40,237,sub28,J-B,S-P3,0.06679091874038412,,,
B,at_least_2_plus_2,advised,40,237,sub29,J-B,S-P3,-0.2400089922126496,,,
B,at_least_2_plus_2,advised,40,237,sub30,J-B,S-P3,0.1896330221730803,,,
B,at_least_2_plus_2,advised,40,237,sub31,J-B,S-P3,-0.026616020026729803,,,
B,at_least_2_plus_2,advised,40,237,sub33,J-B,S-P3,-0.11379301603328079,,,
B,at_least_2_plus_2,advised,40,237,sub35,J-B,S-P3,-0.08722280777588598,,,
B,at_least_2_plus_2,advised,40,237,sub36,J-B,S-P3,-0.12163051933252333,,,
B,at_least_2_plus_2,advised,40,237,sub37,J-B,S-P3,-0.08991159397332726,,,
B,at_least_2_plus_2,advised,40,237,sub38,J-B,S-P3,0.03680906763016256,,,
B,at_least_2_plus_2,advised,40,237,sub39,J-B,S-P3,0.1331393480720724,,,
B,at_least_2_plus_2,advised,40,237,sub41,J-B,S-P3,0.039361998094422423,,,
B,at_least_2_plus_2,advised,40,237,sub42,J-B,S-P3,-0.03528199510770036,,,
B,at_least_2_plus_2,advised,40,237,sub43,J-B,S-P3,-0.2884252093772307,,,
B,at_least_2_plus_2,advised,40,237,sub44,J-B,S-P3,0.03313941502352313,,,
B,at_least_2_plus_2,advised,40,237,sub01,J-B,S-P2P3,-0.06007719016355828,,,
B,at_least_2_plus_2,advised,40,237,sub02,J-B,S-P2P3,-0.12498378071409533,,,
B,at_least_2_plus_2,advised,40,237,sub03,J-B,S-P2P3,0.1574929580857669,,,
B,at_least_2_plus_2,advised,40,237,sub04,J-B,S-P2P3,0.6964251749406947,,,
B,at_least_2_plus_2,advised,40,237,sub06,J-B,S-P2P3,0.6376542306284662,,,
B,at_least_2_plus_2,advised,40,237,sub07,J-B,S-P2P3,0.029296644333454247,,,
B,at_least_2_plus_2,advised,40,237,sub08,J-B,S-P2P3,-0.20115888431439644,,,
B,at_least_2_plus_2,advised,40,237,sub09,J-B,S-P2P3,0.007393136689565871,,,
B,at_least_2_plus_2,advised,40,237,sub10,J-B,S-P2P3,-0.017017040953024143,,,
B,at_least_2_plus_2,advised,40,237,sub11,J-B,S-P2P3,0.000728983393665894,,,
B,at_least_2_plus_2,advised,40,237,sub12,J-B,S-P2P3,0.14493678822866085,,,
B,at_least_2_plus_2,advised,40,237,sub13,J-B,S-P2P3,0.09259231283062541,,,
B,at_least_2_plus_2,advised,40,237,sub14,J-B,S-P2P3,0.0809355727651152,,,
B,at_least_2_plus_2,advised,40,237,sub15,J-B,S-P2P3,0.3748008213025086,,,
B,at_least_2_plus_2,advised,40,237,sub16,J-B,S-P2P3,0.15858769086004965,,,
B,at_least_2_plus_2,advised,40,237,sub17,J-B,S-P2P3,0.04659516302277594,,,
B,at_least_2_plus_2,advised,40,237,sub18,J-B,S-P2P3,-0.27903522949112025,,,
B,at_least_2_plus_2,advised,40,237,sub19,J-B,S-P2P3,-0.7497543202609996,,,
B,at_least_2_plus_2,advised,40,237,sub20,J-B,S-P2P3,-0.062451436550994055,,,
B,at_least_2_plus_2,advised,40,237,sub21,J-B,S-P2P3,-0.162196424623136,,,
B,at_least_2_plus_2,advised,40,237,sub22,J-B,S-P2P3,-0.0429825722036572,,,
B,at_least_2_plus_2,advised,40,237,sub23,J-B,S-P2P3,-0.2090580950309524,,,
B,at_least_2_plus_2,advised,40,237,sub24,J-B,S-P2P3,0.0719922183282169,,,
B,at_least_2_plus_2,advised,40,237,sub25,J-B,S-P2P3,-0.07253111074696328,,,
B,at_least_2_plus_2,advised,40,237,sub26,J-B,S-P2P3,0.09190571857583385,,,
B,at_least_2_plus_2,advised,40,237,sub27,J-B,S-P2P3,0.03806260860183841,,,
B,at_least_2_plus_2,advised,40,237,sub28,J-B,S-P2P3,0.10697015632013152,,,
B,at_least_2_plus_2,advised,40,237,sub29,J-B,S-P2P3,-0.2448617062304863,,,
B,at_least_2_plus_2,advised,40,237,sub30,J-B,S-P2P3,0.20578877104519055,,,
B,at_least_2_plus_2,advised,40,237,sub31,J-B,S-P2P3,-0.03183482864285336,,,
B,at_least_2_plus_2,advised,40,237,sub33,J-B,S-P2P3,-0.12385861228926426,,,
B,at_least_2_plus_2,advised,40,237,sub35,J-B,S-P2P3,-0.05381789358561484,,,
B,at_least_2_plus_2,advised,40,237,sub36,J-B,S-P2P3,-0.12376727369134766,,,
B,at_least_2_plus_2,advised,40,237,sub37,J-B,S-P2P3,-0.07540066293337178,,,
B,at_least_2_plus_2,advised,40,237,sub38,J-B,S-P2P3,-0.022326622943063867,,,
B,at_least_2_plus_2,advised,40,237,sub39,J-B,S-P2P3,0.01222931475310396,,,
B,at_least_2_plus_2,advised,40,237,sub41,J-B,S-P2P3,0.06060114320831955,,,
B,at_least_2_plus_2,advised,40,237,sub42,J-B,S-P2P3,-0.03968293909220999,,,
B,at_least_2_plus_2,advised,40,237,sub43,J-B,S-P2P3,-0.2284276616096118,,,
B,at_least_2_plus_2,advised,40,237,sub44,J-B,S-P2P3,0.03780992510891712,,,
B,at_least_2_plus_2,advised,40,237,sub01,J-B,S-valid,-0.027567689606041945,,,
B,at_least_2_plus_2,advised,40,237,sub02,J-B,S-valid,-0.1457908344946237,,,
B,at_least_2_plus_2,advised,40,237,sub03,J-B,S-valid,0.16602369324646338,,,
B,at_least_2_plus_2,advised,40,237,sub04,J-B,S-valid,0.5509286516594392,,,
B,at_least_2_plus_2,advised,40,237,sub06,J-B,S-valid,0.0536313351835952,,,
B,at_least_2_plus_2,advised,40,237,sub07,J-B,S-valid,-0.01542352428816851,,,
B,at_least_2_plus_2,advised,40,237,sub08,J-B,S-valid,-0.23017207599773515,,,
B,at_least_2_plus_2,advised,40,237,sub09,J-B,S-valid,-0.055416816724995765,,,
B,at_least_2_plus_2,advised,40,237,sub10,J-B,S-valid,-0.04229224153266253,,,
B,at_least_2_plus_2,advised,40,237,sub11,J-B,S-valid,-0.026454901758943272,,,
B,at_least_2_plus_2,advised,40,237,sub12,J-B,S-valid,0.08944632382302908,,,
B,at_least_2_plus_2,advised,40,237,sub13,J-B,S-valid,0.07010935222590031,,,
B,at_least_2_plus_2,advised,40,237,sub14,J-B,S-valid,0.09356293025817297,,,
B,at_least_2_plus_2,advised,40,237,sub15,J-B,S-valid,0.3846022792622025,,,
B,at_least_2_plus_2,advised,40,237,sub16,J-B,S-valid,0.17505435253173474,,,
B,at_least_2_plus_2,advised,40,237,sub17,J-B,S-valid,0.061412981410734646,,,
B,at_least_2_plus_2,advised,40,237,sub18,J-B,S-valid,-0.2829554468945892,,,
B,at_least_2_plus_2,advised,40,237,sub19,J-B,S-valid,-0.9020562202066041,,,
B,at_least_2_plus_2,advised,40,237,sub20,J-B,S-valid,-0.07935893583324605,,,
B,at_least_2_plus_2,advised,40,237,sub21,J-B,S-valid,-0.17265980067934295,,,
B,at_least_2_plus_2,advised,40,237,sub22,J-B,S-valid,-0.08297782701073636,,,
B,at_least_2_plus_2,advised,40,237,sub23,J-B,S-valid,-0.21932530029013853,,,
B,at_least_2_plus_2,advised,40,237,sub24,J-B,S-valid,0.06931099857599188,,,
B,at_least_2_plus_2,advised,40,237,sub25,J-B,S-valid,0.02395766914233688,,,
B,at_least_2_plus_2,advised,40,237,sub26,J-B,S-valid,0.08697767972823689,,,
B,at_least_2_plus_2,advised,40,237,sub27,J-B,S-valid,-0.011620482793345932,,,
B,at_least_2_plus_2,advised,40,237,sub28,J-B,S-valid,0.12993476944501658,,,
B,at_least_2_plus_2,advised,40,237,sub29,J-B,S-valid,-0.2528570371239931,,,
B,at_least_2_plus_2,advised,40,237,sub30,J-B,S-valid,0.19284993380048443,,,
B,at_least_2_plus_2,advised,40,237,sub31,J-B,S-valid,-0.04104110567781949,,,
B,at_least_2_plus_2,advised,40,237,sub33,J-B,S-valid,-0.11228512141327635,,,
B,at_least_2_plus_2,advised,40,237,sub35,J-B,S-valid,-0.04008698106525754,,,
B,at_least_2_plus_2,advised,40,237,sub36,J-B,S-valid,-0.08570800308403692,,,
B,at_least_2_plus_2,advised,40,237,sub37,J-B,S-valid,-0.07982802890416985,,,
B,at_least_2_plus_2,advised,40,237,sub38,J-B,S-valid,-0.019418955494966417,,,
B,at_least_2_plus_2,advised,40,237,sub39,J-B,S-valid,0.011848323063302413,,,
B,at_least_2_plus_2,advised,40,237,sub41,J-B,S-valid,0.023889797112433442,,,
B,at_least_2_plus_2,advised,40,237,sub42,J-B,S-valid,-0.051432629700627785,,,
B,at_least_2_plus_2,advised,40,237,sub43,J-B,S-valid,-0.2491535138315164,,,
B,at_least_2_plus_2,advised,40,237,sub44,J-B,S-valid,0.04783643795536152,,,
B,at_least_1_plus_1,advised,43,247,sub01,J-D,jumpHeight,-0.0036644775007147468,-0.1510148299601533,,
B,at_least_1_plus_1,advised,43,247,sub02,J-D,jumpHeight,0.005228704005427687,0.2510368522744745,,
B,at_least_1_plus_1,advised,43,247,sub03,J-D,jumpHeight,0.0031904779860081334,0.19710199276563184,,
B,at_least_1_plus_1,advised,43,247,sub04,J-D,jumpHeight,-0.006933536897093029,-0.3181345585901117,,
B,at_least_1_plus_1,advised,43,247,sub06,J-D,jumpHeight,-0.0022435088059648,-0.09415745815633612,,
B,at_least_1_plus_1,advised,43,247,sub07,J-D,jumpHeight,0.0022282548288066195,0.08909818645050258,,
B,at_least_1_plus_1,advised,43,247,sub08,J-D,jumpHeight,-0.005402033204656875,-0.2668236678066784,,
B,at_least_1_plus_1,advised,43,247,sub09,J-D,jumpHeight,-0.037553121066233874,-2.044202769794653,,
B,at_least_1_plus_1,advised,43,247,sub10,J-D,jumpHeight,0.009216447559349528,0.4644309115615158,,
B,at_least_1_plus_1,advised,43,247,sub11,J-D,jumpHeight,-0.015471829306193674,-0.7549943373116134,,
B,at_least_1_plus_1,advised,43,247,sub12,J-D,jumpHeight,-0.020823487537538155,-1.2475157128055114,,
B,at_least_1_plus_1,advised,43,247,sub13,J-D,jumpHeight,-0.0009837813393126504,-0.0536548533400017,,
B,at_least_1_plus_1,advised,43,247,sub14,J-D,jumpHeight,-0.01359536538583983,-0.6123466628896997,,
B,at_least_1_plus_1,advised,43,247,sub15,J-D,jumpHeight,-0.009016844181756467,,,
B,at_least_1_plus_1,advised,43,247,sub16,J-D,jumpHeight,0.016997542759356388,0.6890674603569292,,
B,at_least_1_plus_1,advised,43,247,sub17,J-D,jumpHeight,-0.01484409959943217,-0.5863098006575952,,
B,at_least_1_plus_1,advised,43,247,sub18,J-D,jumpHeight,-0.006454689082261211,-0.19843491602202654,,
B,at_least_1_plus_1,advised,43,247,sub19,J-D,jumpHeight,-0.020374025248250882,-0.9691432642795696,,
B,at_least_1_plus_1,advised,43,247,sub20,J-D,jumpHeight,-0.03450708744393671,-1.226083158327184,,
B,at_least_1_plus_1,advised,43,247,sub21,J-D,jumpHeight,-0.012947659598234074,-0.4886948296699072,,
B,at_least_1_plus_1,advised,43,247,sub22,J-D,jumpHeight,0.006681748312736657,0.30718610320652034,,
B,at_least_1_plus_1,advised,43,247,sub23,J-D,jumpHeight,-0.015665022304359066,-0.6698442270150097,,
B,at_least_1_plus_1,advised,43,247,sub24,J-D,jumpHeight,-0.015210921975201797,-0.5655374573980861,,
B,at_least_1_plus_1,advised,43,247,sub25,J-D,jumpHeight,-0.003063966930706652,-0.14516920017469706,,
B,at_least_1_plus_1,advised,43,247,sub26,J-D,jumpHeight,0.009309219402551583,0.2977619267295939,,
B,at_least_1_plus_1,advised,43,247,sub27,J-D,jumpHeight,-0.015836066695694928,-0.8488308588444495,,
B,at_least_1_plus_1,advised,43,247,sub28,J-D,jumpHeight,0.019069372706407295,0.5667108605830701,,
B,at_least_1_plus_1,advised,43,247,sub29,J-D,jumpHeight,-0.022537602256606837,-0.711716793019919,,
B,at_least_1_plus_1,advised,43,247,sub30,J-D,jumpHeight,-0.012146779311636546,-0.47713452350807833,,
B,at_least_1_plus_1,advised,43,247,sub31,J-D,jumpHeight,0.012328059058939966,0.46768886656497827,,
B,at_least_1_plus_1,advised,43,247,sub32,J-D,jumpHeight,-0.03375555980753009,,,
B,at_least_1_plus_1,advised,43,247,sub33,J-D,jumpHeight,-0.03128354886828977,-1.2829694984011335,,
B,at_least_1_plus_1,advised,43,247,sub34,J-D,jumpHeight,-0.026973021638060424,,,
B,at_least_1_plus_1,advised,43,247,sub35,J-D,jumpHeight,0.0044653298529583885,0.2461418353766249,,
B,at_least_1_plus_1,advised,43,247,sub36,J-D,jumpHeight,-0.001525264642505908,-0.06590171230815678,,
B,at_least_1_plus_1,advised,43,247,sub37,J-D,jumpHeight,0.012332176936454164,0.5662225572967976,,
B,at_least_1_plus_1,advised,43,247,sub38,J-D,jumpHeight,-0.004604761964007109,-0.21720250144428507,,
B,at_least_1_plus_1,advised,43,247,sub39,J-D,jumpHeight,0.02674610992834059,1.0201695511271849,,
B,at_least_1_plus_1,advised,43,247,sub40,J-D,jumpHeight,-0.06547715117213604,,,
B,at_least_1_plus_1,advised,43,247,sub41,J-D,jumpHeight,-0.03204717025822418,-1.2497758769307523,,
B,at_least_1_plus_1,advised,43,247,sub42,J-D,jumpHeight,-0.02244392242171389,-0.8458194244062831,,
B,at_least_1_plus_1,advised,43,247,sub43,J-D,jumpHeight,-0.04708682601861802,-1.8012583996040346,,
B,at_least_1_plus_1,advised,43,247,sub44,J-D,jumpHeight,-0.012063463626407478,,,
B,at_least_1_plus_1,advised,43,247,sub01,J-D,countermovementDepth,0.03171450726392827,1.2157412773134675,,
B,at_least_1_plus_1,advised,43,247,sub02,J-D,countermovementDepth,-0.015357026334908819,-0.6109001023654489,,
B,at_least_1_plus_1,advised,43,247,sub03,J-D,countermovementDepth,0.00471302499521159,0.2356512497605795,,
B,at_least_1_plus_1,advised,43,247,sub04,J-D,countermovementDepth,0.03760528443293504,0.9366398303695435,,
B,at_least_1_plus_1,advised,43,247,sub06,J-D,countermovementDepth,-0.01668112817173889,-0.8340564085869445,,
B,at_least_1_plus_1,advised,43,247,sub07,J-D,countermovementDepth,-0.002491416990824308,-0.0963676700117363,,
B,at_least_1_plus_1,advised,43,247,sub08,J-D,countermovementDepth,0.04105101240505671,1.682848372160411,,
B,at_least_1_plus_1,advised,43,247,sub09,J-D,countermovementDepth,-0.03584241191228482,-1.712328896918765,,
B,at_least_1_plus_1,advised,43,247,sub10,J-D,countermovementDepth,0.009957979531327599,0.4957914641221802,,
B,at_least_1_plus_1,advised,43,247,sub11,J-D,countermovementDepth,-0.014555562014921142,-0.7167767895447361,,
B,at_least_1_plus_1,advised,43,247,sub12,J-D,countermovementDepth,0.0001713616689693609,0.008568083448468045,,
B,at_least_1_plus_1,advised,43,247,sub13,J-D,countermovementDepth,0.004426255155047076,0.2118404184083883,,
B,at_least_1_plus_1,advised,43,247,sub14,J-D,countermovementDepth,-0.007886424035500883,-0.39432120177504415,,
B,at_least_1_plus_1,advised,43,247,sub15,J-D,countermovementDepth,-0.058545797417951684,,,
B,at_least_1_plus_1,advised,43,247,sub16,J-D,countermovementDepth,0.027342984285928962,1.2941541286819205,,
B,at_least_1_plus_1,advised,43,247,sub17,J-D,countermovementDepth,0.00562275049501243,0.2643430248745386,,
B,at_least_1_plus_1,advised,43,247,sub18,J-D,countermovementDepth,0.015656951595541535,0.7828475797770768,,
B,at_least_1_plus_1,advised,43,247,sub19,J-D,countermovementDepth,0.010794251441519187,0.3571642766441043,,
B,at_least_1_plus_1,advised,43,247,sub20,J-D,countermovementDepth,-0.039122549940974194,-1.9561274970487097,,
B,at_least_1_plus_1,advised,43,247,sub21,J-D,countermovementDepth,-0.027874008830721886,-1.1120922216905842,,
B,at_least_1_plus_1,advised,43,247,sub22,J-D,countermovementDepth,-0.02299550319032423,-1.1497751595162113,,
B,at_least_1_plus_1,advised,43,247,sub23,J-D,countermovementDepth,-0.013212934563311629,-0.6606467281655815,,
B,at_least_1_plus_1,advised,43,247,sub24,J-D,countermovementDepth,-0.0014494255357506147,-0.06537095188054924,,
B,at_least_1_plus_1,advised,43,247,sub25,J-D,countermovementDepth,0.028576880016212225,1.4288440008106111,,
B,at_least_1_plus_1,advised,43,247,sub26,J-D,countermovementDepth,0.050150415899005985,1.971919212043821,,
B,at_least_1_plus_1,advised,43,247,sub27,J-D,countermovementDepth,0.010541547687755837,0.5270773843877918,,
B,at_least_1_plus_1,advised,43,247,sub28,J-D,countermovementDepth,-0.018741989514197643,-0.777770379084581,,
B,at_least_1_plus_1,advised,43,247,sub29,J-D,countermovementDepth,-0.01858115290050749,-0.8047670413661613,,
B,at_least_1_plus_1,advised,43,247,sub30,J-D,countermovementDepth,0.023096051015830732,0.7227758139500103,,
B,at_least_1_plus_1,advised,43,247,sub31,J-D,countermovementDepth,0.0003426154082732391,0.017130770413661955,,
B,at_least_1_plus_1,advised,43,247,sub32,J-D,countermovementDepth,-0.01587415714092738,,,
B,at_least_1_plus_1,advised,43,247,sub33,J-D,countermovementDepth,0.010911153239178795,0.3982122021036785,,
B,at_least_1_plus_1,advised,43,247,sub34,J-D,countermovementDepth,-0.04534499120070373,,,
B,at_least_1_plus_1,advised,43,247,sub35,J-D,countermovementDepth,0.005073502228003679,0.2286102491907375,,
B,at_least_1_plus_1,advised,43,247,sub36,J-D,countermovementDepth,-0.030031684791328173,-1.0992903323529064,,
B,at_least_1_plus_1,advised,43,247,sub37,J-D,countermovementDepth,-0.023015860901371643,-1.0810355371734273,,
B,at_least_1_plus_1,advised,43,247,sub38,J-D,countermovementDepth,-0.007326919463429393,-0.3052501972757165,,
B,at_least_1_plus_1,advised,43,247,sub39,J-D,countermovementDepth,0.05176746501342733,1.8031566199293514,,
B,at_least_1_plus_1,advised,43,247,sub40,J-D,countermovementDepth,-0.08888283366883765,,,
B,at_least_1_plus_1,advised,43,247,sub41,J-D,countermovementDepth,0.0023081410332487784,0.06351200089163381,,
B,at_least_1_plus_1,advised,43,247,sub42,J-D,countermovementDepth,0.019929864078173543,0.7124073952947991,,
B,at_least_1_plus_1,advised,43,247,sub43,J-D,countermovementDepth,-0.04652974504935353,-2.3264872524676767,,
B,at_least_1_plus_1,advised,43,247,sub44,J-D,countermovementDepth,0.008313848375731459,,,
B,at_least_1_plus_1,advised,43,247,sub01,J-D,trunkLean,2.464892412467293,0.805604502228261,,
B,at_least_1_plus_1,advised,43,247,sub02,J-D,trunkLean,-1.7822527146611549,-0.4614409721639873,,
B,at_least_1_plus_1,advised,43,247,sub03,J-D,trunkLean,7.190133876591219,1.8323299923389864,,
B,at_least_1_plus_1,advised,43,247,sub04,J-D,trunkLean,2.6197170885221652,0.8242991944513874,,
B,at_least_1_plus_1,advised,43,247,sub06,J-D,trunkLean,4.804984364132075,1.8440181640439455,,
B,at_least_1_plus_1,advised,43,247,sub07,J-D,trunkLean,-2.9672765556838527,-1.0594749999755555,,
B,at_least_1_plus_1,advised,43,247,sub08,J-D,trunkLean,6.492164398116699,2.2334949650176243,,
B,at_least_1_plus_1,advised,43,247,sub09,J-D,trunkLean,1.5915056676927009,0.41703445727251987,,
B,at_least_1_plus_1,advised,43,247,sub10,J-D,trunkLean,1.2097242284508098,0.5329975529507608,,
B,at_least_1_plus_1,advised,43,247,sub11,J-D,trunkLean,1.806623270722973,0.5404471817063462,,
B,at_least_1_plus_1,advised,43,247,sub12,J-D,trunkLean,-1.1845822991940125,-0.3506408949776898,,
B,at_least_1_plus_1,advised,43,247,sub13,J-D,trunkLean,5.5459283555676535,1.7407776957640149,,
B,at_least_1_plus_1,advised,43,247,sub14,J-D,trunkLean,-3.542257850466708,-0.8086834116702213,,
B,at_least_1_plus_1,advised,43,247,sub15,J-D,trunkLean,4.764614378494834,,,
B,at_least_1_plus_1,advised,43,247,sub16,J-D,trunkLean,-3.485418983054423,-1.497398599260432,,
B,at_least_1_plus_1,advised,43,247,sub17,J-D,trunkLean,0.8336756374669605,0.19083063710861606,,
B,at_least_1_plus_1,advised,43,247,sub18,J-D,trunkLean,4.128956914498936,0.3993554034582455,,
B,at_least_1_plus_1,advised,43,247,sub19,J-D,trunkLean,-5.587366104556779,-1.192261895040466,,
B,at_least_1_plus_1,advised,43,247,sub20,J-D,trunkLean,-1.493023423609646,-0.5851063965528508,,
B,at_least_1_plus_1,advised,43,247,sub21,J-D,trunkLean,10.066337230482219,1.7295628572190358,,
B,at_least_1_plus_1,advised,43,247,sub22,J-D,trunkLean,0.45472530599916183,0.18165650940721367,,
B,at_least_1_plus_1,advised,43,247,sub23,J-D,trunkLean,4.851018037216434,0.8515788140058702,,
B,at_least_1_plus_1,advised,43,247,sub24,J-D,trunkLean,5.895036918005729,1.746940216476334,,
B,at_least_1_plus_1,advised,43,247,sub25,J-D,trunkLean,2.3525830544505695,0.8768430077727696,,
B,at_least_1_plus_1,advised,43,247,sub26,J-D,trunkLean,13.058949872331475,3.915892361983243,,
B,at_least_1_plus_1,advised,43,247,sub27,J-D,trunkLean,0.8587075973088147,0.16764118380348358,,
B,at_least_1_plus_1,advised,43,247,sub28,J-D,trunkLean,2.468297122343728,1.2182440005315491,,
B,at_least_1_plus_1,advised,43,247,sub29,J-D,trunkLean,-1.3254012446720864,-0.6071805638462392,,
B,at_least_1_plus_1,advised,43,247,sub30,J-D,trunkLean,7.451502363232713,1.7381276724021528,,
B,at_least_1_plus_1,advised,43,247,sub31,J-D,trunkLean,1.5074196672210718,0.6486598656246432,,
B,at_least_1_plus_1,advised,43,247,sub32,J-D,trunkLean,-2.816760892655772,,,
B,at_least_1_plus_1,advised,43,247,sub33,J-D,trunkLean,8.470390049473998,1.8783284814027361,,
B,at_least_1_plus_1,advised,43,247,sub34,J-D,trunkLean,-5.40819677859006,,,
B,at_least_1_plus_1,advised,43,247,sub35,J-D,trunkLean,3.664509120688571,1.1746330126325208,,
B,at_least_1_plus_1,advised,43,247,sub36,J-D,trunkLean,-3.5533239489339863,-0.9289722526411882,,
B,at_least_1_plus_1,advised,43,247,sub37,J-D,trunkLean,-8.688232046831736,-1.18266111164718,,
B,at_least_1_plus_1,advised,43,247,sub38,J-D,trunkLean,-0.5071433465770383,-0.12131745759326396,,
B,at_least_1_plus_1,advised,43,247,sub39,J-D,trunkLean,13.307613266960676,2.596569636055603,,
B,at_least_1_plus_1,advised,43,247,sub40,J-D,trunkLean,-13.100506410121618,,,
B,at_least_1_plus_1,advised,43,247,sub41,J-D,trunkLean,0.7623118257772816,0.25842506397050574,,
B,at_least_1_plus_1,advised,43,247,sub42,J-D,trunkLean,-1.0452567555249317,-0.22906316254597034,,
B,at_least_1_plus_1,advised,43,247,sub43,J-D,trunkLean,-5.521724217201708,-2.038143442201265,,
B,at_least_1_plus_1,advised,43,247,sub44,J-D,trunkLean,1.4110100371148988,,,
B,at_least_1_plus_1,advised,43,247,sub01,J-D,landingKneeFlex,-0.27963286875780113,-0.049615798802130476,,
B,at_least_1_plus_1,advised,43,247,sub02,J-D,landingKneeFlex,-4.759602966982584,-1.328172106336997,,
B,at_least_1_plus_1,advised,43,247,sub03,J-D,landingKneeFlex,-3.371922121001255,-0.7162604668070952,,
B,at_least_1_plus_1,advised,43,247,sub04,J-D,landingKneeFlex,2.090561371009372,0.5907920926260234,,
B,at_least_1_plus_1,advised,43,247,sub06,J-D,landingKneeFlex,-2.8417058804880924,-0.9472352934960308,,
B,at_least_1_plus_1,advised,43,247,sub07,J-D,landingKneeFlex,0.6517283810142942,0.211435967741734,,
B,at_least_1_plus_1,advised,43,247,sub08,J-D,landingKneeFlex,1.0655830872220804,0.35519436240736013,,
B,at_least_1_plus_1,advised,43,247,sub09,J-D,landingKneeFlex,-3.402482268318039,-0.8787326548841428,,
B,at_least_1_plus_1,advised,43,247,sub10,J-D,landingKneeFlex,-0.5624932348331555,-0.18749774494438518,,
B,at_least_1_plus_1,advised,43,247,sub11,J-D,landingKneeFlex,8.066602631671024,1.628010042024747,,
B,at_least_1_plus_1,advised,43,247,sub12,J-D,landingKneeFlex,-2.223344167435542,-0.6993917515329885,,
B,at_least_1_plus_1,advised,43,247,sub13,J-D,landingKneeFlex,2.135540500707883,0.5418359233816765,,
B,at_least_1_plus_1,advised,43,247,sub14,J-D,landingKneeFlex,2.960204731246499,0.9679573459884153,,
B,at_least_1_plus_1,advised,43,247,sub15,J-D,landingKneeFlex,-3.5219344206238503,,,
B,at_least_1_plus_1,advised,43,247,sub16,J-D,landingKneeFlex,-0.019967444984587246,-0.006655814994862415,,
B,at_least_1_plus_1,advised,43,247,sub17,J-D,landingKneeFlex,4.769319384156368,0.8120825583752137,,
B,at_least_1_plus_1,advised,43,247,sub18,J-D,landingKneeFlex,-1.434263522730383,-0.18745967104171515,,
B,at_least_1_plus_1,advised,43,247,sub19,J-D,landingKneeFlex,5.406568622906576,1.114721840588037,,
B,at_least_1_plus_1,advised,43,247,sub20,J-D,landingKneeFlex,4.868828798089197,0.7147867004381875,,
B,at_least_1_plus_1,advised,43,247,sub21,J-D,landingKneeFlex,5.337925397940275,1.194686815734716,,
B,at_least_1_plus_1,advised,43,247,sub22,J-D,landingKneeFlex,-1.422563673123392,-0.43170558310577817,,
B,at_least_1_plus_1,advised,43,247,sub23,J-D,landingKneeFlex,-3.7655995623365044,-0.8532930847838274,,
B,at_least_1_plus_1,advised,43,247,sub24,J-D,landingKneeFlex,2.344718048760889,0.7815726829202964,,
B,at_least_1_plus_1,advised,43,247,sub25,J-D,landingKneeFlex,3.251709003632243,0.9949557650647818,,
B,at_least_1_plus_1,advised,43,247,sub26,J-D,landingKneeFlex,20.668443183958736,1.865566441372293,,
B,at_least_1_plus_1,advised,43,247,sub27,J-D,landingKneeFlex,-10.663064298338384,-3.5355703126589173,,
B,at_least_1_plus_1,advised,43,247,sub28,J-D,landingKneeFlex,-6.291942713335942,-1.3728414201803654,,
B,at_least_1_plus_1,advised,43,247,sub29,J-D,landingKneeFlex,-6.079880926718971,-1.207922452684586,,
B,at_least_1_plus_1,advised,43,247,sub30,J-D,landingKneeFlex,4.787903789568432,0.907351208023758,,
B,at_least_1_plus_1,advised,43,247,sub31,J-D,landingKneeFlex,-3.6598326053692176,-0.8846959529440508,,
B,at_least_1_plus_1,advised,43,247,sub32,J-D,landingKneeFlex,0.401805848540171,,,
B,at_least_1_plus_1,advised,43,247,sub33,J-D,landingKneeFlex,0.09520212673189121,0.027700057664891076,,
B,at_least_1_plus_1,advised,43,247,sub34,J-D,landingKneeFlex,-2.1872887477570373,,,
B,at_least_1_plus_1,advised,43,247,sub35,J-D,landingKneeFlex,1.8453354284779664,0.2733366001685749,,
B,at_least_1_plus_1,advised,43,247,sub36,J-D,landingKneeFlex,-3.2789481032468544,-1.0106155397005405,,
B,at_least_1_plus_1,advised,43,247,sub37,J-D,landingKneeFlex,-2.6660865473876783,-0.5142591061017519,,
B,at_least_1_plus_1,advised,43,247,sub38,J-D,landingKneeFlex,3.1015191471307304,0.9824594533439749,,
B,at_least_1_plus_1,advised,43,247,sub39,J-D,landingKneeFlex,16.518592010357132,3.037529368864754,,
B,at_least_1_plus_1,advised,43,247,sub40,J-D,landingKneeFlex,-22.414089032014743,,,
B,at_least_1_plus_1,advised,43,247,sub41,J-D,landingKneeFlex,4.3386356866546265,1.349619447433237,,
B,at_least_1_plus_1,advised,43,247,sub42,J-D,landingKneeFlex,0.6017538328025722,0.13126919206143997,,
B,at_least_1_plus_1,advised,43,247,sub43,J-D,landingKneeFlex,0.10011024145492797,0.016688502015671004,,
B,at_least_1_plus_1,advised,43,247,sub44,J-D,landingKneeFlex,7.900556927135469,,,
B,at_least_1_plus_1,advised,43,247,sub01,J-D,rsiMod,-0.08785306142495364,-1.3047072600721223,,
B,at_least_1_plus_1,advised,43,247,sub02,J-D,rsiMod,0.03645289300397214,0.6446974890637318,,
B,at_least_1_plus_1,advised,43,247,sub03,J-D,rsiMod,-0.06511690041880436,-2.4047730132297844,,
B,at_least_1_plus_1,advised,43,247,sub04,J-D,rsiMod,-0.0917827903314678,-3.1237826252614225,,
B,at_least_1_plus_1,advised,43,247,sub06,J-D,rsiMod,-0.05410811932645365,-1.238869783818847,,
B,at_least_1_plus_1,advised,43,247,sub07,J-D,rsiMod,0.11527126306757418,1.0443518090025394,,
B,at_least_1_plus_1,advised,43,247,sub08,J-D,rsiMod,-0.10064906652972305,-2.097919551998141,,
B,at_least_1_plus_1,advised,43,247,sub09,J-D,rsiMod,-0.07731291504452553,-1.9492740983536558,,
B,at_least_1_plus_1,advised,43,247,sub10,J-D,rsiMod,0.05897658321097443,0.8045157787145109,,
B,at_least_1_plus_1,advised,43,247,sub11,J-D,rsiMod,-0.06242288995169204,-1.103315799648562,,
B,at_least_1_plus_1,advised,43,247,sub12,J-D,rsiMod,-0.030322164917452488,-1.3695696799376877,,
B,at_least_1_plus_1,advised,43,247,sub13,J-D,rsiMod,-0.06197046230158737,-1.4408889144455914,,
B,at_least_1_plus_1,advised,43,247,sub14,J-D,rsiMod,-0.03691631543698237,-0.6662202284735518,,
B,at_least_1_plus_1,advised,43,247,sub15,J-D,rsiMod,-0.1076554564327109,,,
B,at_least_1_plus_1,advised,43,247,sub16,J-D,rsiMod,0.10258529413944595,1.7844303195522049,,
B,at_least_1_plus_1,advised,43,247,sub17,J-D,rsiMod,-0.056945780935131085,-0.764046055535577,,
B,at_least_1_plus_1,advised,43,247,sub18,J-D,rsiMod,0.07389051908762256,1.0230043982826573,,
B,at_least_1_plus_1,advised,43,247,sub19,J-D,rsiMod,0.09443791391923717,1.907289255615293,,
B,at_least_1_plus_1,advised,43,247,sub20,J-D,rsiMod,-0.035209123419336685,-0.5170959600488517,,
B,at_least_1_plus_1,advised,43,247,sub21,J-D,rsiMod,0.02705588255215574,0.5125040387523507,,
B,at_least_1_plus_1,advised,43,247,sub22,J-D,rsiMod,-0.048659263249853923,-1.159304179111113,,
B,at_least_1_plus_1,advised,43,247,sub23,J-D,rsiMod,-0.07691147328373482,-0.9620001244301843,,
B,at_least_1_plus_1,advised,43,247,sub24,J-D,rsiMod,-0.03524399028132774,-0.4151295831472288,,
B,at_least_1_plus_1,advised,43,247,sub25,J-D,rsiMod,0.025489983004978012,0.3674601394134782,,
B,at_least_1_plus_1,advised,43,247,sub26,J-D,rsiMod,-0.10353431031210647,-1.252455784995722,,
B,at_least_1_plus_1,advised,43,247,sub27,J-D,rsiMod,-0.04266206585449278,-1.489284030752509,,
B,at_least_1_plus_1,advised,43,247,sub28,J-D,rsiMod,0.006485789287494992,0.074959150711862,,
B,at_least_1_plus_1,advised,43,247,sub29,J-D,rsiMod,-0.04146190796813887,-0.7337435492777725,,
B,at_least_1_plus_1,advised,43,247,sub30,J-D,rsiMod,-0.09200182092318776,-0.7868169360063806,,
B,at_least_1_plus_1,advised,43,247,sub31,J-D,rsiMod,0.03857615208929133,0.3936176998335048,,
B,at_least_1_plus_1,advised,43,247,sub32,J-D,rsiMod,-0.20784796880666123,,,
B,at_least_1_plus_1,advised,43,247,sub33,J-D,rsiMod,-0.1701396199913554,-2.469794292934324,,
B,at_least_1_plus_1,advised,43,247,sub34,J-D,rsiMod,-0.004960220393833703,,,
B,at_least_1_plus_1,advised,43,247,sub35,J-D,rsiMod,0.025339768550949104,0.48221090383531656,,
B,at_least_1_plus_1,advised,43,247,sub36,J-D,rsiMod,0.10052420754121466,0.9578727580411245,,
B,at_least_1_plus_1,advised,43,247,sub37,J-D,rsiMod,-0.054461529815639675,-0.4520093249812747,,
B,at_least_1_plus_1,advised,43,247,sub38,J-D,rsiMod,0.015557616702372323,0.18868803803861328,,
B,at_least_1_plus_1,advised,43,247,sub39,J-D,rsiMod,-0.03574487558468942,-0.26588422672320533,,
B,at_least_1_plus_1,advised,43,247,sub40,J-D,rsiMod,0.04835526211234109,,,
B,at_least_1_plus_1,advised,43,247,sub41,J-D,rsiMod,-0.04412029803786355,-1.4433956294179475,,
B,at_least_1_plus_1,advised,43,247,sub42,J-D,rsiMod,-0.06565773520646356,-1.4702094014782603,,
B,at_least_1_plus_1,advised,43,247,sub43,J-D,rsiMod,0.03235795452872703,0.32909066006848386,,
B,at_least_1_plus_1,advised,43,247,sub44,J-D,rsiMod,0.04425038756955402,,,
B,at_least_1_plus_1,advised,43,247,sub01,J-D,eccentricDuration,0.008958136295367736,0.2239534073841934,,
B,at_least_1_plus_1,advised,43,247,sub02,J-D,eccentricDuration,0.012839232333229311,0.3104451879751573,,
B,at_least_1_plus_1,advised,43,247,sub03,J-D,eccentricDuration,0.13473318414482582,2.321324260563983,,
B,at_least_1_plus_1,advised,43,247,sub04,J-D,eccentricDuration,0.3758224591616679,2.8446844476751685,,
B,at_least_1_plus_1,advised,43,247,sub06,J-D,eccentricDuration,-0.02909575203058734,-0.2507380792520309,,
B,at_least_1_plus_1,advised,43,247,sub07,J-D,eccentricDuration,-0.1101326592960965,-0.9253723548031995,,
B,at_least_1_plus_1,advised,43,247,sub08,J-D,eccentricDuration,0.06727685151896184,1.6819212879740462,,
B,at_least_1_plus_1,advised,43,247,sub09,J-D,eccentricDuration,0.05499530183747148,1.0232951486248403,,
B,at_least_1_plus_1,advised,43,247,sub10,J-D,eccentricDuration,-0.017284986516559242,-0.4274542556125197,,
B,at_least_1_plus_1,advised,43,247,sub11,J-D,eccentricDuration,0.05671753810508101,0.9859778562208471,,
B,at_least_1_plus_1,advised,43,247,sub12,J-D,eccentricDuration,-0.00892642190128512,-0.223160547532128,,
B,at_least_1_plus_1,advised,43,247,sub13,J-D,eccentricDuration,0.019971147562084512,0.4903633721605469,,
B,at_least_1_plus_1,advised,43,247,sub14,J-D,eccentricDuration,0.01687017688631276,0.19750036920099287,,
B,at_least_1_plus_1,advised,43,247,sub15,J-D,eccentricDuration,0.17404594766440817,,,
B,at_least_1_plus_1,advised,43,247,sub16,J-D,eccentricDuration,-0.045080671365882174,-1.1270167841470544,,
B,at_least_1_plus_1,advised,43,247,sub17,J-D,eccentricDuration,0.054220508109310894,0.5304191206579213,,
B,at_least_1_plus_1,advised,43,247,sub18,J-D,eccentricDuration,-0.26825953655959023,-0.9534135541446712,,
B,at_least_1_plus_1,advised,43,247,sub19,J-D,eccentricDuration,-0.5609565511613555,-5.126273235096077,,
B,at_least_1_plus_1,advised,43,247,sub20,J-D,eccentricDuration,0.03334505372370655,0.8336263430926638,,
B,at_least_1_plus_1,advised,43,247,sub21,J-D,eccentricDuration,-0.08021435602597826,-0.6597074287438273,,
B,at_least_1_plus_1,advised,43,247,sub22,J-D,eccentricDuration,0.04151478378636281,0.711369596635599,,
B,at_least_1_plus_1,advised,43,247,sub23,J-D,eccentricDuration,0.024753026570566383,0.5019937190435949,,
B,at_least_1_plus_1,advised,43,247,sub24,J-D,eccentricDuration,0.0010701374682923204,0.02675343670730801,,
B,at_least_1_plus_1,advised,43,247,sub25,J-D,eccentricDuration,-0.01542368852168774,-0.1818485310011967,,
B,at_least_1_plus_1,advised,43,247,sub26,J-D,eccentricDuration,0.03978140303854005,0.9945350759635013,,
B,at_least_1_plus_1,advised,43,247,sub27,J-D,eccentricDuration,0.0020621054560474583,0.05155263640118646,,
B,at_least_1_plus_1,advised,43,247,sub28,J-D,eccentricDuration,-0.007590736642941465,-0.18976841607353662,,
B,at_least_1_plus_1,advised,43,247,sub29,J-D,eccentricDuration,-0.002452647010911302,-0.06131617527278255,,
B,at_least_1_plus_1,advised,43,247,sub30,J-D,eccentricDuration,0.035981137291665355,0.5483387208186029,,
B,at_least_1_plus_1,advised,43,247,sub31,J-D,eccentricDuration,0.0027479206918802346,0.06869801729700586,,
B,at_least_1_plus_1,advised,43,247,sub32,J-D,eccentricDuration,0.05114774568215319,,,
B,at_least_1_plus_1,advised,43,247,sub33,J-D,eccentricDuration,0.0755533094637123,1.8888327365928075,,
B,at_least_1_plus_1,advised,43,247,sub34,J-D,eccentricDuration,0.0028844937183782893,,,
B,at_least_1_plus_1,advised,43,247,sub35,J-D,eccentricDuration,-0.018331952296110177,-0.31753805936965773,,
B,at_least_1_plus_1,advised,43,247,sub36,J-D,eccentricDuration,-0.16575100831370165,-0.9884366883998269,,
B,at_least_1_plus_1,advised,43,247,sub37,J-D,eccentricDuration,0.15578735664754917,1.0358904479719315,,
B,at_least_1_plus_1,advised,43,247,sub38,J-D,eccentricDuration,-0.03091122627834858,-0.378462497909352,,
B,at_least_1_plus_1,advised,43,247,sub39,J-D,eccentricDuration,0.026072461784191425,0.39412116041291106,,
B,at_least_1_plus_1,advised,43,247,sub40,J-D,eccentricDuration,-0.22071955982270663,,,
B,at_least_1_plus_1,advised,43,247,sub41,J-D,eccentricDuration,0.005833817198456104,0.1372593850957655,,
B,at_least_1_plus_1,advised,43,247,sub42,J-D,eccentricDuration,0.022695470214019575,0.5673867553504893,,
B,at_least_1_plus_1,advised,43,247,sub43,J-D,eccentricDuration,-0.09832848337095756,-1.0422585312394643,,
B,at_least_1_plus_1,advised,43,247,sub44,J-D,eccentricDuration,-0.07306879849758463,,,
B,at_least_1_plus_1,advised,43,247,sub01,J-D,flightTime,-0.022222222222222254,-0.6281604321743828,,
B,at_least_1_plus_1,advised,43,247,sub02,J-D,flightTime,0.011111111111111072,0.3140802160871884,,
B,at_least_1_plus_1,advised,43,247,sub03,J-D,flightTime,0,0,,
B,at_least_1_plus_1,advised,43,247,sub04,J-D,flightTime,0.011111111111111294,0.4901960784313806,,
B,at_least_1_plus_1,advised,43,247,sub06,J-D,flightTime,0.03333333333333299,1.5151515151514996,,
B,at_least_1_plus_1,advised,43,247,sub07,J-D,flightTime,0.011111111111111294,0.30827090847437594,,
B,at_least_1_plus_1,advised,43,247,sub08,J-D,flightTime,0.04444444444444429,2.0202020202020137,,
B,at_least_1_plus_1,advised,43,247,sub09,J-D,flightTime,-0.0444444444444444,-1.256320864348751,,
B,at_least_1_plus_1,advised,43,247,sub10,J-D,flightTime,-3.3306690738754696e-16,-1.5612511283791254e-14,,
B,at_least_1_plus_1,advised,43,247,sub11,J-D,flightTime,-0.011111111111111183,-0.5555555555555591,,
B,at_least_1_plus_1,advised,43,247,sub12,J-D,flightTime,-0.02222222222222242,-1.111111111111121,,
B,at_least_1_plus_1,advised,43,247,sub13,J-D,flightTime,-0.022222222222222254,-0.6402253593264855,,
B,at_least_1_plus_1,advised,43,247,sub14,J-D,flightTime,-0.011111111111111072,-0.3140802160871884,,
B,at_least_1_plus_1,advised,43,247,sub15,J-D,flightTime,-0.011111111111111405,,,
B,at_least_1_plus_1,advised,43,247,sub16,J-D,flightTime,-3.3306690738754696e-16,-1.387778780781446e-14,,
B,at_least_1_plus_1,advised,43,247,sub17,J-D,flightTime,-0.022222222222222254,-1.0752688172043026,,
B,at_least_1_plus_1,advised,43,247,sub18,J-D,flightTime,-0.03333333333333344,-0.9080177971488331,,
B,at_least_1_plus_1,advised,43,247,sub19,J-D,flightTime,-0.011111111111111072,-0.5208333333333316,,
B,at_least_1_plus_1,advised,43,247,sub20,J-D,flightTime,-0.011111111111111294,-0.2972739974434479,,
B,at_least_1_plus_1,advised,43,247,sub21,J-D,flightTime,0,0,,
B,at_least_1_plus_1,advised,43,247,sub22,J-D,flightTime,-0.033333333333333215,-1.5151515151515094,,
B,at_least_1_plus_1,advised,43,247,sub23,J-D,flightTime,-0.011111111111111072,-0.5050505050505032,,
B,at_least_1_plus_1,advised,43,247,sub24,J-D,flightTime,0,0,,
B,at_least_1_plus_1,advised,43,247,sub25,J-D,flightTime,1.1102230246251565e-16,4.898042755699221e-15,,
B,at_least_1_plus_1,advised,43,247,sub26,J-D,flightTime,0.022222222222222143,0.6821164199600968,,
B,at_least_1_plus_1,advised,43,247,sub27,J-D,flightTime,-0.03333333333333344,-1.1143920432576173,,
B,at_least_1_plus_1,advised,43,247,sub28,J-D,flightTime,-0.011111111111111294,-0.3481832554510032,,
B,at_least_1_plus_1,advised,43,247,sub29,J-D,flightTime,-0.01111111111111096,-0.2870346450816581,,
B,at_least_1_plus_1,advised,43,247,sub30,J-D,flightTime,-2.220446049250313e-16,-8.764918615461765e-15,,
B,at_least_1_plus_1,advised,43,247,sub31,J-D,flightTime,0.011111111111111072,0.490196078431371,,
B,at_least_1_plus_1,advised,43,247,sub32,J-D,flightTime,-0.033333333333333326,,,
B,at_least_1_plus_1,advised,43,247,sub33,J-D,flightTime,-0.022222222222222143,-0.9803921568627417,,
B,at_least_1_plus_1,advised,43,247,sub34,J-D,flightTime,-0.01666666666666683,,,
B,at_least_1_plus_1,advised,43,247,sub35,J-D,flightTime,0.022222222222222254,1.1111111111111125,,
B,at_least_1_plus_1,advised,43,247,sub36,J-D,flightTime,-1.1102230246251565e-16,-5.551115123125783e-15,,
B,at_least_1_plus_1,advised,43,247,sub37,J-D,flightTime,0.011111111111111072,0.5208333333333316,,
B,at_least_1_plus_1,advised,43,247,sub38,J-D,flightTime,-0.022222222222222254,-0.742928028838411,,
B,at_least_1_plus_1,advised,43,247,sub39,J-D,flightTime,0.05555555555555591,1.5133629952480536,,
B,at_least_1_plus_1,advised,43,247,sub40,J-D,flightTime,-0.07777777777777795,,,
B,at_least_1_plus_1,advised,43,247,sub41,J-D,flightTime,-0.011111111111111072,-0.43859649122806865,,
B,at_least_1_plus_1,advised,43,247,sub42,J-D,flightTime,0,0,,
B,at_least_1_plus_1,advised,43,247,sub43,J-D,flightTime,-0.04444444444444429,-1.1890959897737732,,
B,at_least_1_plus_1,advised,43,247,sub44,J-D,flightTime,2.220446049250313e-16,,,
B,at_least_1_plus_1,advised,43,247,sub01,J-D,concentricDuration,0.03333333333333338,0.8394191219676015,,
B,at_least_1_plus_1,advised,43,247,sub02,J-D,concentricDuration,-0.033333333333333465,-1.1111111111111156,,
B,at_least_1_plus_1,advised,43,247,sub03,J-D,concentricDuration,0.04444444444444434,1.481481481481478,,
B,at_least_1_plus_1,advised,43,247,sub04,J-D,concentricDuration,0.10000000000000009,2.2369481596361735,,
B,at_least_1_plus_1,advised,43,247,sub06,J-D,concentricDuration,0.2222222222222221,1.4913366930758856,,
B,at_least_1_plus_1,advised,43,247,sub07,J-D,concentricDuration,-0.022222222222222143,-0.5596127479783982,,
B,at_least_1_plus_1,advised,43,247,sub08,J-D,concentricDuration,-8.326672684688674e-17,-2.7755575615628914e-15,,
B,at_least_1_plus_1,advised,43,247,sub09,J-D,concentricDuration,0.03333333333333344,0.8238843303964285,,
B,at_least_1_plus_1,advised,43,247,sub10,J-D,concentricDuration,-0.02222222222222192,-0.5596127479783973,,
B,at_least_1_plus_1,advised,43,247,sub11,J-D,concentricDuration,0.022222222222222143,0.6489185691191101,,
B,at_least_1_plus_1,advised,43,247,sub12,J-D,concentricDuration,0.033333333333333326,1.111111111111111,,
B,at_least_1_plus_1,advised,43,247,sub13,J-D,concentricDuration,0.06666666666666668,1.9467557073573374,,
B,at_least_1_plus_1,advised,43,247,sub14,J-D,concentricDuration,0.011111111111110988,0.3703703703703663,,
B,at_least_1_plus_1,advised,43,247,sub15,J-D,concentricDuration,-0.022222222222222338,,,
B,at_least_1_plus_1,advised,43,247,sub16,J-D,concentricDuration,2.220446049250313e-16,7.401486830834377e-15,,
B,at_least_1_plus_1,advised,43,247,sub17,J-D,concentricDuration,0.022222222222222282,0.7407407407407428,,
B,at_least_1_plus_1,advised,43,247,sub18,J-D,concentricDuration,0.0444444444444447,1.1192254959568069,,
B,at_least_1_plus_1,advised,43,247,sub19,J-D,concentricDuration,0.0666666666666666,0.539592607581276,,
B,at_least_1_plus_1,advised,43,247,sub20,J-D,concentricDuration,-0.044444444444444425,-1.481481481481481,,
B,at_least_1_plus_1,advised,43,247,sub21,J-D,concentricDuration,-0.011111111111111072,-0.2214747279138287,,
B,at_least_1_plus_1,advised,43,247,sub22,J-D,concentricDuration,0.03333333333333344,1.1111111111111147,,
B,at_least_1_plus_1,advised,43,247,sub23,J-D,concentricDuration,0.011111111111111072,0.3703703703703691,,
B,at_least_1_plus_1,advised,43,247,sub24,J-D,concentricDuration,0.011111111111111183,0.2527837297892376,,
B,at_least_1_plus_1,advised,43,247,sub25,J-D,concentricDuration,-0.04444444444444462,-0.6110459613077778,,
B,at_least_1_plus_1,advised,43,247,sub26,J-D,concentricDuration,0.04444444444444434,1.0985124405285704,,
B,at_least_1_plus_1,advised,43,247,sub27,J-D,concentricDuration,0.03333333333333355,0.8394191219676057,,
B,at_least_1_plus_1,advised,43,247,sub28,J-D,concentricDuration,0.022222222222222282,0.7407407407407428,,
B,at_least_1_plus_1,advised,43,247,sub29,J-D,concentricDuration,0.011111111111111155,0.2798063739892012,,
B,at_least_1_plus_1,advised,43,247,sub30,J-D,concentricDuration,0.04444444444444434,1.011134919156942,,
B,at_least_1_plus_1,advised,43,247,sub31,J-D,concentricDuration,-0.011111111111111127,-0.2798063739892005,,
B,at_least_1_plus_1,advised,43,247,sub32,J-D,concentricDuration,0.06666666666666654,,,
B,at_least_1_plus_1,advised,43,247,sub33,J-D,concentricDuration,0.044444444444444425,1.1192254959568,,
B,at_least_1_plus_1,advised,43,247,sub34,J-D,concentricDuration,-0.03333333333333344,,,
B,at_least_1_plus_1,advised,43,247,sub35,J-D,concentricDuration,-0.022222222222222143,-0.6489185691191101,,
B,at_least_1_plus_1,advised,43,247,sub36,J-D,concentricDuration,-0.055555555555555525,-0.8802620052938102,,
B,at_least_1_plus_1,advised,43,247,sub37,J-D,concentricDuration,-0.033333333333333354,-0.8238843303964312,,
B,at_least_1_plus_1,advised,43,247,sub38,J-D,concentricDuration,-0.011111111111111155,-0.32445928455955797,,
B,at_least_1_plus_1,advised,43,247,sub39,J-D,concentricDuration,0.022222222222222088,0.7407407407407363,,
B,at_least_1_plus_1,advised,43,247,sub40,J-D,concentricDuration,-0.03333333333333338,,,
B,at_least_1_plus_1,advised,43,247,sub41,J-D,concentricDuration,0.022222222222222254,0.5065758341363032,,
B,at_least_1_plus_1,advised,43,247,sub42,J-D,concentricDuration,0.011111111111111127,0.3703703703703709,,
B,at_least_1_plus_1,advised,43,247,sub43,J-D,concentricDuration,-0.011111111111111183,-0.2798063739892019,,
B,at_least_1_plus_1,advised,43,247,sub44,J-D,concentricDuration,0.016666666666666607,,,
B,at_least_1_plus_1,advised,43,247,sub01,J-D,asymmetry,-1.5431006245240582,-0.6533404854399443,,
B,at_least_1_plus_1,advised,43,247,sub02,J-D,asymmetry,1.56084162968079,0.780420814840395,,
B,at_least_1_plus_1,advised,43,247,sub03,J-D,asymmetry,-1.7279811141522519,-0.8639905570761259,,
B,at_least_1_plus_1,advised,43,247,sub04,J-D,asymmetry,-1.5108552614992448,-0.7554276307496224,,
B,at_least_1_plus_1,advised,43,247,sub06,J-D,asymmetry,-1.6222618776991542,-0.8111309388495771,,
B,at_least_1_plus_1,advised,43,247,sub07,J-D,asymmetry,2.5871789875032043,1.0956960720489448,,
B,at_least_1_plus_1,advised,43,247,sub08,J-D,asymmetry,1.3234226612826028,0.6617113306413014,,
B,at_least_1_plus_1,advised,43,247,sub09,J-D,asymmetry,1.212940929647928,0.304751182081072,,
B,at_least_1_plus_1,advised,43,247,sub10,J-D,asymmetry,0.35928971972368606,0.17964485986184303,,
B,at_least_1_plus_1,advised,43,247,sub11,J-D,asymmetry,-0.5087291018227136,-0.24929672251657783,,
B,at_least_1_plus_1,advised,43,247,sub12,J-D,asymmetry,-1.5043085233605398,-0.5383199969074596,,
B,at_least_1_plus_1,advised,43,247,sub13,J-D,asymmetry,-3.356080699695454,-1.678040349847727,,
B,at_least_1_plus_1,advised,43,247,sub14,J-D,asymmetry,5.312116511728917,1.9480085548329618,,
B,at_least_1_plus_1,advised,43,247,sub15,J-D,asymmetry,-2.5880357834383094,,,
B,at_least_1_plus_1,advised,43,247,sub16,J-D,asymmetry,0.2069599388408303,0.10347996942041515,,
B,at_least_1_plus_1,advised,43,247,sub17,J-D,asymmetry,0.7938706371335336,0.3138643400435425,,
B,at_least_1_plus_1,advised,43,247,sub18,J-D,asymmetry,3.034099791503455,1.1549672157606086,,
B,at_least_1_plus_1,advised,43,247,sub19,J-D,asymmetry,-1.9931358091930154,-0.9838267647568513,,
B,at_least_1_plus_1,advised,43,247,sub20,J-D,asymmetry,0.4616463062311311,0.1079197246471455,,
B,at_least_1_plus_1,advised,43,247,sub21,J-D,asymmetry,-1.2618467006293486,-0.4206333615343352,,
B,at_least_1_plus_1,advised,43,247,sub22,J-D,asymmetry,-3.0448312969336038,-1.4482133954215375,,
B,at_least_1_plus_1,advised,43,247,sub23,J-D,asymmetry,-1.6220866870199213,-0.6915380305561084,,
B,at_least_1_plus_1,advised,43,247,sub24,J-D,asymmetry,0.5390745449464256,0.14638082470182628,,
B,at_least_1_plus_1,advised,43,247,sub25,J-D,asymmetry,1.3874355083918122,0.5533114891095077,,
B,at_least_1_plus_1,advised,43,247,sub26,J-D,asymmetry,3.072935118125055,1.035670964874162,,
B,at_least_1_plus_1,advised,43,247,sub27,J-D,asymmetry,2.1337579505442035,0.9554000569387979,,
B,at_least_1_plus_1,advised,43,247,sub28,J-D,asymmetry,2.817369739949825,0.6111919048638144,,
B,at_least_1_plus_1,advised,43,247,sub29,J-D,asymmetry,-0.5834356801416666,-0.28588377157864014,,
B,at_least_1_plus_1,advised,43,247,sub30,J-D,asymmetry,-2.9050119548838182,-1.1683958675021198,,
B,at_least_1_plus_1,advised,43,247,sub31,J-D,asymmetry,3.4164366306255403,1.2807377775851894,,
B,at_least_1_plus_1,advised,43,247,sub32,J-D,asymmetry,-0.5375694679758283,,,
B,at_least_1_plus_1,advised,43,247,sub33,J-D,asymmetry,-0.9371744996338549,-0.2869506372631392,,
B,at_least_1_plus_1,advised,43,247,sub34,J-D,asymmetry,-0.3238363711313852,,,
B,at_least_1_plus_1,advised,43,247,sub35,J-D,asymmetry,3.5685880250594737,1.0574943824998924,,
B,at_least_1_plus_1,advised,43,247,sub36,J-D,asymmetry,-0.6391605576243271,-0.31958027881216355,,
B,at_least_1_plus_1,advised,43,247,sub37,J-D,asymmetry,-1.2754839168870733,-0.36026879310985194,,
B,at_least_1_plus_1,advised,43,247,sub38,J-D,asymmetry,0.21619038289880166,0.10809519144940083,,
B,at_least_1_plus_1,advised,43,247,sub39,J-D,asymmetry,-7.429341766675895,-0.8120678456918623,,
B,at_least_1_plus_1,advised,43,247,sub40,J-D,asymmetry,-8.748340787631884,,,
B,at_least_1_plus_1,advised,43,247,sub41,J-D,asymmetry,-2.933689110930108,-1.466844555465054,,
B,at_least_1_plus_1,advised,43,247,sub42,J-D,asymmetry,2.74591240820996,0.9473841926532933,,
B,at_least_1_plus_1,advised,43,247,sub43,J-D,asymmetry,-1.1804813558400777,-0.4821940653405244,,
B,at_least_1_plus_1,advised,43,247,sub44,J-D,asymmetry,6.2730659288129615,,,
B,at_least_1_plus_1,advised,43,247,sub01,J-B,S0,-0.079693253991026,,,
B,at_least_1_plus_1,advised,43,247,sub02,J-B,S0,-0.10539644608407706,,,
B,at_least_1_plus_1,advised,43,247,sub03,J-B,S0,0.11039793828831734,,,
B,at_least_1_plus_1,advised,43,247,sub04,J-B,S0,0.6287340280790519,,,
B,at_least_1_plus_1,advised,43,247,sub06,J-B,S0,0.5627493411088673,,,
B,at_least_1_plus_1,advised,43,247,sub07,J-B,S0,0.0630081712146131,,,
B,at_least_1_plus_1,advised,43,247,sub08,J-B,S0,-0.12591922424766555,,,
B,at_least_1_plus_1,advised,43,247,sub09,J-B,S0,0.038287166468800704,,,
B,at_least_1_plus_1,advised,43,247,sub10,J-B,S0,-0.030641507213775676,,,
B,at_least_1_plus_1,advised,43,247,sub11,J-B,S0,0.049655806686198845,,,
B,at_least_1_plus_1,advised,43,247,sub12,J-B,S0,0.19036969264756953,,,
B,at_least_1_plus_1,advised,43,247,sub13,J-B,S0,0.1382208819044637,,,
B,at_least_1_plus_1,advised,43,247,sub14,J-B,S0,0.037557353077097955,,,
B,at_least_1_plus_1,advised,43,247,sub15,J-B,S0,0.31089876881984135,,,
B,at_least_1_plus_1,advised,43,247,sub16,J-B,S0,0.13319383983987887,,,
B,at_least_1_plus_1,advised,43,247,sub17,J-B,S0,0.1186540282510985,,,
B,at_least_1_plus_1,advised,43,247,sub18,J-B,S0,-0.24385617293671524,,,
B,at_least_1_plus_1,advised,43,247,sub19,J-B,S0,-0.653180843306886,,,
B,at_least_1_plus_1,advised,43,247,sub20,J-B,S0,-0.06266417642713362,,,
B,at_least_1_plus_1,advised,43,247,sub21,J-B,S0,-0.1416212210270016,,,
B,at_least_1_plus_1,advised,43,247,sub22,J-B,S0,0.006191591643655903,,,
B,at_least_1_plus_1,advised,43,247,sub23,J-B,S0,-0.1977720900930462,,,
B,at_least_1_plus_1,advised,43,247,sub24,J-B,S0,0.05502893238657047,,,
B,at_least_1_plus_1,advised,43,247,sub25,J-B,S0,-0.07725648713211175,,,
B,at_least_1_plus_1,advised,43,247,sub26,J-B,S0,0.11147284638764732,,,
B,at_least_1_plus_1,advised,43,247,sub27,J-B,S0,0.04421076054552531,,,
B,at_least_1_plus_1,advised,43,247,sub28,J-B,S0,0.08573039309766273,,,
B,at_least_1_plus_1,advised,43,247,sub29,J-B,S0,-0.2186340667149569,,,
B,at_least_1_plus_1,advised,43,247,sub30,J-B,S0,0.2060222293558459,,,
B,at_least_1_plus_1,advised,43,247,sub31,J-B,S0,0.031015339483147386,,,
B,at_least_1_plus_1,advised,43,247,sub32,J-B,S0,-0.30213001480732027,,,
B,at_least_1_plus_1,advised,43,247,sub33,J-B,S0,-0.12864995277085756,,,
B,at_least_1_plus_1,advised,43,247,sub34,J-B,S0,-0.30592719080269026,,,
B,at_least_1_plus_1,advised,43,247,sub35,J-B,S0,-0.08640867736632085,,,
B,at_least_1_plus_1,advised,43,247,sub36,J-B,S0,-0.0875010869794759,,,
B,at_least_1_plus_1,advised,43,247,sub37,J-B,S0,-0.06680505384104962,,,
B,at_least_1_plus_1,advised,43,247,sub38,J-B,S0,0.0381449609329374,,,
B,at_least_1_plus_1,advised,43,247,sub39,J-B,S0,-0.16896230824151137,,,
B,at_least_1_plus_1,advised,43,247,sub40,J-B,S0,-0.5760511954494287,,,
B,at_least_1_plus_1,advised,43,247,sub41,J-B,S0,0.07772323565119454,,,
B,at_least_1_plus_1,advised,43,247,sub42,J-B,S0,-0.04758130838416985,,,
B,at_least_1_plus_1,advised,43,247,sub43,J-B,S0,-0.25422479096786665,,,
B,at_least_1_plus_1,advised,43,247,sub44,J-B,S0,-0.02230091530813394,,,
B,at_least_1_plus_1,advised,43,247,sub01,J-B,S-P2,-0.08475326247287185,,,
B,at_least_1_plus_1,advised,43,247,sub02,J-B,S-P2,-0.10657817877567799,,,
B,at_least_1_plus_1,advised,43,247,sub03,J-B,S-P2,0.12497322928564536,,,
B,at_least_1_plus_1,advised,43,247,sub04,J-B,S-P2,0.658570699747113,,,
B,at_least_1_plus_1,advised,43,247,sub06,J-B,S-P2,0.6047038611452844,,,
B,at_least_1_plus_1,advised,43,247,sub07,J-B,S-P2,0.06091027751563838,,,
B,at_least_1_plus_1,advised,43,247,sub08,J-B,S-P2,-0.12116041935308874,,,
B,at_least_1_plus_1,advised,43,247,sub09,J-B,S-P2,0.02347752863220709,,,
B,at_least_1_plus_1,advised,43,247,sub10,J-B,S-P2,-0.03213919635193274,,,
B,at_least_1_plus_1,advised,43,247,sub11,J-B,S-P2,0.024442649771197478,,,
B,at_least_1_plus_1,advised,43,247,sub12,J-B,S-P2,0.16012831678349626,,,
B,at_least_1_plus_1,advised,43,247,sub13,J-B,S-P2,0.12314989569967671,,,
B,at_least_1_plus_1,advised,43,247,sub14,J-B,S-P2,0.015318927815977768,,,
B,at_least_1_plus_1,advised,43,247,sub15,J-B,S-P2,0.33995611993972685,,,
B,at_least_1_plus_1,advised,43,247,sub16,J-B,S-P2,0.14307704324544002,,,
B,at_least_1_plus_1,advised,43,247,sub17,J-B,S-P2,0.08644643174359312,,,
B,at_least_1_plus_1,advised,43,247,sub18,J-B,S-P2,-0.2527408038798735,,,
B,at_least_1_plus_1,advised,43,247,sub19,J-B,S-P2,-0.6901562591382813,,,
B,at_least_1_plus_1,advised,43,247,sub20,J-B,S-P2,-0.057752480284155805,,,
B,at_least_1_plus_1,advised,43,247,sub21,J-B,S-P2,-0.14948979272239327,,,
B,at_least_1_plus_1,advised,43,247,sub22,J-B,S-P2,-0.004303537913306954,,,
B,at_least_1_plus_1,advised,43,247,sub23,J-B,S-P2,-0.2189559862777699,,,
B,at_least_1_plus_1,advised,43,247,sub24,J-B,S-P2,0.060278834578371465,,,
B,at_least_1_plus_1,advised,43,247,sub25,J-B,S-P2,-0.08207107733945473,,,
B,at_least_1_plus_1,advised,43,247,sub26,J-B,S-P2,0.06976939625936063,,,
B,at_least_1_plus_1,advised,43,247,sub27,J-B,S-P2,0.027437593611691624,,,
B,at_least_1_plus_1,advised,43,247,sub28,J-B,S-P2,0.12616152504258582,,,
B,at_least_1_plus_1,advised,43,247,sub29,J-B,S-P2,-0.2216265006233209,,,
B,at_least_1_plus_1,advised,43,247,sub30,J-B,S-P2,0.22219136402374795,,,
B,at_least_1_plus_1,advised,43,247,sub31,J-B,S-P2,0.028929546394307115,,,
B,at_least_1_plus_1,advised,43,247,sub32,J-B,S-P2,-0.26286433223695727,,,
B,at_least_1_plus_1,advised,43,247,sub33,J-B,S-P2,-0.13233245373341362,,,
B,at_least_1_plus_1,advised,43,247,sub34,J-B,S-P2,-0.30477132865940604,,,
B,at_least_1_plus_1,advised,43,247,sub35,J-B,S-P2,-0.058721340386227006,,,
B,at_least_1_plus_1,advised,43,247,sub36,J-B,S-P2,-0.08833422543070935,,,
B,at_least_1_plus_1,advised,43,247,sub37,J-B,S-P2,-0.05207233529318556,,,
B,at_least_1_plus_1,advised,43,247,sub38,J-B,S-P2,-0.010804257810565154,,,
B,at_least_1_plus_1,advised,43,247,sub39,J-B,S-P2,-0.29840128511813446,,,
B,at_least_1_plus_1,advised,43,247,sub40,J-B,S-P2,-0.5128071377668637,,,
B,at_least_1_plus_1,advised,43,247,sub41,J-B,S-P2,0.09995696827176626,,,
B,at_least_1_plus_1,advised,43,247,sub42,J-B,S-P2,-0.05229149157582946,,,
B,at_least_1_plus_1,advised,43,247,sub43,J-B,S-P2,-0.1932904886529872,,,
B,at_least_1_plus_1,advised,43,247,sub44,J-B,S-P2,-0.023640686580761128,,,
B,at_least_1_plus_1,advised,43,247,sub01,J-B,S-P3,-0.06563958246392154,,,
B,at_least_1_plus_1,advised,43,247,sub02,J-B,S-P3,-0.11694573017342236,,,
B,at_least_1_plus_1,advised,43,247,sub03,J-B,S-P3,0.13123438299993984,,,
B,at_least_1_plus_1,advised,43,247,sub04,J-B,S-P3,0.6689715620594325,,,
B,at_least_1_plus_1,advised,43,247,sub06,J-B,S-P3,0.5946522156282192,,,
B,at_least_1_plus_1,advised,43,247,sub07,J-B,S-P3,0.03172370164692373,,,
B,at_least_1_plus_1,advised,43,247,sub08,J-B,S-P3,-0.19812299554988633,,,
B,at_least_1_plus_1,advised,43,247,sub09,J-B,S-P3,0.04212874709594572,,,
B,at_least_1_plus_1,advised,43,247,sub10,J-B,S-P3,-0.023919735355114935,,,
B,at_least_1_plus_1,advised,43,247,sub11,J-B,S-P3,0.04519930120620874,,,
B,at_least_1_plus_1,advised,43,247,sub12,J-B,S-P3,0.18340746850212786,,,
B,at_least_1_plus_1,advised,43,247,sub13,J-B,S-P3,0.10366249120012738,,,
B,at_least_1_plus_1,advised,43,247,sub14,J-B,S-P3,0.1121066010505658,,,
B,at_least_1_plus_1,advised,43,247,sub15,J-B,S-P3,0.3405559323918318,,,
B,at_least_1_plus_1,advised,43,247,sub16,J-B,S-P3,0.14278295480738346,,,
B,at_least_1_plus_1,advised,43,247,sub17,J-B,S-P3,0.10119272630496601,,,
B,at_least_1_plus_1,advised,43,247,sub18,J-B,S-P3,-0.2772678969164186,,,
B,at_least_1_plus_1,advised,43,247,sub19,J-B,S-P3,-0.6864598301361889,,,
B,at_least_1_plus_1,advised,43,247,sub20,J-B,S-P3,-0.059314163485989724,,,
B,at_least_1_plus_1,advised,43,247,sub21,J-B,S-P3,-0.15749984324009536,,,
B,at_least_1_plus_1,advised,43,247,sub22,J-B,S-P3,-0.02964509609643462,,,
B,at_least_1_plus_1,advised,43,247,sub23,J-B,S-P3,-0.187434443218491,,,
B,at_least_1_plus_1,advised,43,247,sub24,J-B,S-P3,0.0685990970114797,,,
B,at_least_1_plus_1,advised,43,247,sub25,J-B,S-P3,-0.07915043409051536,,,
B,at_least_1_plus_1,advised,43,247,sub26,J-B,S-P3,0.12186216041518283,,,
B,at_least_1_plus_1,advised,43,247,sub27,J-B,S-P3,0.06407243029050014,,,
B,at_least_1_plus_1,advised,43,247,sub28,J-B,S-P3,0.06226738410667365,,,
B,at_least_1_plus_1,advised,43,247,sub29,J-B,S-P3,-0.23644034253562718,,,
B,at_least_1_plus_1,advised,43,247,sub30,J-B,S-P3,0.18849150701091066,,,
B,at_least_1_plus_1,advised,43,247,sub31,J-B,S-P3,-0.027634825385585593,,,
B,at_least_1_plus_1,advised,43,247,sub32,J-B,S-P3,-0.31336097646171135,,,
B,at_least_1_plus_1,advised,43,247,sub33,J-B,S-P3,-0.11778689855731067,,,
B,at_least_1_plus_1,advised,43,247,sub34,J-B,S-P3,-0.31900823835468306,,,
B,at_least_1_plus_1,advised,43,247,sub35,J-B,S-P3,-0.08682637734520982,,,
B,at_least_1_plus_1,advised,43,247,sub36,J-B,S-P3,-0.11317497669280141,,,
B,at_least_1_plus_1,advised,43,247,sub37,J-B,S-P3,-0.07371539173677233,,,
B,at_least_1_plus_1,advised,43,247,sub38,J-B,S-P3,0.035334830202550016,,,
B,at_least_1_plus_1,advised,43,247,sub39,J-B,S-P3,0.10492243573917592,,,
B,at_least_1_plus_1,advised,43,247,sub40,J-B,S-P3,-0.6137520637553703,,,
B,at_least_1_plus_1,advised,43,247,sub41,J-B,S-P3,0.048649972249571016,,,
B,at_least_1_plus_1,advised,43,247,sub42,J-B,S-P3,-0.026511925465240616,,,
B,at_least_1_plus_1,advised,43,247,sub43,J-B,S-P3,-0.27104659112659896,,,
B,at_least_1_plus_1,advised,43,247,sub44,J-B,S-P3,0.033040419703211366,,,
B,at_least_1_plus_1,advised,43,247,sub01,J-B,S-P2P3,-0.07054595254237372,,,
B,at_least_1_plus_1,advised,43,247,sub02,J-B,S-P2P3,-0.11911023221008699,,,
B,at_least_1_plus_1,advised,43,247,sub03,J-B,S-P2P3,0.14847776010654878,,,
B,at_least_1_plus_1,advised,43,247,sub04,J-B,S-P2P3,0.703113502063758,,,
B,at_least_1_plus_1,advised,43,247,sub06,J-B,S-P2P3,0.6410691980869616,,,
B,at_least_1_plus_1,advised,43,247,sub07,J-B,S-P2P3,0.0280904689195427,,,
B,at_least_1_plus_1,advised,43,247,sub08,J-B,S-P2P3,-0.19635593985621136,,,
B,at_least_1_plus_1,advised,43,247,sub09,J-B,S-P2P3,0.02595262508605911,,,
B,at_least_1_plus_1,advised,43,247,sub10,J-B,S-P2P3,-0.02496697408555615,,,
B,at_least_1_plus_1,advised,43,247,sub11,J-B,S-P2P3,0.01789802503028559,,,
B,at_least_1_plus_1,advised,43,247,sub12,J-B,S-P2P3,0.1502926380114442,,,
B,at_least_1_plus_1,advised,43,247,sub13,J-B,S-P2P3,0.08312344300194363,,,
B,at_least_1_plus_1,advised,43,247,sub14,J-B,S-P2P3,0.0953088608930629,,,
B,at_least_1_plus_1,advised,43,247,sub15,J-B,S-P2P3,0.3736776370567091,,,
B,at_least_1_plus_1,advised,43,247,sub16,J-B,S-P2P3,0.1539489278890086,,,
B,at_least_1_plus_1,advised,43,247,sub17,J-B,S-P2P3,0.05306355246188732,,,
B,at_least_1_plus_1,advised,43,247,sub18,J-B,S-P2P3,-0.28861015514871435,,,
B,at_least_1_plus_1,advised,43,247,sub19,J-B,S-P2P3,-0.7290725619435723,,,
B,at_least_1_plus_1,advised,43,247,sub20,J-B,S-P2P3,-0.051446812644512896,,,
B,at_least_1_plus_1,advised,43,247,sub21,J-B,S-P2P3,-0.1667253514862892,,,
B,at_least_1_plus_1,advised,43,247,sub22,J-B,S-P2P3,-0.04503276435300757,,,
B,at_least_1_plus_1,advised,43,247,sub23,J-B,S-P2P3,-0.21114509691452865,,,
B,at_least_1_plus_1,advised,43,247,sub24,J-B,S-P2P3,0.0754498590334699,,,
B,at_least_1_plus_1,advised,43,247,sub25,J-B,S-P2P3,-0.08441730914561973,,,
B,at_least_1_plus_1,advised,43,247,sub26,J-B,S-P2P3,0.07905743371514684,,,
B,at_least_1_plus_1,advised,43,247,sub27,J-B,S-P2P3,0.04807393949680938,,,
B,at_least_1_plus_1,advised,43,247,sub28,J-B,S-P2P3,0.10068760768382146,,,
B,at_least_1_plus_1,advised,43,247,sub29,J-B,S-P2P3,-0.24173570333354433,,,
B,at_least_1_plus_1,advised,43,247,sub30,J-B,S-P2P3,0.20448486119799192,,,
B,at_least_1_plus_1,advised,43,247,sub31,J-B,S-P2P3,-0.032739637643850905,,,
B,at_least_1_plus_1,advised,43,247,sub32,J-B,S-P2P3,-0.2734419089367962,,,
B,at_least_1_plus_1,advised,43,247,sub33,J-B,S-P2P3,-0.127229725261518,,,
B,at_least_1_plus_1,advised,43,247,sub34,J-B,S-P2P3,-0.3190163026590659,,,
B,at_least_1_plus_1,advised,43,247,sub35,J-B,S-P2P3,-0.05710569119797326,,,
B,at_least_1_plus_1,advised,43,247,sub36,J-B,S-P2P3,-0.11582862495319246,,,
B,at_least_1_plus_1,advised,43,247,sub37,J-B,S-P2P3,-0.05883549046898762,,,
B,at_least_1_plus_1,advised,43,247,sub38,J-B,S-P2P3,-0.017250766837735965,,,
B,at_least_1_plus_1,advised,43,247,sub39,J-B,S-P2P3,-0.018085643160127063,,,
B,at_least_1_plus_1,advised,43,247,sub40,J-B,S-P2P3,-0.5482627425157672,,,
B,at_least_1_plus_1,advised,43,247,sub41,J-B,S-P2P3,0.06983985650794722,,,
B,at_least_1_plus_1,advised,43,247,sub42,J-B,S-P2P3,-0.030245139868326998,,,
B,at_least_1_plus_1,advised,43,247,sub43,J-B,S-P2P3,-0.21013153861707085,,,
B,at_least_1_plus_1,advised,43,247,sub44,J-B,S-P2P3,0.03834770177840435,,,
B,at_least_1_plus_1,advised,43,247,sub01,J-B,S-valid,-0.03712111557591102,,,
B,at_least_1_plus_1,advised,43,247,sub02,J-B,S-valid,-0.14006765496107487,,,
B,at_least_1_plus_1,advised,43,247,sub03,J-B,S-valid,0.1565022719910254,,,
B,at_least_1_plus_1,advised,43,247,sub04,J-B,S-valid,0.5567487802592457,,,
B,at_least_1_plus_1,advised,43,247,sub06,J-B,S-valid,0.05606577653828615,,,
B,at_least_1_plus_1,advised,43,247,sub07,J-B,S-valid,-0.018158021284951253,,,
B,at_least_1_plus_1,advised,43,247,sub08,J-B,S-valid,-0.22311661081871115,,,
B,at_least_1_plus_1,advised,43,247,sub09,J-B,S-valid,-0.03334881220960195,,,
B,at_least_1_plus_1,advised,43,247,sub10,J-B,S-valid,-0.049410267855836465,,,
B,at_least_1_plus_1,advised,43,247,sub11,J-B,S-valid,-0.0062347943911839065,,,
B,at_least_1_plus_1,advised,43,247,sub12,J-B,S-valid,0.09680456763620637,,,
B,at_least_1_plus_1,advised,43,247,sub13,J-B,S-valid,0.06079738953301217,,,
B,at_least_1_plus_1,advised,43,247,sub14,J-B,S-valid,0.10865170195730944,,,
B,at_least_1_plus_1,advised,43,247,sub15,J-B,S-valid,0.38284893116337315,,,
B,at_least_1_plus_1,advised,43,247,sub16,J-B,S-valid,0.17005166664265392,,,
B,at_least_1_plus_1,advised,43,247,sub17,J-B,S-valid,0.06774816979009202,,,
B,at_least_1_plus_1,advised,43,247,sub18,J-B,S-valid,-0.2927683010043016,,,
B,at_least_1_plus_1,advised,43,247,sub19,J-B,S-valid,-0.8809105759341197,,,
B,at_least_1_plus_1,advised,43,247,sub20,J-B,S-valid,-0.06829338349428293,,,
B,at_least_1_plus_1,advised,43,247,sub21,J-B,S-valid,-0.17749936319548132,,,
B,at_least_1_plus_1,advised,43,247,sub22,J-B,S-valid,-0.08575757415064944,,,
B,at_least_1_plus_1,advised,43,247,sub23,J-B,S-valid,-0.22148622742848212,,,
B,at_least_1_plus_1,advised,43,247,sub24,J-B,S-valid,0.07253531237644184,,,
B,at_least_1_plus_1,advised,43,247,sub25,J-B,S-valid,0.011262238257720325,,,
B,at_least_1_plus_1,advised,43,247,sub26,J-B,S-valid,0.07252392552076303,,,
B,at_least_1_plus_1,advised,43,247,sub27,J-B,S-valid,0.001753864037091879,,,
B,at_least_1_plus_1,advised,43,247,sub28,J-B,S-valid,0.12413270116586661,,,
B,at_least_1_plus_1,advised,43,247,sub29,J-B,S-valid,-0.24928862813769803,,,
B,at_least_1_plus_1,advised,43,247,sub30,J-B,S-valid,0.190230144783187,,,
B,at_least_1_plus_1,advised,43,247,sub31,J-B,S-valid,-0.04239689826954662,,,
B,at_least_1_plus_1,advised,43,247,sub32,J-B,S-valid,-0.34236727179491033,,,
B,at_least_1_plus_1,advised,43,247,sub33,J-B,S-valid,-0.11569090194483356,,,
B,at_least_1_plus_1,advised,43,247,sub34,J-B,S-valid,-0.3248286299489447,,,
B,at_least_1_plus_1,advised,43,247,sub35,J-B,S-valid,-0.04412726686813229,,,
B,at_least_1_plus_1,advised,43,247,sub36,J-B,S-valid,-0.07699859947103782,,,
B,at_least_1_plus_1,advised,43,247,sub37,J-B,S-valid,-0.062100637905668554,,,
B,at_least_1_plus_1,advised,43,247,sub38,J-B,S-valid,-0.014107756030125818,,,
B,at_least_1_plus_1,advised,43,247,sub39,J-B,S-valid,-0.020222787544808773,,,
B,at_least_1_plus_1,advised,43,247,sub40,J-B,S-valid,-0.5502306477006971,,,
B,at_least_1_plus_1,advised,43,247,sub41,J-B,S-valid,0.03301414955080739,,,
B,at_least_1_plus_1,advised,43,247,sub42,J-B,S-valid,-0.04215052404677766,,,
B,at_least_1_plus_1,advised,43,247,sub43,J-B,S-valid,-0.23056256900652705,,,
B,at_least_1_plus_1,advised,43,247,sub44,J-B,S-valid,0.04869711144147765,,,
B,side_3_plus_3,side,37,222,sub01,J-D,jumpHeight,-0.0030126185360973,-0.12615853224919424,,
B,side_3_plus_3,side,37,222,sub02,J-D,jumpHeight,0.007283052034680604,0.3530647375677291,,
B,side_3_plus_3,side,37,222,sub03,J-D,jumpHeight,0.002965931121487131,0.18892072645047797,,
B,side_3_plus_3,side,37,222,sub04,J-D,jumpHeight,-0.007984120858018695,-0.37377238959024506,,
B,side_3_plus_3,side,37,222,sub06,J-D,jumpHeight,-0.0021414813889999995,-0.09091097578019325,,
B,side_3_plus_3,side,37,222,sub07,J-D,jumpHeight,0.0022767114777222375,0.09237429837671049,,
B,side_3_plus_3,side,37,222,sub08,J-D,jumpHeight,-0.00364740635739369,-0.1837572869201607,,
B,side_3_plus_3,side,37,222,sub09,J-D,jumpHeight,-0.03737729616425034,-2.096977285718973,,
B,side_3_plus_3,side,37,222,sub10,J-D,jumpHeight,0.010028010918931352,0.5164566290824207,,
B,side_3_plus_3,side,37,222,sub11,J-D,jumpHeight,-0.015106318114469885,-0.7740521732934902,,
B,side_3_plus_3,side,37,222,sub12,J-D,jumpHeight,-0.02014073028316221,-1.229233592904559,,
B,side_3_plus_3,side,37,222,sub13,J-D,jumpHeight,-0.0011180813080048924,-0.06267760423358534,,
B,side_3_plus_3,side,37,222,sub14,J-D,jumpHeight,-0.011634560691692275,-0.539564379382027,,
B,side_3_plus_3,side,37,222,sub16,J-D,jumpHeight,0.016957850557164145,0.703808620201278,,
B,side_3_plus_3,side,37,222,sub17,J-D,jumpHeight,-0.013534489025119445,-0.5742292736981406,,
B,side_3_plus_3,side,37,222,sub18,J-D,jumpHeight,-0.006766142520259755,-0.22667615092791546,,
B,side_3_plus_3,side,37,222,sub19,J-D,jumpHeight,-0.022953205786970354,-1.1141109135821894,,
B,side_3_plus_3,side,37,222,sub20,J-D,jumpHeight,-0.032220212373144985,-1.1727257294451217,,
B,side_3_plus_3,side,37,222,sub21,J-D,jumpHeight,-0.015050180010118042,-0.53781802479902,,
B,side_3_plus_3,side,37,222,sub22,J-D,jumpHeight,0.004562165467744295,0.21409968506015536,,
B,side_3_plus_3,side,37,222,sub23,J-D,jumpHeight,-0.013876885930864225,-0.58823432892432,,
B,side_3_plus_3,side,37,222,sub24,J-D,jumpHeight,-0.007871502582240786,-0.2998246631858687,,
B,side_3_plus_3,side,37,222,sub25,J-D,jumpHeight,-0.0009011936148490829,-0.04337051586104138,,
B,side_3_plus_3,side,37,222,sub26,J-D,jumpHeight,0.007709340033543177,0.25077788794509986,,
B,side_3_plus_3,side,37,222,sub27,J-D,jumpHeight,-0.01585418224624141,-0.8642088797618488,,
B,side_3_plus_3,side,37,222,sub28,J-D,jumpHeight,0.01441104618864597,0.44169291823845697,,
B,side_3_plus_3,side,37,222,sub30,J-D,jumpHeight,-0.009624111459768658,-0.388456404563981,,
B,side_3_plus_3,side,37,222,sub31,J-D,jumpHeight,0.00895425710661557,0.349249272583763,,
B,side_3_plus_3,side,37,222,sub33,J-D,jumpHeight,-0.028935868355907224,-1.228352271938929,,
B,side_3_plus_3,side,37,222,sub35,J-D,jumpHeight,0.0060593837187612465,0.3472283259182506,,
B,side_3_plus_3,side,37,222,sub36,J-D,jumpHeight,-0.00113047673005362,-0.04989831816328076,,
B,side_3_plus_3,side,37,222,sub37,J-D,jumpHeight,0.012959410303133745,0.599293293382624,,
B,side_3_plus_3,side,37,222,sub38,J-D,jumpHeight,-0.0038390016223163737,-0.17807847665008789,,
B,side_3_plus_3,side,37,222,sub39,J-D,jumpHeight,0.024788948610566464,0.9644032649575623,,
B,side_3_plus_3,side,37,222,sub41,J-D,jumpHeight,-0.03435195745256697,-1.371007528526558,,
B,side_3_plus_3,side,37,222,sub42,J-D,jumpHeight,-0.023151209710605913,-0.8879331847200487,,
B,side_3_plus_3,side,37,222,sub43,J-D,jumpHeight,-0.044646035539732176,-1.7436121709091765,,
B,side_3_plus_3,side,37,222,sub01,J-D,countermovementDepth,0.03367675860638897,1.2655600234008533,,
B,side_3_plus_3,side,37,222,sub02,J-D,countermovementDepth,-0.015085000553999528,-0.5866645858769239,,
B,side_3_plus_3,side,37,222,sub03,J-D,countermovementDepth,0.005346121981789409,0.26730609908947045,,
B,side_3_plus_3,side,37,222,sub04,J-D,countermovementDepth,0.03801851233716885,0.9875544320680993,,
B,side_3_plus_3,side,37,222,sub06,J-D,countermovementDepth,-0.01781754758060189,-0.8908773790300945,,
B,side_3_plus_3,side,37,222,sub07,J-D,countermovementDepth,-0.0025633418403921415,-0.09883604510806906,,
B,side_3_plus_3,side,37,222,sub08,J-D,countermovementDepth,0.041444585636049636,1.7261959390927364,,
B,side_3_plus_3,side,37,222,sub09,J-D,countermovementDepth,-0.036515976521734494,-1.7271349144400339,,
B,side_3_plus_3,side,37,222,sub10,J-D,countermovementDepth,0.010378559117188213,0.5189279558594107,,
B,side_3_plus_3,side,37,222,sub11,J-D,countermovementDepth,-0.013688399487210179,-0.6643230430742539,,
B,side_3_plus_3,side,37,222,sub12,J-D,countermovementDepth,-0.00019758051165802426,-0.009879025582901213,,
B,side_3_plus_3,side,37,222,sub13,J-D,countermovementDepth,0.0048998311338783185,0.23375386008578122,,
B,side_3_plus_3,side,37,222,sub14,J-D,countermovementDepth,-0.00790357440075179,-0.39517872003758947,,
B,side_3_plus_3,side,37,222,sub16,J-D,countermovementDepth,0.026332705334887685,1.238450863540762,,
B,side_3_plus_3,side,37,222,sub17,J-D,countermovementDepth,0.004785058432202338,0.23198093790379848,,
B,side_3_plus_3,side,37,222,sub18,J-D,countermovementDepth,0.016539075442608242,0.8269537721304121,,
B,side_3_plus_3,side,37,222,sub19,J-D,countermovementDepth,0.009836046486779493,0.31789620884613407,,
B,side_3_plus_3,side,37,222,sub20,J-D,countermovementDepth,-0.03760267473467399,-1.8801337367336994,,
B,side_3_plus_3,side,37,222,sub21,J-D,countermovementDepth,-0.02714134014443237,-1.1244112879428174,,
B,side_3_plus_3,side,37,222,sub22,J-D,countermovementDepth,-0.022876338462238133,-1.1438169231119066,,
B,side_3_plus_3,side,37,222,sub23,J-D,countermovementDepth,-0.012277526667406335,-0.6138763333703168,,
B,side_3_plus_3,side,37,222,sub24,J-D,countermovementDepth,0.000644005847120932,0.029503142507779512,,
B,side_3_plus_3,side,37,222,sub25,J-D,countermovementDepth,0.02873640178198067,1.4368200890990335,,
B,side_3_plus_3,side,37,222,sub26,J-D,countermovementDepth,0.052048652060552814,1.9682356305130522,,
B,side_3_plus_3,side,37,222,sub27,J-D,countermovementDepth,0.009651761924579227,0.48258809622896137,,
B,side_3_plus_3,side,37,222,sub28,J-D,countermovementDepth,-0.019497195382388144,-0.8192863662611277,,
B,side_3_plus_3,side,37,222,sub30,J-D,countermovementDepth,0.024932267999784596,0.7231690921055471,,
B,side_3_plus_3,side,37,222,sub31,J-D,countermovementDepth,0.0003934769910716174,0.01967384955358087,,
B,side_3_plus_3,side,37,222,sub33,J-D,countermovementDepth,0.013543462496120484,0.47919272163711607,,
B,side_3_plus_3,side,37,222,sub35,J-D,countermovementDepth,0.004026660551382399,0.18243845851660961,,
B,side_3_plus_3,side,37,222,sub36,J-D,countermovementDepth,-0.030343913597530026,-1.0958903704775047,,
B,side_3_plus_3,side,37,222,sub37,J-D,countermovementDepth,-0.023528742833030636,-1.0757014257565445,,
B,side_3_plus_3,side,37,222,sub38,J-D,countermovementDepth,-0.006919056285124459,-0.2835248007939432,,
B,side_3_plus_3,side,37,222,sub39,J-D,countermovementDepth,0.053196487739957055,1.7867714186703838,,
B,side_3_plus_3,side,37,222,sub41,J-D,countermovementDepth,0.0007573888472385271,0.021053863822818125,,
B,side_3_plus_3,side,37,222,sub42,J-D,countermovementDepth,0.019645391889111186,0.6979252621355583,,
B,side_3_plus_3,side,37,222,sub43,J-D,countermovementDepth,-0.045492402502945284,-2.274620125147264,,
B,side_3_plus_3,side,37,222,sub01,J-D,trunkLean,1.843623702755501,0.5883368181534739,,
B,side_3_plus_3,side,37,222,sub02,J-D,trunkLean,-1.1038961516310053,-0.31384476832226305,,
B,side_3_plus_3,side,37,222,sub03,J-D,trunkLean,5.014687909197235,1.5312863422023097,,
B,side_3_plus_3,side,37,222,sub04,J-D,trunkLean,1.7270345170023376,0.5273575299701526,,
B,side_3_plus_3,side,37,222,sub06,J-D,trunkLean,4.527135868851445,1.6220841463222215,,
B,side_3_plus_3,side,37,222,sub07,J-D,trunkLean,-2.8223744005653373,-1.0284801004360453,,
B,side_3_plus_3,side,37,222,sub08,J-D,trunkLean,7.114961656681352,2.5075091845263664,,
B,side_3_plus_3,side,37,222,sub09,J-D,trunkLean,0.4591504807830802,0.1268706676859376,,
B,side_3_plus_3,side,37,222,sub10,J-D,trunkLean,0.27411466715739863,0.11293477182159094,,
B,side_3_plus_3,side,37,222,sub11,J-D,trunkLean,1.6373405311089613,0.4113339593618635,,
B,side_3_plus_3,side,37,222,sub12,J-D,trunkLean,-0.783292314302507,-0.25421776290443837,,
B,side_3_plus_3,side,37,222,sub13,J-D,trunkLean,4.669632039022119,1.5694061135701773,,
B,side_3_plus_3,side,37,222,sub14,J-D,trunkLean,-3.8426162695725807,-0.7300816890109795,,
B,side_3_plus_3,side,37,222,sub16,J-D,trunkLean,-3.4445621188233204,-1.4626033105745602,,
B,side_3_plus_3,side,37,222,sub17,J-D,trunkLean,1.5885718367104147,0.37153893359114015,,
B,side_3_plus_3,side,37,222,sub18,J-D,trunkLean,4.118231940106362,0.5021491742083716,,
B,side_3_plus_3,side,37,222,sub19,J-D,trunkLean,-5.562900723987312,-1.428284911239977,,
B,side_3_plus_3,side,37,222,sub20,J-D,trunkLean,-1.3187039039757096,-0.4908639115779641,,
B,side_3_plus_3,side,37,222,sub21,J-D,trunkLean,9.71389612417309,1.8756853338779493,,
B,side_3_plus_3,side,37,222,sub22,J-D,trunkLean,0.8336217421497167,0.3113948466154975,,
B,side_3_plus_3,side,37,222,sub23,J-D,trunkLean,5.279277865693622,1.1522434664223227,,
B,side_3_plus_3,side,37,222,sub24,J-D,trunkLean,4.650991611616973,1.3284186438741232,,
B,side_3_plus_3,side,37,222,sub25,J-D,trunkLean,1.0280473687246285,0.40361055636798554,,
B,side_3_plus_3,side,37,222,sub26,J-D,trunkLean,10.383524775218916,3.480395533781816,,
B,side_3_plus_3,side,37,222,sub27,J-D,trunkLean,1.6493515394037672,0.4255816487349109,,
B,side_3_plus_3,side,37,222,sub28,J-D,trunkLean,2.707216200582664,1.1755249340509555,,
B,side_3_plus_3,side,37,222,sub30,J-D,trunkLean,6.603369535652064,1.3845148258795774,,
B,side_3_plus_3,side,37,222,sub31,J-D,trunkLean,2.427501233906497,0.9058047587371998,,
B,side_3_plus_3,side,37,222,sub33,J-D,trunkLean,6.902441145116377,1.7051112102528319,,
B,side_3_plus_3,side,37,222,sub35,J-D,trunkLean,2.601340784244151,0.8071471035116328,,
B,side_3_plus_3,side,37,222,sub36,J-D,trunkLean,-3.5064964278733655,-1.0443196214363222,,
B,side_3_plus_3,side,37,222,sub37,J-D,trunkLean,-7.104601436749384,-1.0405631692199695,,
B,side_3_plus_3,side,37,222,sub38,J-D,trunkLean,-0.8507931675036815,-0.21087403191741932,,
B,side_3_plus_3,side,37,222,sub39,J-D,trunkLean,12.770207676612536,2.5531914194977454,,
B,side_3_plus_3,side,37,222,sub41,J-D,trunkLean,1.6142553271178457,0.5637331816749165,,
B,side_3_plus_3,side,37,222,sub42,J-D,trunkLean,-0.12439194627874883,-0.03143245172743388,,
B,side_3_plus_3,side,37,222,sub43,J-D,trunkLean,-5.3952918973268424,-1.9569864878975747,,
B,side_3_plus_3,side,37,222,sub01,J-D,landingKneeFlex,-0.5464882526469239,-0.05717307355265467,,
B,side_3_plus_3,side,37,222,sub02,J-D,landingKneeFlex,-3.0709952058119256,-0.7686231306152976,,
B,side_3_plus_3,side,37,222,sub03,J-D,landingKneeFlex,-6.982084167488416,-1.3003684439008922,,
B,side_3_plus_3,side,37,222,sub04,J-D,landingKneeFlex,2.6972894852756326,0.7991353408474534,,
B,side_3_plus_3,side,37,222,sub06,J-D,landingKneeFlex,-1.6448525185874274,-0.5245634856984067,,
B,side_3_plus_3,side,37,222,sub07,J-D,landingKneeFlex,-0.5840320902964038,-0.1946773634321346,,
B,side_3_plus_3,side,37,222,sub08,J-D,landingKneeFlex,2.7319554071048273,0.9106518023682758,,
B,side_3_plus_3,side,37,222,sub09,J-D,landingKneeFlex,-2.7779562539488865,-0.5064892106922146,,
B,side_3_plus_3,side,37,222,sub10,J-D,landingKneeFlex,-1.5752228984915746,-0.4589352311799665,,
B,side_3_plus_3,side,37,222,sub11,J-D,landingKneeFlex,10.300427256599363,1.7122933052466884,,
B,side_3_plus_3,side,37,222,sub12,J-D,landingKneeFlex,-2.8669663843625273,-0.8797606984057665,,
B,side_3_plus_3,side,37,222,sub13,J-D,landingKneeFlex,2.519668636308367,0.5753011639465465,,
B,side_3_plus_3,side,37,222,sub14,J-D,landingKneeFlex,0.16782942034508608,0.04882372533689068,,
B,side_3_plus_3,side,37,222,sub16,J-D,landingKneeFlex,1.94385846393169,0.4825782387258052,,
B,side_3_plus_3,side,37,222,sub17,J-D,landingKneeFlex,6.785141600497639,0.9751959686665946,,
B,side_3_plus_3,side,37,222,sub18,J-D,landingKneeFlex,0.9553195091507263,0.08497750336416432,,
B,side_3_plus_3,side,37,222,sub19,J-D,landingKneeFlex,9.025283504842847,1.3120893534668234,,
B,side_3_plus_3,side,37,222,sub20,J-D,landingKneeFlex,4.888986581095338,0.5916931354824996,,
B,side_3_plus_3,side,37,222,sub21,J-D,landingKneeFlex,6.269571152098997,1.2495238462877236,,
B,side_3_plus_3,side,37,222,sub22,J-D,landingKneeFlex,-0.9023252630582164,-0.27589291421011053,,
B,side_3_plus_3,side,37,222,sub23,J-D,landingKneeFlex,-3.806237719208397,-0.7338305350106391,,
B,side_3_plus_3,side,37,222,sub24,J-D,landingKneeFlex,4.628046962057709,1.4909634925948347,,
B,side_3_plus_3,side,37,222,sub25,J-D,landingKneeFlex,1.7994962147405857,0.5302486144850931,,
B,side_3_plus_3,side,37,222,sub26,J-D,landingKneeFlex,20.026027234784735,1.8476063549154385,,
B,side_3_plus_3,side,37,222,sub27,J-D,landingKneeFlex,-6.299450227916012,-1.7711668860699736,,
B,side_3_plus_3,side,37,222,sub28,J-D,landingKneeFlex,-4.441405316413963,-1.2338680186080946,,
B,side_3_plus_3,side,37,222,sub30,J-D,landingKneeFlex,5.174202140344548,1.1758253427274692,,
B,side_3_plus_3,side,37,222,sub31,J-D,landingKneeFlex,-3.6250299858720894,-0.9470857081751424,,
B,side_3_plus_3,side,37,222,sub33,J-D,landingKneeFlex,-2.3147840877129227,-0.7435013442445875,,
B,side_3_plus_3,side,37,222,sub35,J-D,landingKneeFlex,2.0693019496459044,0.4995068832675515,,
B,side_3_plus_3,side,37,222,sub36,J-D,landingKneeFlex,-4.017910529785297,-1.3393035099284323,,
B,side_3_plus_3,side,37,222,sub37,J-D,landingKneeFlex,-4.154951040113431,-0.7629983728534274,,
B,side_3_plus_3,side,37,222,sub38,J-D,landingKneeFlex,2.822711311531947,0.6146407110327707,,
B,side_3_plus_3,side,37,222,sub39,J-D,landingKneeFlex,18.180773430252913,3.0426652290395237,,
B,side_3_plus_3,side,37,222,sub41,J-D,landingKneeFlex,8.517363285220128,2.341202825800964,,
B,side_3_plus_3,side,37,222,sub42,J-D,landingKneeFlex,4.422508653880669,0.8907524306590388,,
B,side_3_plus_3,side,37,222,sub43,J-D,landingKneeFlex,0.08055671526564367,0.015336663693579632,,
B,side_3_plus_3,side,37,222,sub01,J-D,rsiMod,-0.10958752413087214,-1.6088431677377828,,
B,side_3_plus_3,side,37,222,sub02,J-D,rsiMod,0.026934345775646462,0.4809217949961735,,
B,side_3_plus_3,side,37,222,sub03,J-D,rsiMod,-0.06781614593225821,-2.6872304211991533,,
B,side_3_plus_3,side,37,222,sub04,J-D,rsiMod,-0.09375834546455894,-3.117179558616395,,
B,side_3_plus_3,side,37,222,sub06,J-D,rsiMod,-0.05956388869833423,-1.491876813186448,,
B,side_3_plus_3,side,37,222,sub07,J-D,rsiMod,0.11994343575597677,1.0958012786458708,,
B,side_3_plus_3,side,37,222,sub08,J-D,rsiMod,-0.14933181335309342,-3.3337298242407245,,
B,side_3_plus_3,side,37,222,sub09,J-D,rsiMod,-0.07608910190192347,-2.0184175825439796,,
B,side_3_plus_3,side,37,222,sub10,J-D,rsiMod,0.07383920392290189,1.0918414466600108,,
B,side_3_plus_3,side,37,222,sub11,J-D,rsiMod,-0.061283823935273374,-1.100867635971805,,
B,side_3_plus_3,side,37,222,sub12,J-D,rsiMod,-0.02922145053780406,-1.2093795325005667,,
B,side_3_plus_3,side,37,222,sub13,J-D,rsiMod,-0.053979738071479155,-1.2559027441070825,,
B,side_3_plus_3,side,37,222,sub14,J-D,rsiMod,-0.033645191923645124,-0.6109045238178172,,
B,side_3_plus_3,side,37,222,sub16,J-D,rsiMod,0.08293962463898785,1.3709470212422896,,
B,side_3_plus_3,side,37,222,sub17,J-D,rsiMod,-0.057287990459642,-0.951236937329856,,
B,side_3_plus_3,side,37,222,sub18,J-D,rsiMod,0.07153464171683399,1.0204650802399438,,
B,side_3_plus_3,side,37,222,sub19,J-D,rsiMod,0.09889378006819799,1.8845248862316115,,
B,side_3_plus_3,side,37,222,sub20,J-D,rsiMod,-0.04852496248635396,-0.7270702159372033,,
B,side_3_plus_3,side,37,222,sub21,J-D,rsiMod,-0.01976878664981091,-0.2652957451423307,,
B,side_3_plus_3,side,37,222,sub22,J-D,rsiMod,-0.05005703760528346,-1.2661660653367666,,
B,side_3_plus_3,side,37,222,sub23,J-D,rsiMod,-0.060218802267960725,-0.757630335553936,,
B,side_3_plus_3,side,37,222,sub24,J-D,rsiMod,-0.03676019937747077,-0.42773643903795033,,
B,side_3_plus_3,side,37,222,sub25,J-D,rsiMod,0.022969740992478227,0.3538127172438931,,
B,side_3_plus_3,side,37,222,sub26,J-D,rsiMod,-0.13272999159895404,-1.5176596922932148,,
B,side_3_plus_3,side,37,222,sub27,J-D,rsiMod,-0.03506434446886847,-1.2096109682556493,,
B,side_3_plus_3,side,37,222,sub28,J-D,rsiMod,0.02354818009117743,0.2633108056943721,,
B,side_3_plus_3,side,37,222,sub30,J-D,rsiMod,-0.10030207486176201,-0.8507326867292959,,
B,side_3_plus_3,side,37,222,sub31,J-D,rsiMod,0.03266963470293005,0.31414978509018293,,
B,side_3_plus_3,side,37,222,sub33,J-D,rsiMod,-0.17057098062097975,-3.364697347695189,,
B,side_3_plus_3,side,37,222,sub35,J-D,rsiMod,0.02257446204026764,0.5190306902794958,,
B,side_3_plus_3,side,37,222,sub36,J-D,rsiMod,0.10031244436090903,0.9644789084533502,,
B,side_3_plus_3,side,37,222,sub37,J-D,rsiMod,-0.05911408958804609,-0.5145774873935071,,
B,side_3_plus_3,side,37,222,sub38,J-D,rsiMod,0.01614848807713576,0.20073736517907126,,
B,side_3_plus_3,side,37,222,sub39,J-D,rsiMod,-0.0475962722745642,-0.36416040451410336,,
B,side_3_plus_3,side,37,222,sub41,J-D,rsiMod,-0.0468738601399975,-1.278828035083929,,
B,side_3_plus_3,side,37,222,sub42,J-D,rsiMod,-0.066012970929192,-1.5072212670157599,,
B,side_3_plus_3,side,37,222,sub43,J-D,rsiMod,0.033663858848217876,0.3450002375320731,,
B,side_3_plus_3,side,37,222,sub01,J-D,eccentricDuration,-0.0020784291043034475,-0.05196072760758619,,
B,side_3_plus_3,side,37,222,sub02,J-D,eccentricDuration,0.013041464737878872,0.31576558843433844,,
B,side_3_plus_3,side,37,222,sub03,J-D,eccentricDuration,0.13478002640487063,2.3195877408071395,,
B,side_3_plus_3,side,37,222,sub04,J-D,eccentricDuration,0.38658193850753186,2.8495575176290346,,
B,side_3_plus_3,side,37,222,sub06,J-D,eccentricDuration,-0.029256414173447376,-0.25241802865048724,,
B,side_3_plus_3,side,37,222,sub07,J-D,eccentricDuration,-0.12073270191901797,-1.0568061723804758,,
B,side_3_plus_3,side,37,222,sub08,J-D,eccentricDuration,0.056074256591832294,1.3503169528336212,,
B,side_3_plus_3,side,37,222,sub09,J-D,eccentricDuration,0.05471862040433162,1.0233309143191203,,
B,side_3_plus_3,side,37,222,sub10,J-D,eccentricDuration,-0.01720590641701425,-0.42506269384278633,,
B,side_3_plus_3,side,37,222,sub11,J-D,eccentricDuration,0.05678167386673544,0.9887338552204853,,
B,side_3_plus_3,side,37,222,sub12,J-D,eccentricDuration,-0.00901374548941647,-0.22534363723541173,,
B,side_3_plus_3,side,37,222,sub13,J-D,eccentricDuration,0.0199255388852993,0.49106327737642663,,
B,side_3_plus_3,side,37,222,sub14,J-D,eccentricDuration,0.0274325835572784,0.36607883029525057,,
B,side_3_plus_3,side,37,222,sub16,J-D,eccentricDuration,-0.04492157966992538,-1.1230394917481346,,
B,side_3_plus_3,side,37,222,sub17,J-D,eccentricDuration,0.054213636053837444,0.5308154310156555,,
B,side_3_plus_3,side,37,222,sub18,J-D,eccentricDuration,-0.26814728736164517,-0.8677936133078359,,
B,side_3_plus_3,side,37,222,sub19,J-D,eccentricDuration,-0.5609388278499711,-5.12679501681144,,
B,side_3_plus_3,side,37,222,sub20,J-D,eccentricDuration,0.022372231331180492,0.5530158485197977,,
B,side_3_plus_3,side,37,222,sub21,J-D,eccentricDuration,-0.08021694610924845,-0.6597735585475116,,
B,side_3_plus_3,side,37,222,sub22,J-D,eccentricDuration,0.030196874935039808,0.4797024127595215,,
B,side_3_plus_3,side,37,222,sub23,J-D,eccentricDuration,0.024889043390617704,0.6222260847654426,,
B,side_3_plus_3,side,37,222,sub24,J-D,eccentricDuration,0.0012703688884042608,0.03175922221010652,,
B,side_3_plus_3,side,37,222,sub25,J-D,eccentricDuration,-0.0038282670108890082,-0.06226947007478316,,
B,side_3_plus_3,side,37,222,sub26,J-D,eccentricDuration,0.04015213527157552,1.0038033817893879,,
B,side_3_plus_3,side,37,222,sub27,J-D,eccentricDuration,0.0019153114503220325,0.04788278625805081,,
B,side_3_plus_3,side,37,222,sub28,J-D,eccentricDuration,0.014563281426329566,0.36408203565823916,,
B,side_3_plus_3,side,37,222,sub30,J-D,eccentricDuration,0.03590203741528064,0.5476041360858842,,
B,side_3_plus_3,side,37,222,sub31,J-D,eccentricDuration,0.0027766398490863264,0.06941599622715816,,
B,side_3_plus_3,side,37,222,sub33,J-D,eccentricDuration,0.07609391676152638,1.9023479190381596,,
B,side_3_plus_3,side,37,222,sub35,J-D,eccentricDuration,-0.01830954052600886,-0.31899153178146894,,
B,side_3_plus_3,side,37,222,sub36,J-D,eccentricDuration,-0.1656930948474969,-0.986435164331089,,
B,side_3_plus_3,side,37,222,sub37,J-D,eccentricDuration,0.13255866984693387,0.9347992545543234,,
B,side_3_plus_3,side,37,222,sub38,J-D,eccentricDuration,-0.030709412419248905,-0.37475540617923037,,
B,side_3_plus_3,side,37,222,sub39,J-D,eccentricDuration,0.025963071117773018,0.39235828192691563,,
B,side_3_plus_3,side,37,222,sub41,J-D,eccentricDuration,0.005654193155795739,0.13305827517163937,,
B,side_3_plus_3,side,37,222,sub42,J-D,eccentricDuration,0.022640162857908153,0.5660040714477038,,
B,side_3_plus_3,side,37,222,sub43,J-D,eccentricDuration,-0.09836751846429287,-1.0430282854838482,,
B,side_3_plus_3,side,37,222,sub01,J-D,flightTime,-0.03333333333333344,-1.5151515151515198,,
B,side_3_plus_3,side,37,222,sub02,J-D,flightTime,-0.011111111111111405,-0.520833333333347,,
B,side_3_plus_3,side,37,222,sub03,J-D,flightTime,-0.011111111111111183,-0.3799318756022296,,
B,side_3_plus_3,side,37,222,sub04,J-D,flightTime,0,0,,
B,side_3_plus_3,side,37,222,sub06,J-D,flightTime,-2.220446049250313e-16,-9.79608551139844e-15,,
B,side_3_plus_3,side,37,222,sub07,J-D,flightTime,0.011111111111111405,0.36336538455240525,,
B,side_3_plus_3,side,37,222,sub08,J-D,flightTime,-4.440892098500626e-16,-1.959217102279688e-14,,
B,side_3_plus_3,side,37,222,sub09,J-D,flightTime,-0.0444444444444444,-1.256320864348751,,
B,side_3_plus_3,side,37,222,sub10,J-D,flightTime,-6.661338147750939e-16,-2.938825653419532e-14,,
B,side_3_plus_3,side,37,222,sub11,J-D,flightTime,-0.011111111111111183,-0.5555555555555591,,
B,side_3_plus_3,side,37,222,sub12,J-D,flightTime,-0.03333333333333338,-1.666666666666669,,
B,side_3_plus_3,side,37,222,sub13,J-D,flightTime,-0.022222222222222143,-1.0416666666666632,,
B,side_3_plus_3,side,37,222,sub14,J-D,flightTime,-0.022222222222222143,-0.7267307691047917,,
B,side_3_plus_3,side,37,222,sub16,J-D,flightTime,-0.011111111111111405,-0.46296296296297534,,
B,side_3_plus_3,side,37,222,sub17,J-D,flightTime,-0.08888888888888902,-1.2681650951324868,,
B,side_3_plus_3,side,37,222,sub18,J-D,flightTime,-2.220446049250313e-16,-6.048613590984277e-15,,
B,side_3_plus_3,side,37,222,sub19,J-D,flightTime,-1.1102230246251565e-16,-3.0802451436932196e-15,,
B,side_3_plus_3,side,37,222,sub20,J-D,flightTime,-0.022222222222222365,-0.5841292093811176,,
B,side_3_plus_3,side,37,222,sub21,J-D,flightTime,-0.11111111111111094,-1.0391527512022278,,
B,side_3_plus_3,side,37,222,sub22,J-D,flightTime,-0.022222222222222143,-0.6053451980992127,,
B,side_3_plus_3,side,37,222,sub23,J-D,flightTime,-0.011111111111111072,-0.49019607843137086,,
B,side_3_plus_3,side,37,222,sub24,J-D,flightTime,-0.022222222222222254,-0.5828715307198871,,
B,side_3_plus_3,side,37,222,sub25,J-D,flightTime,0,0,,
B,side_3_plus_3,side,37,222,sub26,J-D,flightTime,0.011111111111110739,0.33421892351236304,,
B,side_3_plus_3,side,37,222,sub27,J-D,flightTime,-0.011111111111111294,-0.2527837297892397,,
B,side_3_plus_3,side,37,222,sub28,J-D,flightTime,-1.1102230246251565e-16,-3.407856097115625e-15,,
B,side_3_plus_3,side,37,222,sub30,J-D,flightTime,-0.06666666666666687,-1.0484789227495437,,
B,side_3_plus_3,side,37,222,sub31,J-D,flightTime,-2.220446049250313e-16,-7.106562367032674e-15,,
B,side_3_plus_3,side,37,222,sub33,J-D,flightTime,-0.03333333333333344,-1.428571428571433,,
B,side_3_plus_3,side,37,222,sub35,J-D,flightTime,-0.022222222222222143,-0.3051629207829721,,
B,side_3_plus_3,side,37,222,sub36,J-D,flightTime,-1.1102230246251565e-16,-5.551115123125783e-15,,
B,side_3_plus_3,side,37,222,sub37,J-D,flightTime,0.011111111111111294,0.5050505050505131,,
B,side_3_plus_3,side,37,222,sub38,J-D,flightTime,-0.011111111111111183,-0.5208333333333366,,
B,side_3_plus_3,side,37,222,sub39,J-D,flightTime,0.03333333333333355,1.28205128205129,,
B,side_3_plus_3,side,37,222,sub41,J-D,flightTime,0,0,,
B,side_3_plus_3,side,37,222,sub42,J-D,flightTime,0,0,,
B,side_3_plus_3,side,37,222,sub43,J-D,flightTime,-0.04444444444444429,-1.1890959897737732,,
B,side_3_plus_3,side,37,222,sub01,J-D,concentricDuration,0.05555555555555558,1.6222964227977816,,
B,side_3_plus_3,side,37,222,sub02,J-D,concentricDuration,-0.022222222222222227,-0.7407407407407409,,
B,side_3_plus_3,side,37,222,sub03,J-D,concentricDuration,0.04444444444444448,1.2978371382382257,,
B,side_3_plus_3,side,37,222,sub04,J-D,concentricDuration,0.10000000000000009,2.598076211353327,,
B,side_3_plus_3,side,37,222,sub06,J-D,concentricDuration,0.24444444444444424,1.6487551898316763,,
B,side_3_plus_3,side,37,222,sub07,J-D,concentricDuration,-0.01111111111111121,-0.2798063739892026,,
B,side_3_plus_3,side,37,222,sub08,J-D,concentricDuration,0.04444444444444473,1.4814814814814912,,
B,side_3_plus_3,side,37,222,sub09,J-D,concentricDuration,0.03333333333333344,0.8238843303964285,,
B,side_3_plus_3,side,37,222,sub10,J-D,concentricDuration,-0.03333333333333299,-0.8394191219675987,,
B,side_3_plus_3,side,37,222,sub11,J-D,concentricDuration,0.022222222222222143,0.6489185691191101,,
B,side_3_plus_3,side,37,222,sub12,J-D,concentricDuration,0.033333333333333215,1.1111111111111072,,
B,side_3_plus_3,side,37,222,sub13,J-D,concentricDuration,0.0555555555555555,1.399031869945999,,
B,side_3_plus_3,side,37,222,sub14,J-D,concentricDuration,0,0,,
B,side_3_plus_3,side,37,222,sub16,J-D,concentricDuration,0.011111111111111294,0.2798063739892047,,
B,side_3_plus_3,side,37,222,sub17,J-D,concentricDuration,0.02222222222222242,0.7407407407407474,,
B,side_3_plus_3,side,37,222,sub18,J-D,concentricDuration,0.044444444444444564,1.297837138238228,,
B,side_3_plus_3,side,37,222,sub19,J-D,concentricDuration,0.04444444444444445,0.3597284050541845,,
B,side_3_plus_3,side,37,222,sub20,J-D,concentricDuration,-0.022222222222222227,-0.7407407407407409,,
B,side_3_plus_3,side,37,222,sub21,J-D,concentricDuration,0.09999999999999998,0.9287338992720832,,
B,side_3_plus_3,side,37,222,sub22,J-D,concentricDuration,0.04444444444444451,1.4814814814814836,,
B,side_3_plus_3,side,37,222,sub23,J-D,concentricDuration,0,0,,
B,side_3_plus_3,side,37,222,sub24,J-D,concentricDuration,0.022222222222222254,0.4429494558276593,,
B,side_3_plus_3,side,37,222,sub25,J-D,concentricDuration,-0.044444444444444564,-0.752073801212535,,
B,side_3_plus_3,side,37,222,sub26,J-D,concentricDuration,0.055555555555555636,1.4433756729740668,,
B,side_3_plus_3,side,37,222,sub27,J-D,concentricDuration,0.022222222222222476,0.5492562202642927,,
B,side_3_plus_3,side,37,222,sub28,J-D,concentricDuration,-0.011111111111111072,-0.3703703703703691,,
B,side_3_plus_3,side,37,222,sub30,J-D,concentricDuration,0.05555555555555547,1.107373639569145,,
B,side_3_plus_3,side,37,222,sub31,J-D,concentricDuration,-0.011111111111110988,-0.32445928455955225,,
B,side_3_plus_3,side,37,222,sub33,J-D,concentricDuration,0.044444444444444564,1.297837138238228,,
B,side_3_plus_3,side,37,222,sub35,J-D,concentricDuration,-0.011111111111111183,-0.3703703703703728,,
B,side_3_plus_3,side,37,222,sub36,J-D,concentricDuration,-0.055555555555555525,-0.8802620052938102,,
B,side_3_plus_3,side,37,222,sub37,J-D,concentricDuration,0,0,,
B,side_3_plus_3,side,37,222,sub38,J-D,concentricDuration,-0.011111111111111155,-0.32445928455955797,,
B,side_3_plus_3,side,37,222,sub39,J-D,concentricDuration,0.03333333333333327,0.8394191219675987,,
B,side_3_plus_3,side,37,222,sub41,J-D,concentricDuration,0.022222222222222365,0.5492562202642892,,
B,side_3_plus_3,side,37,222,sub42,J-D,concentricDuration,0.011111111111111127,0.3703703703703709,,
B,side_3_plus_3,side,37,222,sub43,J-D,concentricDuration,-0.011111111111111183,-0.2798063739892019,,
B,side_3_plus_3,side,37,222,sub01,J-D,asymmetry,-0.24913604840845938,-0.12456802420422969,,
B,side_3_plus_3,side,37,222,sub02,J-D,asymmetry,0.9324452307752198,0.4662226153876099,,
B,side_3_plus_3,side,37,222,sub03,J-D,asymmetry,-1.1130309966477512,-0.5565154983238756,,
B,side_3_plus_3,side,37,222,sub04,J-D,asymmetry,-0.29800769637912117,-0.14900384818956058,,
B,side_3_plus_3,side,37,222,sub06,J-D,asymmetry,-1.2714029703701326,-0.6357014851850663,,
B,side_3_plus_3,side,37,222,sub07,J-D,asymmetry,1.4977073539963186,0.7488536769981593,,
B,side_3_plus_3,side,37,222,sub08,J-D,asymmetry,0.4428189088215553,0.22140945441077764,,
B,side_3_plus_3,side,37,222,sub09,J-D,asymmetry,1.1410112278319484,0.5705056139159742,,
B,side_3_plus_3,side,37,222,sub10,J-D,asymmetry,-1.6977994591045826,-0.7579186847942553,,
B,side_3_plus_3,side,37,222,sub11,J-D,asymmetry,0.24029861068381797,0.12014930534190899,,
B,side_3_plus_3,side,37,222,sub12,J-D,asymmetry,-0.049977001593229486,-0.024988500796614743,,
B,side_3_plus_3,side,37,222,sub13,J-D,asymmetry,0.16259999590351515,0.08129999795175757,,
B,side_3_plus_3,side,37,222,sub14,J-D,asymmetry,-0.3309771938262238,-0.1654885969131119,,
B,side_3_plus_3,side,37,222,sub16,J-D,asymmetry,0.7322370389960564,0.3661185194980282,,
B,side_3_plus_3,side,37,222,sub17,J-D,asymmetry,0.7219009091658912,0.3609504545829456,,
B,side_3_plus_3,side,37,222,sub18,J-D,asymmetry,2.907946569306304,1.0597130297178314,,
B,side_3_plus_3,side,37,222,sub19,J-D,asymmetry,-0.4164272096629842,-0.2082136048314921,,
B,side_3_plus_3,side,37,222,sub20,J-D,asymmetry,-0.03686205475794213,-0.015085219298687112,,
B,side_3_plus_3,side,37,222,sub21,J-D,asymmetry,2.4933765324938455,1.2466882662469227,,
B,side_3_plus_3,side,37,222,sub22,J-D,asymmetry,1.7121479753704039,0.8560739876852019,,
B,side_3_plus_3,side,37,222,sub23,J-D,asymmetry,-0.6178695583867249,-0.24840569797292825,,
B,side_3_plus_3,side,37,222,sub24,J-D,asymmetry,-3.1036688936577264,-1.5518344468288632,,
B,side_3_plus_3,side,37,222,sub25,J-D,asymmetry,0.8893631221818246,0.4446815610909123,,
B,side_3_plus_3,side,37,222,sub26,J-D,asymmetry,0.7501140755309261,0.3239322841734898,,
B,side_3_plus_3,side,37,222,sub27,J-D,asymmetry,0.9785116226479952,0.4892558113239976,,
B,side_3_plus_3,side,37,222,sub28,J-D,asymmetry,1.987789148367033,0.9938945741835165,,
B,side_3_plus_3,side,37,222,sub30,J-D,asymmetry,-2.673201449590242,-1.336600724795121,,
B,side_3_plus_3,side,37,222,sub31,J-D,asymmetry,3.650199877234248,1.070957576207576,,
B,side_3_plus_3,side,37,222,sub33,J-D,asymmetry,-0.1679287880133653,-0.06918434928192474,,
B,side_3_plus_3,side,37,222,sub35,J-D,asymmetry,0.7376648073481771,0.36883240367408854,,
B,side_3_plus_3,side,37,222,sub36,J-D,asymmetry,-0.006359696328331665,-0.0031798481641658327,,
B,side_3_plus_3,side,37,222,sub37,J-D,asymmetry,-0.149712726406539,-0.0748563632032695,,
B,side_3_plus_3,side,37,222,sub38,J-D,asymmetry,-0.6498223057135419,-0.32491115285677097,,
B,side_3_plus_3,side,37,222,sub39,J-D,asymmetry,-7.141539732124035,-0.8196262923600602,,
B,side_3_plus_3,side,37,222,sub41,J-D,asymmetry,-2.093743988223608,-1.046871994111804,,
B,side_3_plus_3,side,37,222,sub42,J-D,asymmetry,2.19876604509533,1.0118477130780308,,
B,side_3_plus_3,side,37,222,sub43,J-D,asymmetry,1.183211043471516,0.591605521735758,,
B,side_3_plus_3,side,37,222,sub01,J-A,S0,,,9,1.1840267082135776
B,side_3_plus_3,side,37,222,sub02,J-A,S0,,,6,1.0228033012674318
B,side_3_plus_3,side,37,222,sub03,J-A,S0,,,1,1.7324826766016306
B,side_3_plus_3,side,37,222,sub04,J-A,S0,,,2,1.9870499634165306
B,side_3_plus_3,side,37,222,sub06,J-A,S0,,,2,1.6922777167617955
B,side_3_plus_3,side,37,222,sub07,J-A,S0,,,9,1.0049487181762338
B,side_3_plus_3,side,37,222,sub08,J-A,S0,,,1,2.063560477272261
B,side_3_plus_3,side,37,222,sub09,J-A,S0,,,5,1.541667122262903
B,side_3_plus_3,side,37,222,sub10,J-A,S0,,,19,0.8233216073043392
B,side_3_plus_3,side,37,222,sub11,J-A,S0,,,6,1.357245010195265
B,side_3_plus_3,side,37,222,sub12,J-A,S0,,,1,1.2056700470922015
B,side_3_plus_3,side,37,222,sub13,J-A,S0,,,2,1.3547324480731184
B,side_3_plus_3,side,37,222,sub14,J-A,S0,,,18,0.7315217035406052
B,side_3_plus_3,side,37,222,sub16,J-A,S0,,,3,1.2807328118001602
B,side_3_plus_3,side,37,222,sub17,J-A,S0,,,11,1.3503521368832363
B,side_3_plus_3,side,37,222,sub18,J-A,S0,,,10,1.2369156699739252
B,side_3_plus_3,side,37,222,sub19,J-A,S0,,,3,2.0828593907260373
B,side_3_plus_3,side,37,222,sub20,J-A,S0,,,6,1.2497071970851288
B,side_3_plus_3,side,37,222,sub21,J-A,S0,,,10,1.5727770790273292
B,side_3_plus_3,side,37,222,sub22,J-A,S0,,,1,1.3242481915682989
B,side_3_plus_3,side,37,222,sub23,J-A,S0,,,12,0.8919108436759405
B,side_3_plus_3,side,37,222,sub24,J-A,S0,,,13,0.9558205570470412
B,side_3_plus_3,side,37,222,sub25,J-A,S0,,,15,0.7898572238535538
B,side_3_plus_3,side,37,222,sub26,J-A,S0,,,2,2.019309721951641
B,side_3_plus_3,side,37,222,sub27,J-A,S0,,,6,1.1898653877116099
B,side_3_plus_3,side,37,222,sub28,J-A,S0,,,5,1.068450507278468
B,side_3_plus_3,side,37,222,sub30,J-A,S0,,,12,1.1389823491787388
B,side_3_plus_3,side,37,222,sub31,J-A,S0,,,17,0.903682239365131
B,side_3_plus_3,side,37,222,sub33,J-A,S0,,,1,1.9098323186668427
B,side_3_plus_3,side,37,222,sub35,J-A,S0,,,20,0.5455004898794443
B,side_3_plus_3,side,37,222,sub36,J-A,S0,,,14,0.7953017760417831
B,side_3_plus_3,side,37,222,sub37,J-A,S0,,,13,1.1206234936671022
B,side_3_plus_3,side,37,222,sub38,J-A,S0,,,20,0.588981724089514
B,side_3_plus_3,side,37,222,sub39,J-A,S0,,,4,1.8949675659232599
B,side_3_plus_3,side,37,222,sub41,J-A,S0,,,1,1.4691403165498096
B,side_3_plus_3,side,37,222,sub42,J-A,S0,,,8,1.0511923555151255
B,side_3_plus_3,side,37,222,sub43,J-A,S0,,,8,1.445540871125764
B,side_3_plus_3,side,37,222,sub01,J-A,S-P2,,,8,1.1880603849867184
B,side_3_plus_3,side,37,222,sub02,J-A,S-P2,,,7,1.0045584838426107
B,side_3_plus_3,side,37,222,sub03,J-A,S-P2,,,1,1.7867292961327212
B,side_3_plus_3,side,37,222,sub04,J-A,S-P2,,,2,2.058279496489973
B,side_3_plus_3,side,37,222,sub06,J-A,S-P2,,,1,1.74639146001369
B,side_3_plus_3,side,37,222,sub07,J-A,S-P2,,,10,0.9427496807201892
B,side_3_plus_3,side,37,222,sub08,J-A,S-P2,,,1,2.137288620222652
B,side_3_plus_3,side,37,222,sub09,J-A,S-P2,,,5,1.5821322371888427
B,side_3_plus_3,side,37,222,sub10,J-A,S-P2,,,18,0.8230111747074429
B,side_3_plus_3,side,37,222,sub11,J-A,S-P2,,,6,1.3810955087354302
B,side_3_plus_3,side,37,222,sub12,J-A,S-P2,,,2,1.069920898454455
B,side_3_plus_3,side,37,222,sub13,J-A,S-P2,,,2,1.3956555040993102
B,side_3_plus_3,side,37,222,sub14,J-A,S-P2,,,18,0.6790056209457292
B,side_3_plus_3,side,37,222,sub16,J-A,S-P2,,,2,1.3357246878829205
B,side_3_plus_3,side,37,222,sub17,J-A,S-P2,,,6,1.3993611087873312
B,side_3_plus_3,side,37,222,sub18,J-A,S-P2,,,12,1.2429079783125763
B,side_3_plus_3,side,37,222,sub19,J-A,S-P2,,,3,2.1722928341869143
B,side_3_plus_3,side,37,222,sub20,J-A,S-P2,,,8,1.2102687200278313
B,side_3_plus_3,side,37,222,sub21,J-A,S-P2,,,7,1.637913847240787
B,side_3_plus_3,side,37,222,sub22,J-A,S-P2,,,3,1.2463278926498256
B,side_3_plus_3,side,37,222,sub23,J-A,S-P2,,,12,0.9030033955614377
B,side_3_plus_3,side,37,222,sub24,J-A,S-P2,,,11,0.9921242791072155
B,side_3_plus_3,side,37,222,sub25,J-A,S-P2,,,15,0.8237719718611229
B,side_3_plus_3,side,37,222,sub26,J-A,S-P2,,,2,2.1011604385857168
B,side_3_plus_3,side,37,222,sub27,J-A,S-P2,,,3,1.2241866943380497
B,side_3_plus_3,side,37,222,sub28,J-A,S-P2,,,5,1.094883596339338
B,side_3_plus_3,side,37,222,sub30,J-A,S-P2,,,10,1.1804747188553626
B,side_3_plus_3,side,37,222,sub31,J-A,S-P2,,,14,0.9177564360949167
B,side_3_plus_3,side,37,222,sub33,J-A,S-P2,,,1,1.9437146627866155
B,side_3_plus_3,side,37,222,sub35,J-A,S-P2,,,20,0.5620355402274058
B,side_3_plus_3,side,37,222,sub36,J-A,S-P2,,,13,0.7878595267331447
B,side_3_plus_3,side,37,222,sub37,J-A,S-P2,,,13,1.1096195026978986
B,side_3_plus_3,side,37,222,sub38,J-A,S-P2,,,20,0.5720051502766335
B,side_3_plus_3,side,37,222,sub39,J-A,S-P2,,,4,1.928125823733609
B,side_3_plus_3,side,37,222,sub41,J-A,S-P2,,,1,1.5170026558259426
B,side_3_plus_3,side,37,222,sub42,J-A,S-P2,,,7,1.0684081803497298
B,side_3_plus_3,side,37,222,sub43,J-A,S-P2,,,8,1.4204745429088164
B,side_3_plus_3,side,37,222,sub01,J-A,S-P3,,,9,1.2260536968804872
B,side_3_plus_3,side,37,222,sub02,J-A,S-P3,,,6,1.0507145181748656
B,side_3_plus_3,side,37,222,sub03,J-A,S-P3,,,1,1.7938184807950268
B,side_3_plus_3,side,37,222,sub04,J-A,S-P3,,,2,2.060011897582857
B,side_3_plus_3,side,37,222,sub06,J-A,S-P3,,,2,1.7400948013551256
B,side_3_plus_3,side,37,222,sub07,J-A,S-P3,,,10,1.0125265117242614
B,side_3_plus_3,side,37,222,sub08,J-A,S-P3,,,1,2.1367304121401816
B,side_3_plus_3,side,37,222,sub09,J-A,S-P3,,,5,1.5757644481529562
B,side_3_plus_3,side,37,222,sub10,J-A,S-P3,,,19,0.809932888664341
B,side_3_plus_3,side,37,222,sub11,J-A,S-P3,,,6,1.4072805225668727
B,side_3_plus_3,side,37,222,sub12,J-A,S-P3,,,1,1.2370483250920046
B,side_3_plus_3,side,37,222,sub13,J-A,S-P3,,,2,1.403137043786445
B,side_3_plus_3,side,37,222,sub14,J-A,S-P3,,,18,0.7447481774166551
B,side_3_plus_3,side,37,222,sub16,J-A,S-P3,,,3,1.3166998570708046
B,side_3_plus_3,side,37,222,sub17,J-A,S-P3,,,11,1.3978074978762995
B,side_3_plus_3,side,37,222,sub18,J-A,S-P3,,,11,1.2344794299644348
B,side_3_plus_3,side,37,222,sub19,J-A,S-P3,,,3,2.1509078721922488
B,side_3_plus_3,side,37,222,sub20,J-A,S-P3,,,6,1.2786987195819375
B,side_3_plus_3,side,37,222,sub21,J-A,S-P3,,,10,1.5995490586015453
B,side_3_plus_3,side,37,222,sub22,J-A,S-P3,,,2,1.3353444307934013
B,side_3_plus_3,side,37,222,sub23,J-A,S-P3,,,12,0.8777019154955652
B,side_3_plus_3,side,37,222,sub24,J-A,S-P3,,,16,0.8900460465006895
B,side_3_plus_3,side,37,222,sub25,J-A,S-P3,,,15,0.7542782567310459
B,side_3_plus_3,side,37,222,sub26,J-A,S-P3,,,2,2.0542423551953886
B,side_3_plus_3,side,37,222,sub27,J-A,S-P3,,,6,1.2197537345570002
B,side_3_plus_3,side,37,222,sub28,J-A,S-P3,,,6,1.0788165514090153
B,side_3_plus_3,side,37,222,sub30,J-A,S-P3,,,14,1.0963933999983058
B,side_3_plus_3,side,37,222,sub31,J-A,S-P3,,,18,0.8594242876746211
B,side_3_plus_3,side,37,222,sub33,J-A,S-P3,,,1,1.9748436623302421
B,side_3_plus_3,side,37,222,sub35,J-A,S-P3,,,20,0.5476683166517754
B,side_3_plus_3,side,37,222,sub36,J-A,S-P3,,,14,0.8156313307527997
B,side_3_plus_3,side,37,222,sub37,J-A,S-P3,,,13,1.1631616294332712
B,side_3_plus_3,side,37,222,sub38,J-A,S-P3,,,20,0.582642988566772
B,side_3_plus_3,side,37,222,sub39,J-A,S-P3,,,4,1.967338835886288
B,side_3_plus_3,side,37,222,sub41,J-A,S-P3,,,1,1.480840760402759
B,side_3_plus_3,side,37,222,sub42,J-A,S-P3,,,10,0.9856019455041202
B,side_3_plus_3,side,37,222,sub43,J-A,S-P3,,,8,1.477192351077477
B,side_3_plus_3,side,37,222,sub01,J-A,S-P2P3,,,8,1.23426492209957
B,side_3_plus_3,side,37,222,sub02,J-A,S-P2P3,,,8,1.0303294488455574
B,side_3_plus_3,side,37,222,sub03,J-A,S-P2P3,,,1,1.8562221057879185
B,side_3_plus_3,side,37,222,sub04,J-A,S-P2P3,,,2,2.141180585312746
B,side_3_plus_3,side,37,222,sub06,J-A,S-P2P3,,,1,1.8013903097217303
B,side_3_plus_3,side,37,222,sub07,J-A,S-P2P3,,,10,0.9491532140567097
B,side_3_plus_3,side,37,222,sub08,J-A,S-P2P3,,,1,2.2206328437282417
B,side_3_plus_3,side,37,222,sub09,J-A,S-P2P3,,,5,1.622021777625329
B,side_3_plus_3,side,37,222,sub10,J-A,S-P2P3,,,18,0.8042251278158181
B,side_3_plus_3,side,37,222,sub11,J-A,S-P2P3,,,6,1.4368981753530008
B,side_3_plus_3,side,37,222,sub12,J-A,S-P2P3,,,3,1.095725789912395
B,side_3_plus_3,side,37,222,sub13,J-A,S-P2P3,,,2,1.4504530164839755
B,side_3_plus_3,side,37,222,sub14,J-A,S-P2P3,,,18,0.6903325797465003
B,side_3_plus_3,side,37,222,sub16,J-A,S-P2P3,,,3,1.3779741136043293
B,side_3_plus_3,side,37,222,sub17,J-A,S-P2P3,,,6,1.4534860499263964
B,side_3_plus_3,side,37,222,sub18,J-A,S-P2P3,,,11,1.239857517464621
B,side_3_plus_3,side,37,222,sub19,J-A,S-P2P3,,,3,2.2510030305785222
B,side_3_plus_3,side,37,222,sub20,J-A,S-P2P3,,,7,1.2363727094828867
B,side_3_plus_3,side,37,222,sub21,J-A,S-P2P3,,,7,1.671451484882839
B,side_3_plus_3,side,37,222,sub22,J-A,S-P2P3,,,3,1.254063427402753
B,side_3_plus_3,side,37,222,sub23,J-A,S-P2P3,,,12,0.8896372780993996
B,side_3_plus_3,side,37,222,sub24,J-A,S-P2P3,,,13,0.9262653523455645
B,side_3_plus_3,side,37,222,sub25,J-A,S-P2P3,,,15,0.7893795284084169
B,side_3_plus_3,side,37,222,sub26,J-A,S-P2P3,,,2,2.1447798418406356
B,side_3_plus_3,side,37,222,sub27,J-A,S-P2P3,,,3,1.2587691620857273
B,side_3_plus_3,side,37,222,sub28,J-A,S-P2P3,,,6,1.1084572512146114
B,side_3_plus_3,side,37,222,sub30,J-A,S-P2P3,,,12,1.1387143631363166
B,side_3_plus_3,side,37,222,sub31,J-A,S-P2P3,,,15,0.8718512284401045
B,side_3_plus_3,side,37,222,sub33,J-A,S-P2P3,,,1,2.0164755834085515
B,side_3_plus_3,side,37,222,sub35,J-A,S-P2P3,,,20,0.565959181727021
B,side_3_plus_3,side,37,222,sub36,J-A,S-P2P3,,,13,0.8099927272546373
B,side_3_plus_3,side,37,222,sub37,J-A,S-P2P3,,,13,1.1556617059625627
B,side_3_plus_3,side,37,222,sub38,J-A,S-P2P3,,,20,0.564020820246179
B,side_3_plus_3,side,37,222,sub39,J-A,S-P2P3,,,4,2.008636713185448
B,side_3_plus_3,side,37,222,sub41,J-A,S-P2P3,,,1,1.5330300847569351
B,side_3_plus_3,side,37,222,sub42,J-A,S-P2P3,,,10,0.9858852471515817
B,side_3_plus_3,side,37,222,sub43,J-A,S-P2P3,,,8,1.4546338911664682
B,side_3_plus_3,side,37,222,sub01,J-A,S-valid,,,10,1.116925680012723
B,side_3_plus_3,side,37,222,sub02,J-A,S-valid,,,8,1.071496942398424
B,side_3_plus_3,side,37,222,sub03,J-A,S-valid,,,1,1.8591621960191027
B,side_3_plus_3,side,37,222,sub04,J-A,S-valid,,,2,1.9904527065824957
B,side_3_plus_3,side,37,222,sub06,J-A,S-valid,,,6,1.2869963872346721
B,side_3_plus_3,side,37,222,sub07,J-A,S-valid,,,10,0.9346261208862073
B,side_3_plus_3,side,37,222,sub08,J-A,S-valid,,,1,2.2676730154261127
B,side_3_plus_3,side,37,222,sub09,J-A,S-valid,,,5,1.677154632816792
B,side_3_plus_3,side,37,222,sub10,J-A,S-valid,,,18,0.8163965081266521
B,side_3_plus_3,side,37,222,sub11,J-A,S-valid,,,6,1.4608454809821003
B,side_3_plus_3,side,37,222,sub12,J-A,S-valid,,,2,1.0447100190058525
B,side_3_plus_3,side,37,222,sub13,J-A,S-valid,,,2,1.3434305508848867
B,side_3_plus_3,side,37,222,sub14,J-A,S-valid,,,18,0.725756972657138
B,side_3_plus_3,side,37,222,sub16,J-A,S-valid,,,2,1.4418292034090603
B,side_3_plus_3,side,37,222,sub17,J-A,S-valid,,,6,1.489728669065002
B,side_3_plus_3,side,37,222,sub18,J-A,S-valid,,,13,1.0983552625101412
B,side_3_plus_3,side,37,222,sub19,J-A,S-valid,,,2,2.3607091160367273
B,side_3_plus_3,side,37,222,sub20,J-A,S-valid,,,7,1.2788996324938402
B,side_3_plus_3,side,37,222,sub21,J-A,S-valid,,,5,1.754075687494214
B,side_3_plus_3,side,37,222,sub22,J-A,S-valid,,,4,1.0973163443905587
B,side_3_plus_3,side,37,222,sub23,J-A,S-valid,,,12,0.916857324212596
B,side_3_plus_3,side,37,222,sub24,J-A,S-valid,,,11,0.9413366991823963
B,side_3_plus_3,side,37,222,sub25,J-A,S-valid,,,12,0.8277439808838163
B,side_3_plus_3,side,37,222,sub26,J-A,S-valid,,,2,2.1534715473750783
B,side_3_plus_3,side,37,222,sub27,J-A,S-valid,,,3,1.21477366160023
B,side_3_plus_3,side,37,222,sub28,J-A,S-valid,,,5,1.1279546378762169
B,side_3_plus_3,side,37,222,sub30,J-A,S-valid,,,12,1.1188753828572564
B,side_3_plus_3,side,37,222,sub31,J-A,S-valid,,,15,0.9028007657468274
B,side_3_plus_3,side,37,222,sub33,J-A,S-valid,,,2,2.0177360079577196
B,side_3_plus_3,side,37,222,sub35,J-A,S-valid,,,20,0.5086939772090995
B,side_3_plus_3,side,37,222,sub36,J-A,S-valid,,,13,0.8515574765752677
B,side_3_plus_3,side,37,222,sub37,J-A,S-valid,,,12,1.193975378699909
B,side_3_plus_3,side,37,222,sub38,J-A,S-valid,,,20,0.5763876047582744
B,side_3_plus_3,side,37,222,sub39,J-A,S-valid,,,4,2.0734854190696077
B,side_3_plus_3,side,37,222,sub41,J-A,S-valid,,,1,1.5318589931890303
B,side_3_plus_3,side,37,222,sub42,J-A,S-valid,,,10,1.036475915163692
B,side_3_plus_3,side,37,222,sub43,J-A,S-valid,,,8,1.5028870067805513
B,side_3_plus_3,side,37,222,sub01,J-B,S0,-0.08160892468426251,,18,
B,side_3_plus_3,side,37,222,sub02,J-B,S0,-0.031258642395646685,,12,
B,side_3_plus_3,side,37,222,sub03,J-B,S0,0.2221561689685141,,3,
B,side_3_plus_3,side,37,222,sub04,J-B,S0,0.617088301498401,,1,
B,side_3_plus_3,side,37,222,sub06,J-B,S0,0.6276790026998883,,1,
B,side_3_plus_3,side,37,222,sub07,J-B,S0,0.023402768046850486,,10,
B,side_3_plus_3,side,37,222,sub08,J-B,S0,-0.30665187654151915,,20,
B,side_3_plus_3,side,37,222,sub09,J-B,S0,0.052723980080616295,,9,
B,side_3_plus_3,side,37,222,sub10,J-B,S0,-0.04062986834043747,,16,
B,side_3_plus_3,side,37,222,sub11,J-B,S0,0.05015003102687876,,4,
B,side_3_plus_3,side,37,222,sub12,J-B,S0,0.16945806812554765,,1,
B,side_3_plus_3,side,37,222,sub13,J-B,S0,0.08732711838585383,,3,
B,side_3_plus_3,side,37,222,sub14,J-B,S0,0.09388460818576638,,2,
B,side_3_plus_3,side,37,222,sub16,J-B,S0,0.07376259838850052,,6,
B,side_3_plus_3,side,37,222,sub17,J-B,S0,-0.08305530944490669,,13,
B,side_3_plus_3,side,37,222,sub18,J-B,S0,-0.21900865078462273,,15,
B,side_3_plus_3,side,37,222,sub19,J-B,S0,-0.7652867203598458,,20,
B,side_3_plus_3,side,37,222,sub20,J-B,S0,-0.0939901324668202,,18,
B,side_3_plus_3,side,37,222,sub21,J-B,S0,-0.3159550056168554,,15,
B,side_3_plus_3,side,37,222,sub22,J-B,S0,0.06389812421601637,,2,
B,side_3_plus_3,side,37,222,sub23,J-B,S0,-0.12406208881006742,,17,
B,side_3_plus_3,side,37,222,sub24,J-B,S0,0.028528629260996086,,7,
B,side_3_plus_3,side,37,222,sub25,J-B,S0,-0.10820467536436668,,17,
B,side_3_plus_3,side,37,222,sub26,J-B,S0,0.07436037061078693,,9,
B,side_3_plus_3,side,37,222,sub27,J-B,S0,0.014994476194862827,,9,
B,side_3_plus_3,side,37,222,sub28,J-B,S0,0.0782665728163301,,8,
B,side_3_plus_3,side,37,222,sub30,J-B,S0,-0.03327846663160039,,14,
B,side_3_plus_3,side,37,222,sub31,J-B,S0,0.007780846524048535,,9,
B,side_3_plus_3,side,37,222,sub33,J-B,S0,-0.20009906256682158,,20,
B,side_3_plus_3,side,37,222,sub35,J-B,S0,-0.10716232270044312,,20,
B,side_3_plus_3,side,37,222,sub36,J-B,S0,-0.07632211890033991,,14,
B,side_3_plus_3,side,37,222,sub37,J-B,S0,-0.04926085645066025,,14,
B,side_3_plus_3,side,37,222,sub38,J-B,S0,-0.003071431493124943,,11,
B,side_3_plus_3,side,37,222,sub39,J-B,S0,-0.19399729133140453,,14,
B,side_3_plus_3,side,37,222,sub41,J-B,S0,0.06659108779842682,,9,
B,side_3_plus_3,side,37,222,sub42,J-B,S0,0.025510432818484974,,10,
B,side_3_plus_3,side,37,222,sub43,J-B,S0,-0.27856948308671026,,20,
B,side_3_plus_3,side,37,222,sub01,J-B,S-P2,-0.09128670537575445,,18,
B,side_3_plus_3,side,37,222,sub02,J-B,S-P2,-0.043620465395888486,,14,
B,side_3_plus_3,side,37,222,sub03,J-B,S-P2,0.23506510255777835,,3,
B,side_3_plus_3,side,37,222,sub04,J-B,S-P2,0.6446517143812103,,1,
B,side_3_plus_3,side,37,222,sub06,J-B,S-P2,0.6564309111910215,,1,
B,side_3_plus_3,side,37,222,sub07,J-B,S-P2,0.016452844034821945,,10,
B,side_3_plus_3,side,37,222,sub08,J-B,S-P2,-0.32174782028801197,,20,
B,side_3_plus_3,side,37,222,sub09,J-B,S-P2,0.040772335066095566,,9,
B,side_3_plus_3,side,37,222,sub10,J-B,S-P2,-0.04371663167781337,,16,
B,side_3_plus_3,side,37,222,sub11,J-B,S-P2,0.029693154637162156,,4,
B,side_3_plus_3,side,37,222,sub12,J-B,S-P2,0.12823784817623063,,3,
B,side_3_plus_3,side,37,222,sub13,J-B,S-P2,0.07075885075691746,,4,
B,side_3_plus_3,side,37,222,sub14,J-B,S-P2,0.11532116241521606,,2,
B,side_3_plus_3,side,37,222,sub16,J-B,S-P2,0.0921485285391026,,4,
B,side_3_plus_3,side,37,222,sub17,J-B,S-P2,0.0036906276713637443,,10,
B,side_3_plus_3,side,37,222,sub18,J-B,S-P2,-0.23354609818268557,,16,
B,side_3_plus_3,side,37,222,sub19,J-B,S-P2,-0.7935070034973527,,20,
B,side_3_plus_3,side,37,222,sub20,J-B,S-P2,-0.07722664126389822,,15,
B,side_3_plus_3,side,37,222,sub21,J-B,S-P2,-0.12068095387469957,,15,
B,side_3_plus_3,side,37,222,sub22,J-B,S-P2,0.06720578467672611,,2,
B,side_3_plus_3,side,37,222,sub23,J-B,S-P2,-0.13989147512810385,,17,
B,side_3_plus_3,side,37,222,sub24,J-B,S-P2,0.0759238227192236,,2,
B,side_3_plus_3,side,37,222,sub25,J-B,S-P2,-0.11285074833476932,,17,
B,side_3_plus_3,side,37,222,sub26,J-B,S-P2,0.06286139522555878,,9,
B,side_3_plus_3,side,37,222,sub27,J-B,S-P2,0.009098179316478161,,10,
B,side_3_plus_3,side,37,222,sub28,J-B,S-P2,0.0936622878082245,,9,
B,side_3_plus_3,side,37,222,sub30,J-B,S-P2,0.1840476894464177,,4,
B,side_3_plus_3,side,37,222,sub31,J-B,S-P2,0.013150404861416165,,8,
B,side_3_plus_3,side,37,222,sub33,J-B,S-P2,-0.18782144020505964,,20,
B,side_3_plus_3,side,37,222,sub35,J-B,S-P2,-0.054365987773651425,,14,
B,side_3_plus_3,side,37,222,sub36,J-B,S-P2,-0.07581408630366204,,13,
B,side_3_plus_3,side,37,222,sub37,J-B,S-P2,-0.046180973423985305,,14,
B,side_3_plus_3,side,37,222,sub38,J-B,S-P2,-0.023240366540525526,,13,
B,side_3_plus_3,side,37,222,sub39,J-B,S-P2,-0.2606554902187366,,16,
B,side_3_plus_3,side,37,222,sub41,J-B,S-P2,0.0718176215056785,,9,
B,side_3_plus_3,side,37,222,sub42,J-B,S-P2,0.02590770251816621,,10,
B,side_3_plus_3,side,37,222,sub43,J-B,S-P2,-0.23944842083673545,,20,
B,side_3_plus_3,side,37,222,sub01,J-B,S-P3,-0.08749220465131213,,19,
B,side_3_plus_3,side,37,222,sub02,J-B,S-P3,-0.0657398965219631,,17,
B,side_3_plus_3,side,37,222,sub03,J-B,S-P3,0.22890824101783247,,3,
B,side_3_plus_3,side,37,222,sub04,J-B,S-P3,0.6413695980820842,,1,
B,side_3_plus_3,side,37,222,sub06,J-B,S-P3,0.6589446633588932,,1,
B,side_3_plus_3,side,37,222,sub07,J-B,S-P3,0.0315929455608861,,10,
B,side_3_plus_3,side,37,222,sub08,J-B,S-P3,-0.3237757377451854,,20,
B,side_3_plus_3,side,37,222,sub09,J-B,S-P3,0.05833744523465367,,9,
B,side_3_plus_3,side,37,222,sub10,J-B,S-P3,0.020023322545311473,,7,
B,side_3_plus_3,side,37,222,sub11,J-B,S-P3,0.05573165351174936,,3,
B,side_3_plus_3,side,37,222,sub12,J-B,S-P3,0.17218311390232333,,1,
B,side_3_plus_3,side,37,222,sub13,J-B,S-P3,0.09238958806883668,,3,
B,side_3_plus_3,side,37,222,sub14,J-B,S-P3,0.09324945167924487,,3,
B,side_3_plus_3,side,37,222,sub16,J-B,S-P3,0.08601692253934012,,6,
B,side_3_plus_3,side,37,222,sub17,J-B,S-P3,-0.10361106345983662,,13,
B,side_3_plus_3,side,37,222,sub18,J-B,S-P3,-0.2682221378963856,,17,
B,side_3_plus_3,side,37,222,sub19,J-B,S-P3,-0.7949082943542959,,20,
B,side_3_plus_3,side,37,222,sub20,J-B,S-P3,-0.09145832948343768,,16,
B,side_3_plus_3,side,37,222,sub21,J-B,S-P3,-0.3458646153480742,,16,
B,side_3_plus_3,side,37,222,sub22,J-B,S-P3,0.010417812844025542,,8,
B,side_3_plus_3,side,37,222,sub23,J-B,S-P3,-0.14770609745277746,,18,
B,side_3_plus_3,side,37,222,sub24,J-B,S-P3,0.03381498159717178,,6,
B,side_3_plus_3,side,37,222,sub25,J-B,S-P3,-0.13234172808349898,,18,
B,side_3_plus_3,side,37,222,sub26,J-B,S-P3,0.06868460751931615,,9,
B,side_3_plus_3,side,37,222,sub27,J-B,S-P3,0.02449047275707905,,8,
B,side_3_plus_3,side,37,222,sub28,J-B,S-P3,0.074796158814739,,8,
B,side_3_plus_3,side,37,222,sub30,J-B,S-P3,-0.014567354760868456,,12,
B,side_3_plus_3,side,37,222,sub31,J-B,S-P3,-0.05569725205345066,,15,
B,side_3_plus_3,side,37,222,sub33,J-B,S-P3,-0.203175545927814,,20,
B,side_3_plus_3,side,37,222,sub35,J-B,S-P3,-0.11101974139803461,,20,
B,side_3_plus_3,side,37,222,sub36,J-B,S-P3,-0.07888576004475367,,15,
B,side_3_plus_3,side,37,222,sub37,J-B,S-P3,-0.05247511289025297,,14,
B,side_3_plus_3,side,37,222,sub38,J-B,S-P3,-0.004245490776543792,,11,
B,side_3_plus_3,side,37,222,sub39,J-B,S-P3,0.020103162336117086,,9,
B,side_3_plus_3,side,37,222,sub41,J-B,S-P3,0.07617566066079662,,7,
B,side_3_plus_3,side,37,222,sub42,J-B,S-P3,-0.019288381173945712,,12,
B,side_3_plus_3,side,37,222,sub43,J-B,S-P3,-0.2833876166944659,,20,
B,side_3_plus_3,side,37,222,sub01,J-B,S-P2P3,-0.09805880987937787,,19,
B,side_3_plus_3,side,37,222,sub02,J-B,S-P2P3,-0.08211248415801653,,17,
B,side_3_plus_3,side,37,222,sub03,J-B,S-P2P3,0.24312201891710994,,3,
B,side_3_plus_3,side,37,222,sub04,J-B,S-P2P3,0.672330189137313,,1,
B,side_3_plus_3,side,37,222,sub06,J-B,S-P2P3,0.6915162637377158,,1,
B,side_3_plus_3,side,37,222,sub07,J-B,S-P2P3,0.024789277724619918,,10,
B,side_3_plus_3,side,37,222,sub08,J-B,S-P2P3,-0.34091866675060967,,20,
B,side_3_plus_3,side,37,222,sub09,J-B,S-P2P3,0.04620973444271259,,9,
B,side_3_plus_3,side,37,222,sub10,J-B,S-P2P3,0.020241527413816907,,8,
B,side_3_plus_3,side,37,222,sub11,J-B,S-P2P3,0.03475512712811113,,3,
B,side_3_plus_3,side,37,222,sub12,J-B,S-P2P3,0.129194730400489,,3,
B,side_3_plus_3,side,37,222,sub13,J-B,S-P2P3,0.07515243961990248,,4,
B,side_3_plus_3,side,37,222,sub14,J-B,S-P2P3,0.1159640284471764,,2,
B,side_3_plus_3,side,37,222,sub16,J-B,S-P2P3,0.10652367447548816,,4,
B,side_3_plus_3,side,37,222,sub17,J-B,S-P2P3,-0.01709347082798446,,12,
B,side_3_plus_3,side,37,222,sub18,J-B,S-P2P3,-0.28625202846654796,,17,
B,side_3_plus_3,side,37,222,sub19,J-B,S-P2P3,-0.8270568828669084,,20,
B,side_3_plus_3,side,37,222,sub20,J-B,S-P2P3,-0.07348671373758031,,14,
B,side_3_plus_3,side,37,222,sub21,J-B,S-P2P3,-0.14390706061528213,,16,
B,side_3_plus_3,side,37,222,sub22,J-B,S-P2P3,0.011065319379284122,,7,
B,side_3_plus_3,side,37,222,sub23,J-B,S-P2P3,-0.16638160627430704,,18,
B,side_3_plus_3,side,37,222,sub24,J-B,S-P2P3,0.08459001144704459,,2,
B,side_3_plus_3,side,37,222,sub25,J-B,S-P2P3,-0.13850041409924624,,18,
B,side_3_plus_3,side,37,222,sub26,J-B,S-P2P3,0.05544137684422168,,9,
B,side_3_plus_3,side,37,222,sub27,J-B,S-P2P3,0.018924813132998097,,9,
B,side_3_plus_3,side,37,222,sub28,J-B,S-P2P3,0.09039236460751265,,9,
B,side_3_plus_3,side,37,222,sub30,J-B,S-P2P3,0.21441609879108836,,3,
B,side_3_plus_3,side,37,222,sub31,J-B,S-P2P3,-0.052373101520986065,,14,
B,side_3_plus_3,side,37,222,sub33,J-B,S-P2P3,-0.18915079950716446,,20,
B,side_3_plus_3,side,37,222,sub35,J-B,S-P2P3,-0.05639701462373281,,14,
B,side_3_plus_3,side,37,222,sub36,J-B,S-P2P3,-0.0776997093601065,,13,
B,side_3_plus_3,side,37,222,sub37,J-B,S-P2P3,-0.0494913824630846,,14,
B,side_3_plus_3,side,37,222,sub38,J-B,S-P2P3,-0.025511325573352783,,14,
B,side_3_plus_3,side,37,222,sub39,J-B,S-P2P3,-0.042575411515555994,,12,
B,side_3_plus_3,side,37,222,sub41,J-B,S-P2P3,0.08254038167005451,,6,
B,side_3_plus_3,side,37,222,sub42,J-B,S-P2P3,-0.02148943688374838,,12,
B,side_3_plus_3,side,37,222,sub43,J-B,S-P2P3,-0.24266877143323484,,20,
B,side_3_plus_3,side,37,222,sub01,J-B,S-valid,-0.04944436900922122,,16,
B,side_3_plus_3,side,37,222,sub02,J-B,S-valid,-0.09674337146234979,,17,
B,side_3_plus_3,side,37,222,sub03,J-B,S-valid,0.2716774155706436,,3,
B,side_3_plus_3,side,37,222,sub04,J-B,S-valid,0.5643123726271746,,2,
B,side_3_plus_3,side,37,222,sub06,J-B,S-valid,0.058980752456979535,,7,
B,side_3_plus_3,side,37,222,sub07,J-B,S-valid,0.004918144802028568,,10,
B,side_3_plus_3,side,37,222,sub08,J-B,S-valid,-0.314707211909505,,20,
B,side_3_plus_3,side,37,222,sub09,J-B,S-valid,-0.026259646113743873,,12,
B,side_3_plus_3,side,37,222,sub10,J-B,S-valid,-0.013417735872606418,,12,
B,side_3_plus_3,side,37,222,sub11,J-B,S-valid,-0.005044666854840063,,11,
B,side_3_plus_3,side,37,222,sub12,J-B,S-valid,0.06822088432885287,,4,
B,side_3_plus_3,side,37,222,sub13,J-B,S-valid,0.06801719207833923,,4,
B,side_3_plus_3,side,37,222,sub14,J-B,S-valid,0.12589616340953186,,2,
B,side_3_plus_3,side,37,222,sub16,J-B,S-valid,0.1352036975050519,,2,
B,side_3_plus_3,side,37,222,sub17,J-B,S-valid,-0.0050503343567100956,,11,
B,side_3_plus_3,side,37,222,sub18,J-B,S-valid,-0.30989965966418054,,17,
B,side_3_plus_3,side,37,222,sub19,J-B,S-valid,-0.9343955554250863,,20,
B,side_3_plus_3,side,37,222,sub20,J-B,S-valid,-0.08588098595948646,,16,
B,side_3_plus_3,side,37,222,sub21,J-B,S-valid,-0.21827154823633887,,20,
B,side_3_plus_3,side,37,222,sub22,J-B,S-valid,-0.0781156245493797,,18,
B,side_3_plus_3,side,37,222,sub23,J-B,S-valid,-0.177321947940154,,18,
B,side_3_plus_3,side,37,222,sub24,J-B,S-valid,0.0718827338918624,,1,
B,side_3_plus_3,side,37,222,sub25,J-B,S-valid,-0.057277400571573656,,16,
B,side_3_plus_3,side,37,222,sub26,J-B,S-valid,0.06806503302769684,,9,
B,side_3_plus_3,side,37,222,sub27,J-B,S-valid,-0.03613193782576207,,17,
B,side_3_plus_3,side,37,222,sub28,J-B,S-valid,0.08944804938149331,,9,
B,side_3_plus_3,side,37,222,sub30,J-B,S-valid,0.1940798005895682,,3,
B,side_3_plus_3,side,37,222,sub31,J-B,S-valid,-0.06395601616971414,,16,
B,side_3_plus_3,side,37,222,sub33,J-B,S-valid,-0.17170104507746753,,19,
B,side_3_plus_3,side,37,222,sub35,J-B,S-valid,-0.05196234636472197,,12,
B,side_3_plus_3,side,37,222,sub36,J-B,S-valid,-0.036627945575838816,,13,
B,side_3_plus_3,side,37,222,sub37,J-B,S-valid,-0.043234336752570046,,14,
B,side_3_plus_3,side,37,222,sub38,J-B,S-valid,-0.02298272074441199,,14,
B,side_3_plus_3,side,37,222,sub39,J-B,S-valid,-0.0420127721268877,,12,
B,side_3_plus_3,side,37,222,sub41,J-B,S-valid,0.04867147453140208,,8,
B,side_3_plus_3,side,37,222,sub42,J-B,S-valid,-0.03836207542343817,,14,
B,side_3_plus_3,side,37,222,sub43,J-B,S-valid,-0.26443022896718804,,20,
A,primary,advised,30,180,sub01,J-D,jumpHeight,-0.006255578857322253,-0.32077351923570824,,
A,primary,advised,30,180,sub03,J-D,jumpHeight,0.0014738371265256844,0.09825580843504564,,
A,primary,advised,30,180,sub04,J-D,jumpHeight,-0.0031366319818915134,-0.17798692225549667,,
A,primary,advised,30,180,sub06,J-D,jumpHeight,-0.0009254698854745391,-0.048087252397559475,,
A,primary,advised,30,180,sub07,J-D,jumpHeight,0.003347910633428375,0.1636978084090407,,
A,primary,advised,30,180,sub08,J-D,jumpHeight,-0.0020728409596112995,-0.11482244535797084,,
A,primary,advised,30,180,sub09,J-D,jumpHeight,-0.035769320737267796,-2.342273338117751,,
A,primary,advised,30,180,sub10,J-D,jumpHeight,0.0066921489690609515,0.393098550430662,,
A,primary,advised,30,180,sub11,J-D,jumpHeight,-0.013206611349434128,-0.7414489787051579,,
A,primary,advised,30,180,sub12,J-D,jumpHeight,-0.018740478167514646,-1.2316010407756393,,
A,primary,advised,30,180,sub13,J-D,jumpHeight,-0.004135163470726455,-0.275677564715097,,
A,primary,advised,30,180,sub14,J-D,jumpHeight,-0.012493456492415345,-0.7071468338786469,,
A,primary,advised,30,180,sub17,J-D,jumpHeight,-0.012644636897082784,-0.5544135316734858,,
A,primary,advised,30,180,sub18,J-D,jumpHeight,-0.008269397981754745,-0.3061518027052725,,
A,primary,advised,30,180,sub19,J-D,jumpHeight,-0.01878805848868098,-1.1100666638106067,,
A,primary,advised,30,180,sub21,J-D,jumpHeight,-0.008281032649288422,-0.3155323064907828,,
A,primary,advised,30,180,sub22,J-D,jumpHeight,0.007636842571334457,0.43512847452959236,,
A,primary,advised,30,180,sub23,J-D,jumpHeight,-0.018380817065571042,-0.9742496641195637,,
A,primary,advised,30,180,sub24,J-D,jumpHeight,-0.007760992956048762,-0.32753586915031796,,
A,primary,advised,30,180,sub25,J-D,jumpHeight,-0.0002469988752709096,-0.014718631109395875,,
A,primary,advised,30,180,sub27,J-D,jumpHeight,-0.01775568153639573,-1.1597516607996836,,
A,primary,advised,30,180,sub30,J-D,jumpHeight,-0.014337620188615674,-0.6623307978447083,,
A,primary,advised,30,180,sub31,J-D,jumpHeight,0.009377961221021192,0.4459220075629789,,
A,primary,advised,30,180,sub33,J-D,jumpHeight,-0.03128622610138804,-1.3095908204529256,,
A,primary,advised,30,180,sub35,J-D,jumpHeight,0.003889026294563669,0.21549051022696572,,
A,primary,advised,30,180,sub36,J-D,jumpHeight,0.0011170591933857277,0.055486634180024356,,
A,primary,advised,30,180,sub37,J-D,jumpHeight,0.010106312828465747,0.5790407176694687,,
A,primary,advised,30,180,sub38,J-D,jumpHeight,-0.0006225801139377873,-0.03337199049959731,,
A,primary,advised,30,180,sub41,J-D,jumpHeight,-0.0252607129720423,-1.1928354019057412,,
A,primary,advised,30,180,sub42,J-D,jumpHeight,-0.021984319640210748,-0.9829301417502244,,
A,primary,advised,30,180,sub01,J-D,countermovementDepth,0.030009616917058057,1.134644654715523,,
A,primary,advised,30,180,sub03,J-D,countermovementDepth,0.011760355749591417,0.5880177874795708,,
A,primary,advised,30,180,sub04,J-D,countermovementDepth,0.042596774896960676,1.0144726613583406,,
A,primary,advised,30,180,sub06,J-D,countermovementDepth,-0.012062014787596664,-0.6031007393798332,,
A,primary,advised,30,180,sub07,J-D,countermovementDepth,-0.010558272023054371,-0.5279136011527186,,
A,primary,advised,30,180,sub08,J-D,countermovementDepth,0.04441071559184068,2.220535779592034,,
A,primary,advised,30,180,sub09,J-D,countermovementDepth,-0.027511090854802855,-1.2943785155501684,,
A,primary,advised,30,180,sub10,J-D,countermovementDepth,0.004010603857171474,0.2005301928585737,,
A,primary,advised,30,180,sub11,J-D,countermovementDepth,-0.004798759061968638,-0.2055038264279467,,
A,primary,advised,30,180,sub12,J-D,countermovementDepth,-0.00014319356464692623,-0.0071596782323463115,,
A,primary,advised,30,180,sub13,J-D,countermovementDepth,0.014494271681548349,0.6621666754125428,,
A,primary,advised,30,180,sub14,J-D,countermovementDepth,-0.00420985536662094,-0.21049276833104702,,
A,primary,advised,30,180,sub17,J-D,countermovementDepth,0.012249926289724988,0.5975852612911275,,
A,primary,advised,30,180,sub18,J-D,countermovementDepth,0.018623448803351317,0.833599070369507,,
A,primary,advised,30,180,sub19,J-D,countermovementDepth,0.010441463414160412,0.33679427976191906,,
A,primary,advised,30,180,sub21,J-D,countermovementDepth,-0.0236254764837589,-1.0939106398467344,,
A,primary,advised,30,180,sub22,J-D,countermovementDepth,-0.013466026021849598,-0.6733013010924799,,
A,primary,advised,30,180,sub23,J-D,countermovementDepth,-0.004573415510625178,-0.22867077553125892,,
A,primary,advised,30,180,sub24,J-D,countermovementDepth,-0.002321332416944266,-0.10838368869488775,,
A,primary,advised,30,180,sub25,J-D,countermovementDepth,0.016151973343206227,0.8075986671603114,,
A,primary,advised,30,180,sub27,J-D,countermovementDepth,0.010586879661566795,0.5293439830783397,,
A,primary,advised,30,180,sub30,J-D,countermovementDepth,0.03141082720944133,0.998789334507633,,
A,primary,advised,30,180,sub31,J-D,countermovementDepth,0.0005847364747882389,0.028806202130878093,,
A,primary,advised,30,180,sub33,J-D,countermovementDepth,0.02151855237323222,1.075927618661611,,
A,primary,advised,30,180,sub35,J-D,countermovementDepth,0.004433304296141943,0.1715250569975785,,
A,primary,advised,30,180,sub36,J-D,countermovementDepth,-0.040206022924603985,-1.0374128192561995,,
A,primary,advised,30,180,sub37,J-D,countermovementDepth,-0.02122413913553206,-0.9213534285610148,,
A,primary,advised,30,180,sub38,J-D,countermovementDepth,-0.009943383670752232,-0.3443390078818414,,
A,primary,advised,30,180,sub41,J-D,countermovementDepth,0.005960039012276819,0.15813916215018917,,
A,primary,advised,30,180,sub42,J-D,countermovementDepth,0.021153515968757586,0.7846177255042924,,
A,primary,advised,30,180,sub01,J-D,trunkLean,2.464892412467293,0.805604502228261,,
A,primary,advised,30,180,sub03,J-D,trunkLean,7.190133876591219,1.8323299923389864,,
A,primary,advised,30,180,sub04,J-D,trunkLean,2.6197170885221652,0.8242991944513874,,
A,primary,advised,30,180,sub06,J-D,trunkLean,4.804984364132075,1.8440181640439455,,
A,primary,advised,30,180,sub07,J-D,trunkLean,-2.9672765556838527,-1.0594749999755555,,
A,primary,advised,30,180,sub08,J-D,trunkLean,6.492164398116699,2.2334949650176243,,
A,primary,advised,30,180,sub09,J-D,trunkLean,1.5915056676927009,0.41703445727251987,,
A,primary,advised,30,180,sub10,J-D,trunkLean,1.2097242284508098,0.5329975529507608,,
A,primary,advised,30,180,sub11,J-D,trunkLean,1.806623270722973,0.5404471817063462,,
A,primary,advised,30,180,sub12,J-D,trunkLean,-1.1845822991940125,-0.3506408949776898,,
A,primary,advised,30,180,sub13,J-D,trunkLean,5.5459283555676535,1.7407776957640149,,
A,primary,advised,30,180,sub14,J-D,trunkLean,-3.542257850466708,-0.8086834116702213,,
A,primary,advised,30,180,sub17,J-D,trunkLean,0.8336756374669605,0.19083063710861606,,
A,primary,advised,30,180,sub18,J-D,trunkLean,4.128956914498936,0.3993554034582455,,
A,primary,advised,30,180,sub19,J-D,trunkLean,-5.587366104556779,-1.192261895040466,,
A,primary,advised,30,180,sub21,J-D,trunkLean,10.066337230482219,1.7295628572190358,,
A,primary,advised,30,180,sub22,J-D,trunkLean,0.45472530599916183,0.18165650940721367,,
A,primary,advised,30,180,sub23,J-D,trunkLean,4.851018037216434,0.8515788140058702,,
A,primary,advised,30,180,sub24,J-D,trunkLean,5.895036918005729,1.746940216476334,,
A,primary,advised,30,180,sub25,J-D,trunkLean,2.3525830544505695,0.8768430077727696,,
A,primary,advised,30,180,sub27,J-D,trunkLean,0.8587075973088147,0.16764118380348358,,
A,primary,advised,30,180,sub30,J-D,trunkLean,7.451502363232713,1.7381276724021528,,
A,primary,advised,30,180,sub31,J-D,trunkLean,1.5074196672210718,0.6486598656246432,,
A,primary,advised,30,180,sub33,J-D,trunkLean,8.470390049473998,1.8783284814027361,,
A,primary,advised,30,180,sub35,J-D,trunkLean,3.664509120688571,1.1746330126325208,,
A,primary,advised,30,180,sub36,J-D,trunkLean,-3.5533239489339863,-0.9289722526411882,,
A,primary,advised,30,180,sub37,J-D,trunkLean,-8.688232046831736,-1.18266111164718,,
A,primary,advised,30,180,sub38,J-D,trunkLean,-0.5071433465770383,-0.12131745759326396,,
A,primary,advised,30,180,sub41,J-D,trunkLean,0.7623118257772816,0.25842506397050574,,
A,primary,advised,30,180,sub42,J-D,trunkLean,-1.0452567555249317,-0.22906316254597034,,
A,primary,advised,30,180,sub01,J-D,landingKneeFlex,-0.27963286875780113,-0.049615798802130476,,
A,primary,advised,30,180,sub03,J-D,landingKneeFlex,-4.768095481890768,-1.0972923011753535,,
A,primary,advised,30,180,sub04,J-D,landingKneeFlex,4.4144397374686974,1.1793736514666375,,
A,primary,advised,30,180,sub06,J-D,landingKneeFlex,-1.7962217184112887,-0.5987405728037629,,
A,primary,advised,30,180,sub07,J-D,landingKneeFlex,0.5258254961042894,0.16954002770526042,,
A,primary,advised,30,180,sub08,J-D,landingKneeFlex,1.1667581181250313,0.38891937270834376,,
A,primary,advised,30,180,sub09,J-D,landingKneeFlex,-3.402482268318039,-0.8787326548841428,,
A,primary,advised,30,180,sub10,J-D,landingKneeFlex,-0.5624932348331555,-0.18749774494438518,,
A,primary,advised,30,180,sub11,J-D,landingKneeFlex,8.180365205718672,1.650969721757699,,
A,primary,advised,30,180,sub12,J-D,landingKneeFlex,-1.1649797525785033,-0.38832658419283445,,
A,primary,advised,30,180,sub13,J-D,landingKneeFlex,1.764123261547681,0.4695591306377563,,
A,primary,advised,30,180,sub14,J-D,landingKneeFlex,3.0900383706050576,1.0300127902016858,,
A,primary,advised,30,180,sub17,J-D,landingKneeFlex,4.620623015527407,0.8302515157512618,,
A,primary,advised,30,180,sub18,J-D,landingKneeFlex,-1.0664029850490877,-0.14510928216071156,,
A,primary,advised,30,180,sub19,J-D,landingKneeFlex,3.774857764034394,0.9580171739792175,,
A,primary,advised,30,180,sub21,J-D,landingKneeFlex,6.819219036578481,1.2796114940635064,,
A,primary,advised,30,180,sub22,J-D,landingKneeFlex,0.06952086686707304,0.021965982569390995,,
A,primary,advised,30,180,sub23,J-D,landingKneeFlex,-3.81407552076908,-0.8555771003288554,,
A,primary,advised,30,180,sub24,J-D,landingKneeFlex,2.5821938515179426,0.8607312838393142,,
A,primary,advised,30,180,sub25,J-D,landingKneeFlex,3.251709003632243,0.9949557650647818,,
A,primary,advised,30,180,sub27,J-D,landingKneeFlex,-10.270469227784247,-3.353084977045945,,
A,primary,advised,30,180,sub30,J-D,landingKneeFlex,4.910423183701653,0.9360238439022385,,
A,primary,advised,30,180,sub31,J-D,landingKneeFlex,-5.9571037775308895,-1.0195737773448617,,
A,primary,advised,30,180,sub33,J-D,landingKneeFlex,0.016880276655243165,0.005014887092002876,,
A,primary,advised,30,180,sub35,J-D,landingKneeFlex,0.19188433749660305,0.03325718462963057,,
A,primary,advised,30,180,sub36,J-D,landingKneeFlex,-2.963057567260705,-0.8416184118128368,,
A,primary,advised,30,180,sub37,J-D,landingKneeFlex,-3.167275544323452,-0.6355223542334333,,
A,primary,advised,30,180,sub38,J-D,landingKneeFlex,3.513159929513023,1.1710533098376743,,
A,primary,advised,30,180,sub41,J-D,landingKneeFlex,2.7592057477987595,0.8762451031131623,,
A,primary,advised,30,180,sub42,J-D,landingKneeFlex,0.4357436893635054,0.09505501906355937,,
A,primary,advised,30,180,sub01,J-D,rsiMod,-0.08392470610646807,-1.6374907219707031,,
A,primary,advised,30,180,sub03,J-D,rsiMod,-0.050154904177766746,-2.2252864702986304,,
A,primary,advised,30,180,sub04,J-D,rsiMod,-0.07541949107874488,-2.7722255958606383,,
A,primary,advised,30,180,sub06,J-D,rsiMod,-0.05495489449756413,-1.2605303263224652,,
A,primary,advised,30,180,sub07,J-D,rsiMod,0.09662778235191816,0.953144512031062,,
A,primary,advised,30,180,sub08,J-D,rsiMod,-0.09102137529222776,-2.2827004412320755,,
A,primary,advised,30,180,sub09,J-D,rsiMod,-0.06767149194262284,-2.0659789244683155,,
A,primary,advised,30,180,sub10,J-D,rsiMod,0.03625019522040429,0.6684051377520288,,
A,primary,advised,30,180,sub11,J-D,rsiMod,-0.05242584157621882,-0.7587412713463944,,
A,primary,advised,30,180,sub12,J-D,rsiMod,-0.026290872149043215,-1.1518656080469538,,
A,primary,advised,30,180,sub13,J-D,rsiMod,-0.049877251548737955,-1.1971176440704967,,
A,primary,advised,30,180,sub14,J-D,rsiMod,-0.023137990274604614,-0.5458271149827418,,
A,primary,advised,30,180,sub17,J-D,rsiMod,-0.05276984101892829,-0.9095541708272297,,
A,primary,advised,30,180,sub18,J-D,rsiMod,0.06382856498843681,0.9583096077845566,,
A,primary,advised,30,180,sub19,J-D,rsiMod,0.07389037819944405,1.8766357965163678,,
A,primary,advised,30,180,sub21,J-D,rsiMod,0.02060710071754951,0.4653073560395076,,
A,primary,advised,30,180,sub22,J-D,rsiMod,-0.01125513015317331,-0.35345516800666915,,
A,primary,advised,30,180,sub23,J-D,rsiMod,-0.06727894311358018,-1.0700646883383842,,
A,primary,advised,30,180,sub24,J-D,rsiMod,-0.02041966640340831,-0.37016272826155927,,
A,primary,advised,30,180,sub25,J-D,rsiMod,0.01898312975111427,0.34422904253696746,,
A,primary,advised,30,180,sub27,J-D,rsiMod,-0.03683244142932596,-1.5871963845126753,,
A,primary,advised,30,180,sub30,J-D,rsiMod,-0.10029750032556328,-0.9303375355391388,,
A,primary,advised,30,180,sub31,J-D,rsiMod,0.027547798324180972,0.4138189890744692,,
A,primary,advised,30,180,sub33,J-D,rsiMod,-0.14262280002891248,-2.554375621548993,,
A,primary,advised,30,180,sub35,J-D,rsiMod,0.013118661669445641,0.2999924304282909,,
A,primary,advised,30,180,sub36,J-D,rsiMod,0.10077268068976031,1.2317509471043773,,
A,primary,advised,30,180,sub37,J-D,rsiMod,-0.041470562892921614,-0.41309786683018007,,
A,primary,advised,30,180,sub38,J-D,rsiMod,0.04552653071717111,0.658705544538563,,
A,primary,advised,30,180,sub41,J-D,rsiMod,-0.03205003275050844,-1.2703617692969007,,
A,primary,advised,30,180,sub42,J-D,rsiMod,-0.06231196262965544,-1.39782764724794,,
A,primary,advised,30,180,sub01,J-D,eccentricDuration,0.02090716837555795,0.5226792093889487,,
A,primary,advised,30,180,sub03,J-D,eccentricDuration,0.13890176224443906,1.7735010121637362,,
A,primary,advised,30,180,sub04,J-D,eccentricDuration,0.35358935360147614,2.3334263853581816,,
A,primary,advised,30,180,sub06,J-D,eccentricDuration,0.05099584117471678,0.5285006786130692,,
A,primary,advised,30,180,sub07,J-D,eccentricDuration,-0.11793518098415556,-1.03445843247463,,
A,primary,advised,30,180,sub08,J-D,eccentricDuration,0.0664557990432108,1.6613949760802702,,
A,primary,advised,30,180,sub09,J-D,eccentricDuration,0.05101972597748661,1.008697594927505,,
A,primary,advised,30,180,sub10,J-D,eccentricDuration,-0.026894589832404503,-0.6330704297400477,,
A,primary,advised,30,180,sub11,J-D,eccentricDuration,0.06491544570121272,1.152009615825813,,
A,primary,advised,30,180,sub12,J-D,eccentricDuration,-0.008695834185465268,-0.2173958546366317,,
A,primary,advised,30,180,sub13,J-D,eccentricDuration,0.04297887932367028,1.0713708928724621,,
A,primary,advised,30,180,sub14,J-D,eccentricDuration,0.021363080339099172,0.2953494522628296,,
A,primary,advised,30,180,sub17,J-D,eccentricDuration,0.04455495719850633,0.45018485769201105,,
A,primary,advised,30,180,sub18,J-D,eccentricDuration,-0.25041711721060944,-0.8260695957049197,,
A,primary,advised,30,180,sub19,J-D,eccentricDuration,-0.48923136555935165,-4.164171063094173,,
A,primary,advised,30,180,sub21,J-D,eccentricDuration,-0.08609918052232668,-0.7787875499249199,,
A,primary,advised,30,180,sub22,J-D,eccentricDuration,0.03656308376127626,0.6604388085561044,,
A,primary,advised,30,180,sub23,J-D,eccentricDuration,0.03185753733531438,0.7964384333828595,,
A,primary,advised,30,180,sub24,J-D,eccentricDuration,-0.001580189080479577,-0.03934405367641891,,
A,primary,advised,30,180,sub25,J-D,eccentricDuration,-0.04741700059510223,-0.6236605108482635,,
A,primary,advised,30,180,sub27,J-D,eccentricDuration,0.014226108476604882,0.35565271191512204,,
A,primary,advised,30,180,sub30,J-D,eccentricDuration,0.04504038600142202,0.6485901068004927,,
A,primary,advised,30,180,sub31,J-D,eccentricDuration,-0.007705928972635556,-0.1926482243158889,,
A,primary,advised,30,180,sub33,J-D,eccentricDuration,0.06139658353452393,1.5349145883630981,,
A,primary,advised,30,180,sub35,J-D,eccentricDuration,-0.015329443507721918,-0.29673360551995664,,
A,primary,advised,30,180,sub36,J-D,eccentricDuration,-0.14284747377510348,-0.8713513900577621,,
A,primary,advised,30,180,sub37,J-D,eccentricDuration,0.12962995223761176,1.0802650423704736,,
A,primary,advised,30,180,sub38,J-D,eccentricDuration,-0.03926808589201142,-0.651717085380688,,
A,primary,advised,30,180,sub41,J-D,eccentricDuration,0.018220676329086527,0.43942448801071105,,
A,primary,advised,30,180,sub42,J-D,eccentricDuration,0.033532916028574444,0.8383229007143611,,
A,primary,advised,30,180,sub01,J-D,flightTime,-0.022222222222222476,-0.5055674595784806,,
A,primary,advised,30,180,sub03,J-D,flightTime,-0.022222222222222476,-0.5643500098761329,,
A,primary,advised,30,180,sub04,J-D,flightTime,0.022222222222222587,0.6944444444444559,,
A,primary,advised,30,180,sub06,J-D,flightTime,-0.05555555555555536,-1.2590374185984479,,
A,primary,advised,30,180,sub07,J-D,flightTime,0.03333333333333344,0.8040119451057067,,
A,primary,advised,30,180,sub08,J-D,flightTime,0.07777777777777783,1.7596445186299376,,
A,primary,advised,30,180,sub09,J-D,flightTime,-0.055555555555555025,-1.3873858875107419,,
A,primary,advised,30,180,sub10,J-D,flightTime,0.022222222222222365,0.6305069248032786,,
A,primary,advised,30,180,sub11,J-D,flightTime,-0.011111111111111183,-0.22147472791383035,,
A,primary,advised,30,180,sub12,J-D,flightTime,-0.022222222222222143,-0.8333333333333305,,
A,primary,advised,30,180,sub13,J-D,flightTime,0.022222222222222143,0.4618802153516987,,
A,primary,advised,30,180,sub14,J-D,flightTime,0.04444444444444429,1.3105941716567298,,
A,primary,advised,30,180,sub17,J-D,flightTime,-0.03333333333333355,-0.45307537143206444,,
A,primary,advised,30,180,sub18,J-D,flightTime,-0.0444444444444444,-0.7481671309229101,,
A,primary,advised,30,180,sub19,J-D,flightTime,-0.09999999999999976,-1.348981518953192,,
A,primary,advised,30,180,sub21,J-D,flightTime,-0.02222222222222192,-0.4271223550377721,,
A,primary,advised,30,180,sub22,J-D,flightTime,-0.05555555555555558,-1.0958906513464644,,
A,primary,advised,30,180,sub23,J-D,flightTime,0.022222222222222476,0.5027555767514157,,
A,primary,advised,30,180,sub24,J-D,flightTime,-0.04444444444444429,-1.1547005383792515,,
A,primary,advised,30,180,sub25,J-D,flightTime,0.022222222222222143,0.5360079634038019,,
A,primary,advised,30,180,sub27,J-D,flightTime,-0.02222222222222192,-0.2485497955151265,,
A,primary,advised,30,180,sub30,J-D,flightTime,-0.02222222222222192,-0.5123082046158911,,
A,primary,advised,30,180,sub31,J-D,flightTime,-0.0777777777777775,-2.430555555555546,,
A,primary,advised,30,180,sub33,J-D,flightTime,0.011111111111111072,0.3333333333333321,,
A,primary,advised,30,180,sub35,J-D,flightTime,-0.011111111111110628,-0.14838803449849725,,
A,primary,advised,30,180,sub36,J-D,flightTime,-0.04444444444444462,-0.888395533394109,,
A,primary,advised,30,180,sub37,J-D,flightTime,0.011111111111111294,0.22147472791383488,,
A,primary,advised,30,180,sub38,J-D,flightTime,0.011111111111111294,0.2045255759169333,,
A,primary,advised,30,180,sub41,J-D,flightTime,-0.022222222222222032,-0.40905115183385815,,
A,primary,advised,30,180,sub42,J-D,flightTime,0.011111111111111183,0.25615410230795066,,
A,primary,advised,30,180,sub01,J-D,concentricDuration,0.022222222222222365,0.7407407407407456,,
A,primary,advised,30,180,sub03,J-D,concentricDuration,0.0222222222222222,0.5596127479783995,,
A,primary,advised,30,180,sub04,J-D,concentricDuration,0.1222222222222219,2.7340477506664262,,
A,primary,advised,30,180,sub06,J-D,concentricDuration,0.17777777777777792,1.8138997271737687,,
A,primary,advised,30,180,sub07,J-D,concentricDuration,0,0,,
A,primary,advised,30,180,sub08,J-D,concentricDuration,0.011111111111110988,0.3703703703703663,,
A,primary,advised,30,180,sub09,J-D,concentricDuration,0.03333333333333305,0.6744907594765941,,
A,primary,advised,30,180,sub10,J-D,concentricDuration,0,0,,
A,primary,advised,30,180,sub11,J-D,concentricDuration,0.01111111111111121,0.27462811013214494,,
A,primary,advised,30,180,sub12,J-D,concentricDuration,0.033333333333333215,1.1111111111111072,,
A,primary,advised,30,180,sub13,J-D,concentricDuration,0.03333333333333352,0.839419121967605,,
A,primary,advised,30,180,sub14,J-D,concentricDuration,-0.011111111111110988,-0.3703703703703663,,
A,primary,advised,30,180,sub17,J-D,concentricDuration,0.033333333333333354,1.1111111111111118,,
A,primary,advised,30,180,sub18,J-D,concentricDuration,0.02222222222222231,0.5596127479784024,,
A,primary,advised,30,180,sub19,J-D,concentricDuration,0.011111111111111072,0.14838803449850274,,
A,primary,advised,30,180,sub21,J-D,concentricDuration,0.01111111111111085,0.2527837297892298,,
A,primary,advised,30,180,sub22,J-D,concentricDuration,0,0,,
A,primary,advised,30,180,sub23,J-D,concentricDuration,5.551115123125783e-17,1.8503717077085944e-15,,
A,primary,advised,30,180,sub24,J-D,concentricDuration,0.011111111111110794,0.3703703703703598,,
A,primary,advised,30,180,sub25,J-D,concentricDuration,-8.326672684688674e-17,-2.058064544776485e-15,,
A,primary,advised,30,180,sub27,J-D,concentricDuration,0.011111111111111238,0.3703703703703746,,
A,primary,advised,30,180,sub30,J-D,concentricDuration,0.04444444444444429,1.0985124405285676,,
A,primary,advised,30,180,sub31,J-D,concentricDuration,-2.220446049250313e-16,-7.401486830834377e-15,,
A,primary,advised,30,180,sub33,J-D,concentricDuration,0.04444444444444429,1.4814814814814763,,
A,primary,advised,30,180,sub35,J-D,concentricDuration,-0.011111111111111294,-0.3244592845595612,,
A,primary,advised,30,180,sub36,J-D,concentricDuration,-0.08888888888888888,-1.661784615190571,,
A,primary,advised,30,180,sub37,J-D,concentricDuration,-0.022222222222222365,-0.5596127479784038,,
A,primary,advised,30,180,sub38,J-D,concentricDuration,-0.033333333333333603,-0.7598637512044593,,
A,primary,advised,30,180,sub41,J-D,concentricDuration,0,0,,
A,primary,advised,30,180,sub42,J-D,concentricDuration,5.551115123125783e-17,1.8503717077085944e-15,,
A,primary,advised,30,180,sub01,J-D,asymmetry,-1.5084665772729977,-0.6386766165488686,,
A,primary,advised,30,180,sub03,J-D,asymmetry,-1.883295727131042,-0.941647863565521,,
A,primary,advised,30,180,sub04,J-D,asymmetry,-1.6497532851231735,-0.6980068612619678,,
A,primary,advised,30,180,sub06,J-D,asymmetry,-1.4253448284712436,-0.6952060449559432,,
A,primary,advised,30,180,sub07,J-D,asymmetry,3.0462061756463603,1.2900986585887775,,
A,primary,advised,30,180,sub08,J-D,asymmetry,1.4179512087379091,0.7089756043689546,,
A,primary,advised,30,180,sub09,J-D,asymmetry,1.3233539350356316,0.3163650789332929,,
A,primary,advised,30,180,sub10,J-D,asymmetry,0.35928971972368606,0.17964485986184303,,
A,primary,advised,30,180,sub11,J-D,asymmetry,-0.46296363654289063,-0.2268698936643883,,
A,primary,advised,30,180,sub12,J-D,asymmetry,-0.9663941269086438,-0.3147781494694726,,
A,primary,advised,30,180,sub13,J-D,asymmetry,-3.5921494891687757,-1.7676642023658578,,
A,primary,advised,30,180,sub14,J-D,asymmetry,4.51094931848184,1.839684289772319,,
A,primary,advised,30,180,sub17,J-D,asymmetry,1.242859785925475,0.4914574762505188,,
A,primary,advised,30,180,sub18,J-D,asymmetry,2.8819522470726424,1.074086460799727,,
A,primary,advised,30,180,sub19,J-D,asymmetry,-1.9139234527734548,-0.8931016084735458,,
A,primary,advised,30,180,sub21,J-D,asymmetry,-0.9735713990752068,-0.3260733700872832,,
A,primary,advised,30,180,sub22,J-D,asymmetry,-3.612637929529877,-1.8063189647649385,,
A,primary,advised,30,180,sub23,J-D,asymmetry,-1.6598471923147713,-0.6937104481288724,,
A,primary,advised,30,180,sub24,J-D,asymmetry,0.1619025910684213,0.05390252899411293,,
A,primary,advised,30,180,sub25,J-D,asymmetry,1.3874355083918122,0.5533114891095077,,
A,primary,advised,30,180,sub27,J-D,asymmetry,2.5472088526182968,0.9615357519763571,,
A,primary,advised,30,180,sub30,J-D,asymmetry,-2.7757263178318725,-1.1860028976582333,,
A,primary,advised,30,180,sub31,J-D,asymmetry,4.097087628539592,1.2707768560042025,,
A,primary,advised,30,180,sub33,J-D,asymmetry,-1.0787409185469983,-0.3428601960302621,,
A,primary,advised,30,180,sub35,J-D,asymmetry,5.176443659415,1.638235071857235,,
A,primary,advised,30,180,sub36,J-D,asymmetry,-0.3271315498268166,-0.1635657749134083,,
A,primary,advised,30,180,sub37,J-D,asymmetry,-0.9600391580191663,-0.289068163915048,,
A,primary,advised,30,180,sub38,J-D,asymmetry,0.2193770458748503,0.10968852293742515,,
A,primary,advised,30,180,sub41,J-D,asymmetry,-1.9999202623150958,-0.9999601311575479,,
A,primary,advised,30,180,sub42,J-D,asymmetry,2.356903498097504,0.7313137099027803,,
A,primary,advised,30,180,sub01,J-A,S0,,,6,1.1546768934163865
A,primary,advised,30,180,sub03,J-A,S0,,,1,1.726130484156217
A,primary,advised,30,180,sub04,J-A,S0,,,1,2.1418276677459236
A,primary,advised,30,180,sub06,J-A,S0,,,3,1.5948703198686365
A,primary,advised,30,180,sub07,J-A,S0,,,6,1.1601028551658017
A,primary,advised,30,180,sub08,J-A,S0,,,1,2.0055578123725177
A,primary,advised,30,180,sub09,J-A,S0,,,5,1.6274460924878387
A,primary,advised,30,180,sub10,J-A,S0,,,17,0.7799205668011663
A,primary,advised,30,180,sub11,J-A,S0,,,11,1.1855484713370232
A,primary,advised,30,180,sub12,J-A,S0,,,6,1.013386034608696
A,primary,advised,30,180,sub13,J-A,S0,,,1,1.6471155078037574
A,primary,advised,30,180,sub14,J-A,S0,,,5,1.1996961084616375
A,primary,advised,30,180,sub17,J-A,S0,,,6,1.5224423014222255
A,primary,advised,30,180,sub18,J-A,S0,,,11,1.2002346777792636
A,primary,advised,30,180,sub19,J-A,S0,,,1,2.0014587465835105
A,primary,advised,30,180,sub21,J-A,S0,,,3,1.9647280220846752
A,primary,advised,30,180,sub22,J-A,S0,,,11,0.9139900595918439
A,primary,advised,30,180,sub23,J-A,S0,,,11,1.0396514122569602
A,primary,advised,30,180,sub24,J-A,S0,,,13,1.0052441634240916
A,primary,advised,30,180,sub25,J-A,S0,,,16,0.8443703810826726
A,primary,advised,30,180,sub27,J-A,S0,,,2,1.5621250815414032
A,primary,advised,30,180,sub30,J-A,S0,,,7,1.422858606794608
A,primary,advised,30,180,sub31,J-A,S0,,,16,0.9591295701224988
A,primary,advised,30,180,sub33,J-A,S0,,,3,1.6303380673195695
A,primary,advised,30,180,sub35,J-A,S0,,,10,1.19365457677557
A,primary,advised,30,180,sub36,J-A,S0,,,15,0.6450587791608354
A,primary,advised,30,180,sub37,J-A,S0,,,15,1.1350227869301193
A,primary,advised,30,180,sub38,J-A,S0,,,15,0.8495099276783789
A,primary,advised,30,180,sub41,J-A,S0,,,3,1.2879247299807035
A,primary,advised,30,180,sub42,J-A,S0,,,3,1.1930503542656383
A,primary,advised,30,180,sub01,J-A,S-P2,,,6,1.1871904899570933
A,primary,advised,30,180,sub03,J-A,S-P2,,,1,1.7559666786327377
A,primary,advised,30,180,sub04,J-A,S-P2,,,1,2.2268686632567802
A,primary,advised,30,180,sub06,J-A,S-P2,,,3,1.5581853593013104
A,primary,advised,30,180,sub07,J-A,S-P2,,,6,1.1052042136807694
A,primary,advised,30,180,sub08,J-A,S-P2,,,1,1.9404123786474237
A,primary,advised,30,180,sub09,J-A,S-P2,,,5,1.660225252887323
A,primary,advised,30,180,sub10,J-A,S-P2,,,16,0.7515175261751494
A,primary,advised,30,180,sub11,J-A,S-P2,,,10,1.2145318266513534
A,primary,advised,30,180,sub12,J-A,S-P2,,,6,1.0434660366991608
A,primary,advised,30,180,sub13,J-A,S-P2,,,1,1.6697097670732566
A,primary,advised,30,180,sub14,J-A,S-P2,,,11,1.079085332676183
A,primary,advised,30,180,sub17,J-A,S-P2,,,5,1.55667099649303
A,primary,advised,30,180,sub18,J-A,S-P2,,,9,1.1839284587221213
A,primary,advised,30,180,sub19,J-A,S-P2,,,1,2.060724550723128
A,primary,advised,30,180,sub21,J-A,S-P2,,,3,1.9930234048343118
A,primary,advised,30,180,sub22,J-A,S-P2,,,8,0.876997507833286
A,primary,advised,30,180,sub23,J-A,S-P2,,,12,0.9612729559683357
A,primary,advised,30,180,sub24,J-A,S-P2,,,12,1.0136827007225155
A,primary,advised,30,180,sub25,J-A,S-P2,,,16,0.7996746206859937
A,primary,advised,30,180,sub27,J-A,S-P2,,,2,1.598617003188523
A,primary,advised,30,180,sub30,J-A,S-P2,,,7,1.4229360393129007
A,primary,advised,30,180,sub31,J-A,S-P2,,,18,0.8057489828013596
A,primary,advised,30,180,sub33,J-A,S-P2,,,3,1.7003412312464998
A,primary,advised,30,180,sub35,J-A,S-P2,,,10,1.1993858535092998
A,primary,advised,30,180,sub36,J-A,S-P2,,,15,0.6624786623267247
A,primary,advised,30,180,sub37,J-A,S-P2,,,14,1.154770486244358
A,primary,advised,30,180,sub38,J-A,S-P2,,,13,0.8050327569015835
A,primary,advised,30,180,sub41,J-A,S-P2,,,3,1.2995827053981948
A,primary,advised,30,180,sub42,J-A,S-P2,,,3,1.2274575871251159
A,primary,advised,30,180,sub01,J-A,S-P3,,,6,1.1586027043286686
A,primary,advised,30,180,sub03,J-A,S-P3,,,1,1.7728436257467124
A,primary,advised,30,180,sub04,J-A,S-P3,,,1,2.2166928560127697
A,primary,advised,30,180,sub06,J-A,S-P3,,,3,1.645184105330529
A,primary,advised,30,180,sub07,J-A,S-P3,,,6,1.1020037367952098
A,primary,advised,30,180,sub08,J-A,S-P3,,,1,2.0527275543734587
A,primary,advised,30,180,sub09,J-A,S-P3,,,4,1.6577309401697995
A,primary,advised,30,180,sub10,J-A,S-P3,,,17,0.8074788845697798
A,primary,advised,30,180,sub11,J-A,S-P3,,,11,1.203499727773347
A,primary,advised,30,180,sub12,J-A,S-P3,,,5,0.9864417881355948
A,primary,advised,30,180,sub13,J-A,S-P3,,,2,1.5750583127905304
A,primary,advised,30,180,sub14,J-A,S-P3,,,8,1.1095673786285518
A,primary,advised,30,180,sub17,J-A,S-P3,,,7,1.4934384912296952
A,primary,advised,30,180,sub18,J-A,S-P3,,,11,1.2280872632533661
A,primary,advised,30,180,sub19,J-A,S-P3,,,2,2.0275730721049023
A,primary,advised,30,180,sub21,J-A,S-P3,,,2,2.037250205989821
A,primary,advised,30,180,sub22,J-A,S-P3,,,14,0.8310713769574715
A,primary,advised,30,180,sub23,J-A,S-P3,,,11,1.0186095601644631
A,primary,advised,30,180,sub24,J-A,S-P3,,,12,1.035407195936391
A,primary,advised,30,180,sub25,J-A,S-P3,,,14,0.8607486236699713
A,primary,advised,30,180,sub27,J-A,S-P3,,,2,1.5751176084370524
A,primary,advised,30,180,sub30,J-A,S-P3,,,6,1.3940336339739885
A,primary,advised,30,180,sub31,J-A,S-P3,,,17,0.932673439921247
A,primary,advised,30,180,sub33,J-A,S-P3,,,3,1.6803960836717913
A,primary,advised,30,180,sub35,J-A,S-P3,,,20,0.7355198922750551
A,primary,advised,30,180,sub36,J-A,S-P3,,,15,0.6688100639317955
A,primary,advised,30,180,sub37,J-A,S-P3,,,14,1.1746554000616716
A,primary,advised,30,180,sub38,J-A,S-P3,,,14,0.8718547234814072
A,primary,advised,30,180,sub41,J-A,S-P3,,,3,1.293577483680582
A,primary,advised,30,180,sub42,J-A,S-P3,,,3,1.1698790851148184
A,primary,advised,30,180,sub01,J-A,S-P2P3,,,6,1.1934292639089266
A,primary,advised,30,180,sub03,J-A,S-P2P3,,,1,1.8083740932771992
A,primary,advised,30,180,sub04,J-A,S-P2P3,,,1,2.3126102356665754
A,primary,advised,30,180,sub06,J-A,S-P2P3,,,3,1.6108877758961586
A,primary,advised,30,180,sub07,J-A,S-P2P3,,,9,1.0267666093684793
A,primary,advised,30,180,sub08,J-A,S-P2P3,,,1,1.9895142529380287
A,primary,advised,30,180,sub09,J-A,S-P2P3,,,4,1.6956976262491257
A,primary,advised,30,180,sub10,J-A,S-P2P3,,,16,0.7802858841722432
A,primary,advised,30,180,sub11,J-A,S-P2P3,,,10,1.235921533303684
A,primary,advised,30,180,sub12,J-A,S-P2P3,,,4,1.018307192410773
A,primary,advised,30,180,sub13,J-A,S-P2P3,,,2,1.585756452037584
A,primary,advised,30,180,sub14,J-A,S-P2P3,,,14,0.9645210807267072
A,primary,advised,30,180,sub17,J-A,S-P2P3,,,6,1.5244030889477003
A,primary,advised,30,180,sub18,J-A,S-P2P3,,,8,1.2132798328281347
A,primary,advised,30,180,sub19,J-A,S-P2P3,,,2,2.0928223584513836
A,primary,advised,30,180,sub21,J-A,S-P2P3,,,2,2.073548662900244
A,primary,advised,30,180,sub22,J-A,S-P2P3,,,9,0.773090612270392
A,primary,advised,30,180,sub23,J-A,S-P2P3,,,11,0.9375894232259291
A,primary,advised,30,180,sub24,J-A,S-P2P3,,,10,1.04739867169715
A,primary,advised,30,180,sub25,J-A,S-P2P3,,,15,0.8141748522549065
A,primary,advised,30,180,sub27,J-A,S-P2P3,,,2,1.6146115718182978
A,primary,advised,30,180,sub30,J-A,S-P2P3,,,8,1.3940592055875036
A,primary,advised,30,180,sub31,J-A,S-P2P3,,,20,0.7560957246705181
A,primary,advised,30,180,sub33,J-A,S-P2P3,,,3,1.7585953939822645
A,primary,advised,30,180,sub35,J-A,S-P2P3,,,19,0.6819848406609957
A,primary,advised,30,180,sub36,J-A,S-P2P3,,,15,0.6892035903557624
A,primary,advised,30,180,sub37,J-A,S-P2P3,,,13,1.1990529738735098
A,primary,advised,30,180,sub38,J-A,S-P2P3,,,13,0.8249000989755424
A,primary,advised,30,180,sub41,J-A,S-P2P3,,,3,1.3071931163785357
A,primary,advised,30,180,sub42,J-A,S-P2P3,,,3,1.2045082879736568
A,primary,advised,30,180,sub01,J-A,S-valid,,,7,1.1987101497434496
A,primary,advised,30,180,sub03,J-A,S-valid,,,1,1.8918157660605317
A,primary,advised,30,180,sub04,J-A,S-valid,,,2,2.07847227949638
A,primary,advised,30,180,sub06,J-A,S-valid,,,7,1.2738126615413494
A,primary,advised,30,180,sub07,J-A,S-valid,,,10,1.0315812507649087
A,primary,advised,30,180,sub08,J-A,S-valid,,,1,2.0916061093346525
A,primary,advised,30,180,sub09,J-A,S-valid,,,4,1.7610196539008112
A,primary,advised,30,180,sub10,J-A,S-valid,,,16,0.8203262278478846
A,primary,advised,30,180,sub11,J-A,S-valid,,,10,1.2069610803018314
A,primary,advised,30,180,sub12,J-A,S-valid,,,7,0.9496576145414739
A,primary,advised,30,180,sub13,J-A,S-valid,,,2,1.6194466706730974
A,primary,advised,30,180,sub14,J-A,S-valid,,,15,0.9923047724943878
A,primary,advised,30,180,sub17,J-A,S-valid,,,6,1.5807873839436128
A,primary,advised,30,180,sub18,J-A,S-valid,,,11,1.167622163078388
A,primary,advised,30,180,sub19,J-A,S-valid,,,1,2.192804590984981
A,primary,advised,30,180,sub21,J-A,S-valid,,,2,2.166974884219949
A,primary,advised,30,180,sub22,J-A,S-valid,,,9,0.8127617308124844
A,primary,advised,30,180,sub23,J-A,S-valid,,,11,0.9468207281939707
A,primary,advised,30,180,sub24,J-A,S-valid,,,10,1.061790778517919
A,primary,advised,30,180,sub25,J-A,S-valid,,,13,0.8463984946219992
A,primary,advised,30,180,sub27,J-A,S-valid,,,2,1.6727798093644186
A,primary,advised,30,180,sub30,J-A,S-valid,,,7,1.4216361687359615
A,primary,advised,30,180,sub31,J-A,S-valid,,,19,0.7668611094510753
A,primary,advised,30,180,sub33,J-A,S-valid,,,3,1.7811261819978192
A,primary,advised,30,180,sub35,J-A,S-valid,,,20,0.6313580964849451
A,primary,advised,30,180,sub36,J-A,S-valid,,,16,0.6962494538634688
A,primary,advised,30,180,sub37,J-A,S-valid,,,12,1.248555936841058
A,primary,advised,30,180,sub38,J-A,S-valid,,,13,0.8672298195703089
A,primary,advised,30,180,sub41,J-A,S-valid,,,1,1.3623396984857827
A,primary,advised,30,180,sub42,J-A,S-valid,,,3,1.2549590660820342
A,primary,advised,30,180,sub01,J-B,S0,-0.19195283859106838,,19,
A,primary,advised,30,180,sub03,J-B,S0,0.17049390827577682,,2,
A,primary,advised,30,180,sub04,J-B,S0,0.7133697653418771,,1,
A,primary,advised,30,180,sub06,J-B,S0,0.42175640739282116,,3,
A,primary,advised,30,180,sub07,J-B,S0,0.1435582864627326,,3,
A,primary,advised,30,180,sub08,J-B,S0,-0.22495042567229406,,20,
A,primary,advised,30,180,sub09,J-B,S0,0.01138138130999411,,9,
A,primary,advised,30,180,sub10,J-B,S0,-0.023073690428016547,,14,
A,primary,advised,30,180,sub11,J-B,S0,-0.011011663168247865,,13,
A,primary,advised,30,180,sub12,J-B,S0,0.18800684797879463,,1,
A,primary,advised,30,180,sub13,J-B,S0,0.05260510494365378,,5,
A,primary,advised,30,180,sub14,J-B,S0,-0.02024969926381781,,11,
A,primary,advised,30,180,sub17,J-B,S0,-0.010143490224979845,,11,
A,primary,advised,30,180,sub18,J-B,S0,-0.18843051594832083,,14,
A,primary,advised,30,180,sub19,J-B,S0,-0.5821260472339915,,20,
A,primary,advised,30,180,sub21,J-B,S0,-0.11317235420193006,,16,
A,primary,advised,30,180,sub22,J-B,S0,-0.06823724803517439,,18,
A,primary,advised,30,180,sub23,J-B,S0,-0.23099661265509663,,19,
A,primary,advised,30,180,sub24,J-B,S0,-0.024359392714695005,,14,
A,primary,advised,30,180,sub25,J-B,S0,0.03443103533581637,,5,
A,primary,advised,30,180,sub27,J-B,S0,-0.07085851408930766,,17,
A,primary,advised,30,180,sub30,J-B,S0,0.05525109620919255,,6,
A,primary,advised,30,180,sub31,J-B,S0,-0.04237026013726419,,17,
A,primary,advised,30,180,sub33,J-B,S0,-0.27615974940784926,,20,
A,primary,advised,30,180,sub35,J-B,S0,-0.055584628221280186,,11,
A,primary,advised,30,180,sub36,J-B,S0,-0.10402490952211951,,14,
A,primary,advised,30,180,sub37,J-B,S0,-0.09299638908017616,,14,
A,primary,advised,30,180,sub38,J-B,S0,0.0039705371447500415,,10,
A,primary,advised,30,180,sub41,J-B,S0,-0.009070929164966213,,11,
A,primary,advised,30,180,sub42,J-B,S0,-0.11325017593582531,,18,
A,primary,advised,30,180,sub01,J-B,S-P2,-0.1985284700196871,,19,
A,primary,advised,30,180,sub03,J-B,S-P2,0.15652012151248007,,2,
A,primary,advised,30,180,sub04,J-B,S-P2,0.7441101271604793,,1,
A,primary,advised,30,180,sub06,J-B,S-P2,0.5740163781982993,,1,
A,primary,advised,30,180,sub07,J-B,S-P2,0.1358482651676245,,3,
A,primary,advised,30,180,sub08,J-B,S-P2,-0.24505271175703247,,20,
A,primary,advised,30,180,sub09,J-B,S-P2,0.015669427305645245,,9,
A,primary,advised,30,180,sub10,J-B,S-P2,-0.028661485712646373,,14,
A,primary,advised,30,180,sub11,J-B,S-P2,-0.022394080298435703,,16,
A,primary,advised,30,180,sub12,J-B,S-P2,0.17490199156969488,,2,
A,primary,advised,30,180,sub13,J-B,S-P2,0.12109145121298093,,2,
A,primary,advised,30,180,sub14,J-B,S-P2,0.006440114613312842,,10,
A,primary,advised,30,180,sub17,J-B,S-P2,0.04115552517037924,,10,
A,primary,advised,30,180,sub18,J-B,S-P2,-0.17688325396910543,,13,
A,primary,advised,30,180,sub19,J-B,S-P2,-0.6178227252358388,,20,
A,primary,advised,30,180,sub21,J-B,S-P2,-0.12863454102634786,,16,
A,primary,advised,30,180,sub22,J-B,S-P2,0.008184994400333157,,9,
A,primary,advised,30,180,sub23,J-B,S-P2,-0.25343149252874264,,19,
A,primary,advised,30,180,sub24,J-B,S-P2,0.03838300336604061,,5,
A,primary,advised,30,180,sub25,J-B,S-P2,0.02534249673327027,,6,
A,primary,advised,30,180,sub27,J-B,S-P2,-0.09950319518596307,,18,
A,primary,advised,30,180,sub30,J-B,S-P2,0.09389642676175147,,5,
A,primary,advised,30,180,sub31,J-B,S-P2,-0.040611269132834193,,15,
A,primary,advised,30,180,sub33,J-B,S-P2,-0.2924213668271305,,20,
A,primary,advised,30,180,sub35,J-B,S-P2,-0.06625082887990819,,12,
A,primary,advised,30,180,sub36,J-B,S-P2,-0.09753678516801279,,14,
A,primary,advised,30,180,sub37,J-B,S-P2,-0.10709446796813549,,15,
A,primary,advised,30,180,sub38,J-B,S-P2,0.0050847827804909596,,10,
A,primary,advised,30,180,sub41,J-B,S-P2,0.022983965220244373,,10,
A,primary,advised,30,180,sub42,J-B,S-P2,-0.14655005556323042,,18,
A,primary,advised,30,180,sub01,J-B,S-P3,-0.18938756158776815,,19,
A,primary,advised,30,180,sub03,J-B,S-P3,0.19479713476762917,,2,
A,primary,advised,30,180,sub04,J-B,S-P3,0.7572019139737387,,1,
A,primary,advised,30,180,sub06,J-B,S-P3,0.4470536435182828,,3,
A,primary,advised,30,180,sub07,J-B,S-P3,0.11706141691526561,,3,
A,primary,advised,30,180,sub08,J-B,S-P3,-0.31532949860801773,,20,
A,primary,advised,30,180,sub09,J-B,S-P3,0.011644364864494161,,10,
A,primary,advised,30,180,sub10,J-B,S-P3,-0.014747839158953169,,13,
A,primary,advised,30,180,sub11,J-B,S-P3,-0.019613614604234275,,14,
A,primary,advised,30,180,sub12,J-B,S-P3,0.18555409938994316,,1,
A,primary,advised,30,180,sub13,J-B,S-P3,-0.0024731421288970434,,12,
A,primary,advised,30,180,sub14,J-B,S-P3,0.04285999242198657,,7,
A,primary,advised,30,180,sub17,J-B,S-P3,-0.0853999164686925,,16,
A,primary,advised,30,180,sub18,J-B,S-P3,-0.21555766066086224,,14,
A,primary,advised,30,180,sub19,J-B,S-P3,-0.6175141752758159,,20,
A,primary,advised,30,180,sub21,J-B,S-P3,-0.12359095216986349,,16,
A,primary,advised,30,180,sub22,J-B,S-P3,-0.13117443308251026,,20,
A,primary,advised,30,180,sub23,J-B,S-P3,-0.22366882815411449,,19,
A,primary,advised,30,180,sub24,J-B,S-P3,-0.01800891898846757,,14,
A,primary,advised,30,180,sub25,J-B,S-P3,0.03801080376552002,,5,
A,primary,advised,30,180,sub27,J-B,S-P3,-0.052889732698161884,,15,
A,primary,advised,30,180,sub30,J-B,S-P3,0.02969707905511476,,8,
A,primary,advised,30,180,sub31,J-B,S-P3,-0.0899183063823612,,17,
A,primary,advised,30,180,sub33,J-B,S-P3,-0.3112100997620502,,20,
A,primary,advised,30,180,sub35,J-B,S-P3,-0.04527523265467992,,12,
A,primary,advised,30,180,sub36,J-B,S-P3,-0.12630777008497396,,15,
A,primary,advised,30,180,sub37,J-B,S-P3,-0.10899312540541994,,17,
A,primary,advised,30,180,sub38,J-B,S-P3,0.0017953448672217709,,10,
A,primary,advised,30,180,sub41,J-B,S-P3,-0.032207592517011996,,12,
A,primary,advised,30,180,sub42,J-B,S-P3,-0.1015470296367944,,17,
A,primary,advised,30,180,sub01,J-B,S-P2P3,-0.1964775371240569,,19,
A,primary,advised,30,180,sub03,J-B,S-P2P3,0.18246556763393484,,2,
A,primary,advised,30,180,sub04,J-B,S-P2P3,0.792566316354067,,1,
A,primary,advised,30,180,sub06,J-B,S-P2P3,0.6094184455267285,,1,
A,primary,advised,30,180,sub07,J-B,S-P2P3,0.10686114228575194,,4,
A,primary,advised,30,180,sub08,J-B,S-P2P3,-0.3446027255773745,,20,
A,primary,advised,30,180,sub09,J-B,S-P2P3,0.016103977477969877,,10,
A,primary,advised,30,180,sub10,J-B,S-P2P3,-0.02095412150623277,,14,
A,primary,advised,30,180,sub11,J-B,S-P2P3,-0.03334746848113157,,18,
A,primary,advised,30,180,sub12,J-B,S-P2P3,0.17086502042999363,,2,
A,primary,advised,30,180,sub13,J-B,S-P2P3,0.06306788500075544,,6,
A,primary,advised,30,180,sub14,J-B,S-P2P3,0.08113118174349987,,5,
A,primary,advised,30,180,sub17,J-B,S-P2P3,-0.026907780715070273,,11,
A,primary,advised,30,180,sub18,J-B,S-P2P3,-0.2046540381495765,,13,
A,primary,advised,30,180,sub19,J-B,S-P2P3,-0.6585841578466822,,20,
A,primary,advised,30,180,sub21,J-B,S-P2P3,-0.14082752173504676,,16,
A,primary,advised,30,180,sub22,J-B,S-P2P3,-0.05419965146593708,,18,
A,primary,advised,30,180,sub23,J-B,S-P2P3,-0.24792091793504056,,19,
A,primary,advised,30,180,sub24,J-B,S-P2P3,0.050120605876761815,,3,
A,primary,advised,30,180,sub25,J-B,S-P2P3,0.028483527496495298,,6,
A,primary,advised,30,180,sub27,J-B,S-P2P3,-0.08380009701474156,,17,
A,primary,advised,30,180,sub30,J-B,S-P2P3,0.06659725426216645,,6,
A,primary,advised,30,180,sub31,J-B,S-P2P3,-0.09018466282280557,,17,
A,primary,advised,30,180,sub33,J-B,S-P2P3,-0.3336468796902393,,20,
A,primary,advised,30,180,sub35,J-B,S-P2P3,-0.055977629855529676,,12,
A,primary,advised,30,180,sub36,J-B,S-P2P3,-0.12043927809998178,,15,
A,primary,advised,30,180,sub37,J-B,S-P2P3,-0.12495330420489392,,17,
A,primary,advised,30,180,sub38,J-B,S-P2P3,0.002964334470133445,,10,
A,primary,advised,30,180,sub41,J-B,S-P2P3,-0.0012103019117835068,,11,
A,primary,advised,30,180,sub42,J-B,S-P2P3,-0.1348638127840096,,17,
A,primary,advised,30,180,sub01,J-B,S-valid,-0.19019178615625676,,19,
A,primary,advised,30,180,sub03,J-B,S-valid,0.19297448059758393,,2,
A,primary,advised,30,180,sub04,J-B,S-valid,0.5874671815606629,,1,
A,primary,advised,30,180,sub06,J-B,S-valid,0.10590590717204851,,5,
A,primary,advised,30,180,sub07,J-B,S-valid,0.11400379883465217,,3,
A,primary,advised,30,180,sub08,J-B,S-valid,-0.3576596413671339,,20,
A,primary,advised,30,180,sub09,J-B,S-valid,-0.053509546258202034,,16,
A,primary,advised,30,180,sub10,J-B,S-valid,-0.022730284882706897,,14,
A,primary,advised,30,180,sub11,J-B,S-valid,-0.0625776773966582,,20,
A,primary,advised,30,180,sub12,J-B,S-valid,0.11891313077819665,,2,
A,primary,advised,30,180,sub13,J-B,S-valid,0.037221087028234345,,6,
A,primary,advised,30,180,sub14,J-B,S-valid,0.08021814618677858,,5,
A,primary,advised,30,180,sub17,J-B,S-valid,0.006218723902402856,,10,
A,primary,advised,30,180,sub18,J-B,S-valid,-0.23108459231574785,,14,
A,primary,advised,30,180,sub19,J-B,S-valid,-0.7582918133347155,,20,
A,primary,advised,30,180,sub21,J-B,S-valid,-0.1922117856415091,,17,
A,primary,advised,30,180,sub22,J-B,S-valid,-0.0607334292529666,,18,
A,primary,advised,30,180,sub23,J-B,S-valid,-0.26197915216965173,,19,
A,primary,advised,30,180,sub24,J-B,S-valid,0.045024880613777185,,4,
A,primary,advised,30,180,sub25,J-B,S-valid,0.0524292907100371,,2,
A,primary,advised,30,180,sub27,J-B,S-valid,-0.11278665747770178,,18,
A,primary,advised,30,180,sub30,J-B,S-valid,0.05978201101440783,,7,
A,primary,advised,30,180,sub31,J-B,S-valid,-0.09557526421481666,,17,
A,primary,advised,30,180,sub33,J-B,S-valid,-0.3431190330106372,,20,
A,primary,advised,30,180,sub35,J-B,S-valid,-0.04414069114722419,,11,
A,primary,advised,30,180,sub36,J-B,S-valid,-0.10007752466574316,,15,
A,primary,advised,30,180,sub37,J-B,S-valid,-0.13378527688931663,,16,
A,primary,advised,30,180,sub38,J-B,S-valid,0.027183349110520005,,10,
A,primary,advised,30,180,sub41,J-B,S-valid,2.674336139696365e-05,,10,
A,primary,advised,30,180,sub42,J-B,S-valid,-0.14362152594268895,,17,
A,same_participants,advised,30,180,sub01,J-D,jumpHeight,-0.006255578857322253,-0.32077351923570824,,
A,same_participants,advised,30,180,sub03,J-D,jumpHeight,0.0014738371265256844,0.09825580843504564,,
A,same_participants,advised,30,180,sub04,J-D,jumpHeight,-0.0031366319818915134,-0.17798692225549667,,
A,same_participants,advised,30,180,sub06,J-D,jumpHeight,-0.0009254698854745391,-0.048087252397559475,,
A,same_participants,advised,30,180,sub07,J-D,jumpHeight,0.003347910633428375,0.1636978084090407,,
A,same_participants,advised,30,180,sub08,J-D,jumpHeight,-0.0020728409596112995,-0.11482244535797084,,
A,same_participants,advised,30,180,sub09,J-D,jumpHeight,-0.035769320737267796,-2.342273338117751,,
A,same_participants,advised,30,180,sub10,J-D,jumpHeight,0.0066921489690609515,0.393098550430662,,
A,same_participants,advised,30,180,sub11,J-D,jumpHeight,-0.013206611349434128,-0.7414489787051579,,
A,same_participants,advised,30,180,sub12,J-D,jumpHeight,-0.018740478167514646,-1.2316010407756393,,
A,same_participants,advised,30,180,sub13,J-D,jumpHeight,-0.004135163470726455,-0.275677564715097,,
A,same_participants,advised,30,180,sub14,J-D,jumpHeight,-0.012493456492415345,-0.7071468338786469,,
A,same_participants,advised,30,180,sub17,J-D,jumpHeight,-0.012644636897082784,-0.5544135316734858,,
A,same_participants,advised,30,180,sub18,J-D,jumpHeight,-0.008269397981754745,-0.3061518027052725,,
A,same_participants,advised,30,180,sub19,J-D,jumpHeight,-0.01878805848868098,-1.1100666638106067,,
A,same_participants,advised,30,180,sub21,J-D,jumpHeight,-0.008281032649288422,-0.3155323064907828,,
A,same_participants,advised,30,180,sub22,J-D,jumpHeight,0.007636842571334457,0.43512847452959236,,
A,same_participants,advised,30,180,sub23,J-D,jumpHeight,-0.018380817065571042,-0.9742496641195637,,
A,same_participants,advised,30,180,sub24,J-D,jumpHeight,-0.007760992956048762,-0.32753586915031796,,
A,same_participants,advised,30,180,sub25,J-D,jumpHeight,-0.0002469988752709096,-0.014718631109395875,,
A,same_participants,advised,30,180,sub27,J-D,jumpHeight,-0.01775568153639573,-1.1597516607996836,,
A,same_participants,advised,30,180,sub30,J-D,jumpHeight,-0.014337620188615674,-0.6623307978447083,,
A,same_participants,advised,30,180,sub31,J-D,jumpHeight,0.009377961221021192,0.4459220075629789,,
A,same_participants,advised,30,180,sub33,J-D,jumpHeight,-0.03128622610138804,-1.3095908204529256,,
A,same_participants,advised,30,180,sub35,J-D,jumpHeight,0.003889026294563669,0.21549051022696572,,
A,same_participants,advised,30,180,sub36,J-D,jumpHeight,0.0011170591933857277,0.055486634180024356,,
A,same_participants,advised,30,180,sub37,J-D,jumpHeight,0.010106312828465747,0.5790407176694687,,
A,same_participants,advised,30,180,sub38,J-D,jumpHeight,-0.0006225801139377873,-0.03337199049959731,,
A,same_participants,advised,30,180,sub41,J-D,jumpHeight,-0.0252607129720423,-1.1928354019057412,,
A,same_participants,advised,30,180,sub42,J-D,jumpHeight,-0.021984319640210748,-0.9829301417502244,,
A,same_participants,advised,30,180,sub01,J-D,countermovementDepth,0.030009616917058057,1.134644654715523,,
A,same_participants,advised,30,180,sub03,J-D,countermovementDepth,0.011760355749591417,0.5880177874795708,,
A,same_participants,advised,30,180,sub04,J-D,countermovementDepth,0.042596774896960676,1.0144726613583406,,
A,same_participants,advised,30,180,sub06,J-D,countermovementDepth,-0.012062014787596664,-0.6031007393798332,,
A,same_participants,advised,30,180,sub07,J-D,countermovementDepth,-0.010558272023054371,-0.5279136011527186,,
A,same_participants,advised,30,180,sub08,J-D,countermovementDepth,0.04441071559184068,2.220535779592034,,
A,same_participants,advised,30,180,sub09,J-D,countermovementDepth,-0.027511090854802855,-1.2943785155501684,,
A,same_participants,advised,30,180,sub10,J-D,countermovementDepth,0.004010603857171474,0.2005301928585737,,
A,same_participants,advised,30,180,sub11,J-D,countermovementDepth,-0.004798759061968638,-0.2055038264279467,,
A,same_participants,advised,30,180,sub12,J-D,countermovementDepth,-0.00014319356464692623,-0.0071596782323463115,,
A,same_participants,advised,30,180,sub13,J-D,countermovementDepth,0.014494271681548349,0.6621666754125428,,
A,same_participants,advised,30,180,sub14,J-D,countermovementDepth,-0.00420985536662094,-0.21049276833104702,,
A,same_participants,advised,30,180,sub17,J-D,countermovementDepth,0.012249926289724988,0.5975852612911275,,
A,same_participants,advised,30,180,sub18,J-D,countermovementDepth,0.018623448803351317,0.833599070369507,,
A,same_participants,advised,30,180,sub19,J-D,countermovementDepth,0.010441463414160412,0.33679427976191906,,
A,same_participants,advised,30,180,sub21,J-D,countermovementDepth,-0.0236254764837589,-1.0939106398467344,,
A,same_participants,advised,30,180,sub22,J-D,countermovementDepth,-0.013466026021849598,-0.6733013010924799,,
A,same_participants,advised,30,180,sub23,J-D,countermovementDepth,-0.004573415510625178,-0.22867077553125892,,
A,same_participants,advised,30,180,sub24,J-D,countermovementDepth,-0.002321332416944266,-0.10838368869488775,,
A,same_participants,advised,30,180,sub25,J-D,countermovementDepth,0.016151973343206227,0.8075986671603114,,
A,same_participants,advised,30,180,sub27,J-D,countermovementDepth,0.010586879661566795,0.5293439830783397,,
A,same_participants,advised,30,180,sub30,J-D,countermovementDepth,0.03141082720944133,0.998789334507633,,
A,same_participants,advised,30,180,sub31,J-D,countermovementDepth,0.0005847364747882389,0.028806202130878093,,
A,same_participants,advised,30,180,sub33,J-D,countermovementDepth,0.02151855237323222,1.075927618661611,,
A,same_participants,advised,30,180,sub35,J-D,countermovementDepth,0.004433304296141943,0.1715250569975785,,
A,same_participants,advised,30,180,sub36,J-D,countermovementDepth,-0.040206022924603985,-1.0374128192561995,,
A,same_participants,advised,30,180,sub37,J-D,countermovementDepth,-0.02122413913553206,-0.9213534285610148,,
A,same_participants,advised,30,180,sub38,J-D,countermovementDepth,-0.009943383670752232,-0.3443390078818414,,
A,same_participants,advised,30,180,sub41,J-D,countermovementDepth,0.005960039012276819,0.15813916215018917,,
A,same_participants,advised,30,180,sub42,J-D,countermovementDepth,0.021153515968757586,0.7846177255042924,,
A,same_participants,advised,30,180,sub01,J-D,trunkLean,2.464892412467293,0.805604502228261,,
A,same_participants,advised,30,180,sub03,J-D,trunkLean,7.190133876591219,1.8323299923389864,,
A,same_participants,advised,30,180,sub04,J-D,trunkLean,2.6197170885221652,0.8242991944513874,,
A,same_participants,advised,30,180,sub06,J-D,trunkLean,4.804984364132075,1.8440181640439455,,
A,same_participants,advised,30,180,sub07,J-D,trunkLean,-2.9672765556838527,-1.0594749999755555,,
A,same_participants,advised,30,180,sub08,J-D,trunkLean,6.492164398116699,2.2334949650176243,,
A,same_participants,advised,30,180,sub09,J-D,trunkLean,1.5915056676927009,0.41703445727251987,,
A,same_participants,advised,30,180,sub10,J-D,trunkLean,1.2097242284508098,0.5329975529507608,,
A,same_participants,advised,30,180,sub11,J-D,trunkLean,1.806623270722973,0.5404471817063462,,
A,same_participants,advised,30,180,sub12,J-D,trunkLean,-1.1845822991940125,-0.3506408949776898,,
A,same_participants,advised,30,180,sub13,J-D,trunkLean,5.5459283555676535,1.7407776957640149,,
A,same_participants,advised,30,180,sub14,J-D,trunkLean,-3.542257850466708,-0.8086834116702213,,
A,same_participants,advised,30,180,sub17,J-D,trunkLean,0.8336756374669605,0.19083063710861606,,
A,same_participants,advised,30,180,sub18,J-D,trunkLean,4.128956914498936,0.3993554034582455,,
A,same_participants,advised,30,180,sub19,J-D,trunkLean,-5.587366104556779,-1.192261895040466,,
A,same_participants,advised,30,180,sub21,J-D,trunkLean,10.066337230482219,1.7295628572190358,,
A,same_participants,advised,30,180,sub22,J-D,trunkLean,0.45472530599916183,0.18165650940721367,,
A,same_participants,advised,30,180,sub23,J-D,trunkLean,4.851018037216434,0.8515788140058702,,
A,same_participants,advised,30,180,sub24,J-D,trunkLean,5.895036918005729,1.746940216476334,,
A,same_participants,advised,30,180,sub25,J-D,trunkLean,2.3525830544505695,0.8768430077727696,,
A,same_participants,advised,30,180,sub27,J-D,trunkLean,0.8587075973088147,0.16764118380348358,,
A,same_participants,advised,30,180,sub30,J-D,trunkLean,7.451502363232713,1.7381276724021528,,
A,same_participants,advised,30,180,sub31,J-D,trunkLean,1.5074196672210718,0.6486598656246432,,
A,same_participants,advised,30,180,sub33,J-D,trunkLean,8.470390049473998,1.8783284814027361,,
A,same_participants,advised,30,180,sub35,J-D,trunkLean,3.664509120688571,1.1746330126325208,,
A,same_participants,advised,30,180,sub36,J-D,trunkLean,-3.5533239489339863,-0.9289722526411882,,
A,same_participants,advised,30,180,sub37,J-D,trunkLean,-8.688232046831736,-1.18266111164718,,
A,same_participants,advised,30,180,sub38,J-D,trunkLean,-0.5071433465770383,-0.12131745759326396,,
A,same_participants,advised,30,180,sub41,J-D,trunkLean,0.7623118257772816,0.25842506397050574,,
A,same_participants,advised,30,180,sub42,J-D,trunkLean,-1.0452567555249317,-0.22906316254597034,,
A,same_participants,advised,30,180,sub01,J-D,landingKneeFlex,-0.27963286875780113,-0.049615798802130476,,
A,same_participants,advised,30,180,sub03,J-D,landingKneeFlex,-4.768095481890768,-1.0972923011753535,,
A,same_participants,advised,30,180,sub04,J-D,landingKneeFlex,4.4144397374686974,1.1793736514666375,,
A,same_participants,advised,30,180,sub06,J-D,landingKneeFlex,-1.7962217184112887,-0.5987405728037629,,
A,same_participants,advised,30,180,sub07,J-D,landingKneeFlex,0.5258254961042894,0.16954002770526042,,
A,same_participants,advised,30,180,sub08,J-D,landingKneeFlex,1.1667581181250313,0.38891937270834376,,
A,same_participants,advised,30,180,sub09,J-D,landingKneeFlex,-3.402482268318039,-0.8787326548841428,,
A,same_participants,advised,30,180,sub10,J-D,landingKneeFlex,-0.5624932348331555,-0.18749774494438518,,
A,same_participants,advised,30,180,sub11,J-D,landingKneeFlex,8.180365205718672,1.650969721757699,,
A,same_participants,advised,30,180,sub12,J-D,landingKneeFlex,-1.1649797525785033,-0.38832658419283445,,
A,same_participants,advised,30,180,sub13,J-D,landingKneeFlex,1.764123261547681,0.4695591306377563,,
A,same_participants,advised,30,180,sub14,J-D,landingKneeFlex,3.0900383706050576,1.0300127902016858,,
A,same_participants,advised,30,180,sub17,J-D,landingKneeFlex,4.620623015527407,0.8302515157512618,,
A,same_participants,advised,30,180,sub18,J-D,landingKneeFlex,-1.0664029850490877,-0.14510928216071156,,
A,same_participants,advised,30,180,sub19,J-D,landingKneeFlex,3.774857764034394,0.9580171739792175,,
A,same_participants,advised,30,180,sub21,J-D,landingKneeFlex,6.819219036578481,1.2796114940635064,,
A,same_participants,advised,30,180,sub22,J-D,landingKneeFlex,0.06952086686707304,0.021965982569390995,,
A,same_participants,advised,30,180,sub23,J-D,landingKneeFlex,-3.81407552076908,-0.8555771003288554,,
A,same_participants,advised,30,180,sub24,J-D,landingKneeFlex,2.5821938515179426,0.8607312838393142,,
A,same_participants,advised,30,180,sub25,J-D,landingKneeFlex,3.251709003632243,0.9949557650647818,,
A,same_participants,advised,30,180,sub27,J-D,landingKneeFlex,-10.270469227784247,-3.353084977045945,,
A,same_participants,advised,30,180,sub30,J-D,landingKneeFlex,4.910423183701653,0.9360238439022385,,
A,same_participants,advised,30,180,sub31,J-D,landingKneeFlex,-5.9571037775308895,-1.0195737773448617,,
A,same_participants,advised,30,180,sub33,J-D,landingKneeFlex,0.016880276655243165,0.005014887092002876,,
A,same_participants,advised,30,180,sub35,J-D,landingKneeFlex,0.19188433749660305,0.03325718462963057,,
A,same_participants,advised,30,180,sub36,J-D,landingKneeFlex,-2.963057567260705,-0.8416184118128368,,
A,same_participants,advised,30,180,sub37,J-D,landingKneeFlex,-3.167275544323452,-0.6355223542334333,,
A,same_participants,advised,30,180,sub38,J-D,landingKneeFlex,3.513159929513023,1.1710533098376743,,
A,same_participants,advised,30,180,sub41,J-D,landingKneeFlex,2.7592057477987595,0.8762451031131623,,
A,same_participants,advised,30,180,sub42,J-D,landingKneeFlex,0.4357436893635054,0.09505501906355937,,
A,same_participants,advised,30,180,sub01,J-D,rsiMod,-0.08392470610646807,-1.6374907219707031,,
A,same_participants,advised,30,180,sub03,J-D,rsiMod,-0.050154904177766746,-2.2252864702986304,,
A,same_participants,advised,30,180,sub04,J-D,rsiMod,-0.07541949107874488,-2.7722255958606383,,
A,same_participants,advised,30,180,sub06,J-D,rsiMod,-0.05495489449756413,-1.2605303263224652,,
A,same_participants,advised,30,180,sub07,J-D,rsiMod,0.09662778235191816,0.953144512031062,,
A,same_participants,advised,30,180,sub08,J-D,rsiMod,-0.09102137529222776,-2.2827004412320755,,
A,same_participants,advised,30,180,sub09,J-D,rsiMod,-0.06767149194262284,-2.0659789244683155,,
A,same_participants,advised,30,180,sub10,J-D,rsiMod,0.03625019522040429,0.6684051377520288,,
A,same_participants,advised,30,180,sub11,J-D,rsiMod,-0.05242584157621882,-0.7587412713463944,,
A,same_participants,advised,30,180,sub12,J-D,rsiMod,-0.026290872149043215,-1.1518656080469538,,
A,same_participants,advised,30,180,sub13,J-D,rsiMod,-0.049877251548737955,-1.1971176440704967,,
A,same_participants,advised,30,180,sub14,J-D,rsiMod,-0.023137990274604614,-0.5458271149827418,,
A,same_participants,advised,30,180,sub17,J-D,rsiMod,-0.05276984101892829,-0.9095541708272297,,
A,same_participants,advised,30,180,sub18,J-D,rsiMod,0.06382856498843681,0.9583096077845566,,
A,same_participants,advised,30,180,sub19,J-D,rsiMod,0.07389037819944405,1.8766357965163678,,
A,same_participants,advised,30,180,sub21,J-D,rsiMod,0.02060710071754951,0.4653073560395076,,
A,same_participants,advised,30,180,sub22,J-D,rsiMod,-0.01125513015317331,-0.35345516800666915,,
A,same_participants,advised,30,180,sub23,J-D,rsiMod,-0.06727894311358018,-1.0700646883383842,,
A,same_participants,advised,30,180,sub24,J-D,rsiMod,-0.02041966640340831,-0.37016272826155927,,
A,same_participants,advised,30,180,sub25,J-D,rsiMod,0.01898312975111427,0.34422904253696746,,
A,same_participants,advised,30,180,sub27,J-D,rsiMod,-0.03683244142932596,-1.5871963845126753,,
A,same_participants,advised,30,180,sub30,J-D,rsiMod,-0.10029750032556328,-0.9303375355391388,,
A,same_participants,advised,30,180,sub31,J-D,rsiMod,0.027547798324180972,0.4138189890744692,,
A,same_participants,advised,30,180,sub33,J-D,rsiMod,-0.14262280002891248,-2.554375621548993,,
A,same_participants,advised,30,180,sub35,J-D,rsiMod,0.013118661669445641,0.2999924304282909,,
A,same_participants,advised,30,180,sub36,J-D,rsiMod,0.10077268068976031,1.2317509471043773,,
A,same_participants,advised,30,180,sub37,J-D,rsiMod,-0.041470562892921614,-0.41309786683018007,,
A,same_participants,advised,30,180,sub38,J-D,rsiMod,0.04552653071717111,0.658705544538563,,
A,same_participants,advised,30,180,sub41,J-D,rsiMod,-0.03205003275050844,-1.2703617692969007,,
A,same_participants,advised,30,180,sub42,J-D,rsiMod,-0.06231196262965544,-1.39782764724794,,
A,same_participants,advised,30,180,sub01,J-D,eccentricDuration,0.02090716837555795,0.5226792093889487,,
A,same_participants,advised,30,180,sub03,J-D,eccentricDuration,0.13890176224443906,1.7735010121637362,,
A,same_participants,advised,30,180,sub04,J-D,eccentricDuration,0.35358935360147614,2.3334263853581816,,
A,same_participants,advised,30,180,sub06,J-D,eccentricDuration,0.05099584117471678,0.5285006786130692,,
A,same_participants,advised,30,180,sub07,J-D,eccentricDuration,-0.11793518098415556,-1.03445843247463,,
A,same_participants,advised,30,180,sub08,J-D,eccentricDuration,0.0664557990432108,1.6613949760802702,,
A,same_participants,advised,30,180,sub09,J-D,eccentricDuration,0.05101972597748661,1.008697594927505,,
A,same_participants,advised,30,180,sub10,J-D,eccentricDuration,-0.026894589832404503,-0.6330704297400477,,
A,same_participants,advised,30,180,sub11,J-D,eccentricDuration,0.06491544570121272,1.152009615825813,,
A,same_participants,advised,30,180,sub12,J-D,eccentricDuration,-0.008695834185465268,-0.2173958546366317,,
A,same_participants,advised,30,180,sub13,J-D,eccentricDuration,0.04297887932367028,1.0713708928724621,,
A,same_participants,advised,30,180,sub14,J-D,eccentricDuration,0.021363080339099172,0.2953494522628296,,
A,same_participants,advised,30,180,sub17,J-D,eccentricDuration,0.04455495719850633,0.45018485769201105,,
A,same_participants,advised,30,180,sub18,J-D,eccentricDuration,-0.25041711721060944,-0.8260695957049197,,
A,same_participants,advised,30,180,sub19,J-D,eccentricDuration,-0.48923136555935165,-4.164171063094173,,
A,same_participants,advised,30,180,sub21,J-D,eccentricDuration,-0.08609918052232668,-0.7787875499249199,,
A,same_participants,advised,30,180,sub22,J-D,eccentricDuration,0.03656308376127626,0.6604388085561044,,
A,same_participants,advised,30,180,sub23,J-D,eccentricDuration,0.03185753733531438,0.7964384333828595,,
A,same_participants,advised,30,180,sub24,J-D,eccentricDuration,-0.001580189080479577,-0.03934405367641891,,
A,same_participants,advised,30,180,sub25,J-D,eccentricDuration,-0.04741700059510223,-0.6236605108482635,,
A,same_participants,advised,30,180,sub27,J-D,eccentricDuration,0.014226108476604882,0.35565271191512204,,
A,same_participants,advised,30,180,sub30,J-D,eccentricDuration,0.04504038600142202,0.6485901068004927,,
A,same_participants,advised,30,180,sub31,J-D,eccentricDuration,-0.007705928972635556,-0.1926482243158889,,
A,same_participants,advised,30,180,sub33,J-D,eccentricDuration,0.06139658353452393,1.5349145883630981,,
A,same_participants,advised,30,180,sub35,J-D,eccentricDuration,-0.015329443507721918,-0.29673360551995664,,
A,same_participants,advised,30,180,sub36,J-D,eccentricDuration,-0.14284747377510348,-0.8713513900577621,,
A,same_participants,advised,30,180,sub37,J-D,eccentricDuration,0.12962995223761176,1.0802650423704736,,
A,same_participants,advised,30,180,sub38,J-D,eccentricDuration,-0.03926808589201142,-0.651717085380688,,
A,same_participants,advised,30,180,sub41,J-D,eccentricDuration,0.018220676329086527,0.43942448801071105,,
A,same_participants,advised,30,180,sub42,J-D,eccentricDuration,0.033532916028574444,0.8383229007143611,,
A,same_participants,advised,30,180,sub01,J-D,flightTime,-0.022222222222222476,-0.5055674595784806,,
A,same_participants,advised,30,180,sub03,J-D,flightTime,-0.022222222222222476,-0.5643500098761329,,
A,same_participants,advised,30,180,sub04,J-D,flightTime,0.022222222222222587,0.6944444444444559,,
A,same_participants,advised,30,180,sub06,J-D,flightTime,-0.05555555555555536,-1.2590374185984479,,
A,same_participants,advised,30,180,sub07,J-D,flightTime,0.03333333333333344,0.8040119451057067,,
A,same_participants,advised,30,180,sub08,J-D,flightTime,0.07777777777777783,1.7596445186299376,,
A,same_participants,advised,30,180,sub09,J-D,flightTime,-0.055555555555555025,-1.3873858875107419,,
A,same_participants,advised,30,180,sub10,J-D,flightTime,0.022222222222222365,0.6305069248032786,,
A,same_participants,advised,30,180,sub11,J-D,flightTime,-0.011111111111111183,-0.22147472791383035,,
A,same_participants,advised,30,180,sub12,J-D,flightTime,-0.022222222222222143,-0.8333333333333305,,
A,same_participants,advised,30,180,sub13,J-D,flightTime,0.022222222222222143,0.4618802153516987,,
A,same_participants,advised,30,180,sub14,J-D,flightTime,0.04444444444444429,1.3105941716567298,,
A,same_participants,advised,30,180,sub17,J-D,flightTime,-0.03333333333333355,-0.45307537143206444,,
A,same_participants,advised,30,180,sub18,J-D,flightTime,-0.0444444444444444,-0.7481671309229101,,
A,same_participants,advised,30,180,sub19,J-D,flightTime,-0.09999999999999976,-1.348981518953192,,
A,same_participants,advised,30,180,sub21,J-D,flightTime,-0.02222222222222192,-0.4271223550377721,,
A,same_participants,advised,30,180,sub22,J-D,flightTime,-0.05555555555555558,-1.0958906513464644,,
A,same_participants,advised,30,180,sub23,J-D,flightTime,0.022222222222222476,0.5027555767514157,,
A,same_participants,advised,30,180,sub24,J-D,flightTime,-0.04444444444444429,-1.1547005383792515,,
A,same_participants,advised,30,180,sub25,J-D,flightTime,0.022222222222222143,0.5360079634038019,,
A,same_participants,advised,30,180,sub27,J-D,flightTime,-0.02222222222222192,-0.2485497955151265,,
A,same_participants,advised,30,180,sub30,J-D,flightTime,-0.02222222222222192,-0.5123082046158911,,
A,same_participants,advised,30,180,sub31,J-D,flightTime,-0.0777777777777775,-2.430555555555546,,
A,same_participants,advised,30,180,sub33,J-D,flightTime,0.011111111111111072,0.3333333333333321,,
A,same_participants,advised,30,180,sub35,J-D,flightTime,-0.011111111111110628,-0.14838803449849725,,
A,same_participants,advised,30,180,sub36,J-D,flightTime,-0.04444444444444462,-0.888395533394109,,
A,same_participants,advised,30,180,sub37,J-D,flightTime,0.011111111111111294,0.22147472791383488,,
A,same_participants,advised,30,180,sub38,J-D,flightTime,0.011111111111111294,0.2045255759169333,,
A,same_participants,advised,30,180,sub41,J-D,flightTime,-0.022222222222222032,-0.40905115183385815,,
A,same_participants,advised,30,180,sub42,J-D,flightTime,0.011111111111111183,0.25615410230795066,,
A,same_participants,advised,30,180,sub01,J-D,concentricDuration,0.022222222222222365,0.7407407407407456,,
A,same_participants,advised,30,180,sub03,J-D,concentricDuration,0.0222222222222222,0.5596127479783995,,
A,same_participants,advised,30,180,sub04,J-D,concentricDuration,0.1222222222222219,2.7340477506664262,,
A,same_participants,advised,30,180,sub06,J-D,concentricDuration,0.17777777777777792,1.8138997271737687,,
A,same_participants,advised,30,180,sub07,J-D,concentricDuration,0,0,,
A,same_participants,advised,30,180,sub08,J-D,concentricDuration,0.011111111111110988,0.3703703703703663,,
A,same_participants,advised,30,180,sub09,J-D,concentricDuration,0.03333333333333305,0.6744907594765941,,
A,same_participants,advised,30,180,sub10,J-D,concentricDuration,0,0,,
A,same_participants,advised,30,180,sub11,J-D,concentricDuration,0.01111111111111121,0.27462811013214494,,
A,same_participants,advised,30,180,sub12,J-D,concentricDuration,0.033333333333333215,1.1111111111111072,,
A,same_participants,advised,30,180,sub13,J-D,concentricDuration,0.03333333333333352,0.839419121967605,,
A,same_participants,advised,30,180,sub14,J-D,concentricDuration,-0.011111111111110988,-0.3703703703703663,,
A,same_participants,advised,30,180,sub17,J-D,concentricDuration,0.033333333333333354,1.1111111111111118,,
A,same_participants,advised,30,180,sub18,J-D,concentricDuration,0.02222222222222231,0.5596127479784024,,
A,same_participants,advised,30,180,sub19,J-D,concentricDuration,0.011111111111111072,0.14838803449850274,,
A,same_participants,advised,30,180,sub21,J-D,concentricDuration,0.01111111111111085,0.2527837297892298,,
A,same_participants,advised,30,180,sub22,J-D,concentricDuration,0,0,,
A,same_participants,advised,30,180,sub23,J-D,concentricDuration,5.551115123125783e-17,1.8503717077085944e-15,,
A,same_participants,advised,30,180,sub24,J-D,concentricDuration,0.011111111111110794,0.3703703703703598,,
A,same_participants,advised,30,180,sub25,J-D,concentricDuration,-8.326672684688674e-17,-2.058064544776485e-15,,
A,same_participants,advised,30,180,sub27,J-D,concentricDuration,0.011111111111111238,0.3703703703703746,,
A,same_participants,advised,30,180,sub30,J-D,concentricDuration,0.04444444444444429,1.0985124405285676,,
A,same_participants,advised,30,180,sub31,J-D,concentricDuration,-2.220446049250313e-16,-7.401486830834377e-15,,
A,same_participants,advised,30,180,sub33,J-D,concentricDuration,0.04444444444444429,1.4814814814814763,,
A,same_participants,advised,30,180,sub35,J-D,concentricDuration,-0.011111111111111294,-0.3244592845595612,,
A,same_participants,advised,30,180,sub36,J-D,concentricDuration,-0.08888888888888888,-1.661784615190571,,
A,same_participants,advised,30,180,sub37,J-D,concentricDuration,-0.022222222222222365,-0.5596127479784038,,
A,same_participants,advised,30,180,sub38,J-D,concentricDuration,-0.033333333333333603,-0.7598637512044593,,
A,same_participants,advised,30,180,sub41,J-D,concentricDuration,0,0,,
A,same_participants,advised,30,180,sub42,J-D,concentricDuration,5.551115123125783e-17,1.8503717077085944e-15,,
A,same_participants,advised,30,180,sub01,J-D,asymmetry,-1.5084665772729977,-0.6386766165488686,,
A,same_participants,advised,30,180,sub03,J-D,asymmetry,-1.883295727131042,-0.941647863565521,,
A,same_participants,advised,30,180,sub04,J-D,asymmetry,-1.6497532851231735,-0.6980068612619678,,
A,same_participants,advised,30,180,sub06,J-D,asymmetry,-1.4253448284712436,-0.6952060449559432,,
A,same_participants,advised,30,180,sub07,J-D,asymmetry,3.0462061756463603,1.2900986585887775,,
A,same_participants,advised,30,180,sub08,J-D,asymmetry,1.4179512087379091,0.7089756043689546,,
A,same_participants,advised,30,180,sub09,J-D,asymmetry,1.3233539350356316,0.3163650789332929,,
A,same_participants,advised,30,180,sub10,J-D,asymmetry,0.35928971972368606,0.17964485986184303,,
A,same_participants,advised,30,180,sub11,J-D,asymmetry,-0.46296363654289063,-0.2268698936643883,,
A,same_participants,advised,30,180,sub12,J-D,asymmetry,-0.9663941269086438,-0.3147781494694726,,
A,same_participants,advised,30,180,sub13,J-D,asymmetry,-3.5921494891687757,-1.7676642023658578,,
A,same_participants,advised,30,180,sub14,J-D,asymmetry,4.51094931848184,1.839684289772319,,
A,same_participants,advised,30,180,sub17,J-D,asymmetry,1.242859785925475,0.4914574762505188,,
A,same_participants,advised,30,180,sub18,J-D,asymmetry,2.8819522470726424,1.074086460799727,,
A,same_participants,advised,30,180,sub19,J-D,asymmetry,-1.9139234527734548,-0.8931016084735458,,
A,same_participants,advised,30,180,sub21,J-D,asymmetry,-0.9735713990752068,-0.3260733700872832,,
A,same_participants,advised,30,180,sub22,J-D,asymmetry,-3.612637929529877,-1.8063189647649385,,
A,same_participants,advised,30,180,sub23,J-D,asymmetry,-1.6598471923147713,-0.6937104481288724,,
A,same_participants,advised,30,180,sub24,J-D,asymmetry,0.1619025910684213,0.05390252899411293,,
A,same_participants,advised,30,180,sub25,J-D,asymmetry,1.3874355083918122,0.5533114891095077,,
A,same_participants,advised,30,180,sub27,J-D,asymmetry,2.5472088526182968,0.9615357519763571,,
A,same_participants,advised,30,180,sub30,J-D,asymmetry,-2.7757263178318725,-1.1860028976582333,,
A,same_participants,advised,30,180,sub31,J-D,asymmetry,4.097087628539592,1.2707768560042025,,
A,same_participants,advised,30,180,sub33,J-D,asymmetry,-1.0787409185469983,-0.3428601960302621,,
A,same_participants,advised,30,180,sub35,J-D,asymmetry,5.176443659415,1.638235071857235,,
A,same_participants,advised,30,180,sub36,J-D,asymmetry,-0.3271315498268166,-0.1635657749134083,,
A,same_participants,advised,30,180,sub37,J-D,asymmetry,-0.9600391580191663,-0.289068163915048,,
A,same_participants,advised,30,180,sub38,J-D,asymmetry,0.2193770458748503,0.10968852293742515,,
A,same_participants,advised,30,180,sub41,J-D,asymmetry,-1.9999202623150958,-0.9999601311575479,,
A,same_participants,advised,30,180,sub42,J-D,asymmetry,2.356903498097504,0.7313137099027803,,
A,same_participants,advised,30,180,sub01,J-A,S0,,,6,1.1546768934163865
A,same_participants,advised,30,180,sub03,J-A,S0,,,1,1.726130484156217
A,same_participants,advised,30,180,sub04,J-A,S0,,,1,2.1418276677459236
A,same_participants,advised,30,180,sub06,J-A,S0,,,3,1.5948703198686365
A,same_participants,advised,30,180,sub07,J-A,S0,,,6,1.1601028551658017
A,same_participants,advised,30,180,sub08,J-A,S0,,,1,2.0055578123725177
A,same_participants,advised,30,180,sub09,J-A,S0,,,5,1.6274460924878387
A,same_participants,advised,30,180,sub10,J-A,S0,,,17,0.7799205668011663
A,same_participants,advised,30,180,sub11,J-A,S0,,,11,1.1855484713370232
A,same_participants,advised,30,180,sub12,J-A,S0,,,6,1.013386034608696
A,same_participants,advised,30,180,sub13,J-A,S0,,,1,1.6471155078037574
A,same_participants,advised,30,180,sub14,J-A,S0,,,5,1.1996961084616375
A,same_participants,advised,30,180,sub17,J-A,S0,,,6,1.5224423014222255
A,same_participants,advised,30,180,sub18,J-A,S0,,,11,1.2002346777792636
A,same_participants,advised,30,180,sub19,J-A,S0,,,1,2.0014587465835105
A,same_participants,advised,30,180,sub21,J-A,S0,,,3,1.9647280220846752
A,same_participants,advised,30,180,sub22,J-A,S0,,,11,0.9139900595918439
A,same_participants,advised,30,180,sub23,J-A,S0,,,11,1.0396514122569602
A,same_participants,advised,30,180,sub24,J-A,S0,,,13,1.0052441634240916
A,same_participants,advised,30,180,sub25,J-A,S0,,,16,0.8443703810826726
A,same_participants,advised,30,180,sub27,J-A,S0,,,2,1.5621250815414032
A,same_participants,advised,30,180,sub30,J-A,S0,,,7,1.422858606794608
A,same_participants,advised,30,180,sub31,J-A,S0,,,16,0.9591295701224988
A,same_participants,advised,30,180,sub33,J-A,S0,,,3,1.6303380673195695
A,same_participants,advised,30,180,sub35,J-A,S0,,,10,1.19365457677557
A,same_participants,advised,30,180,sub36,J-A,S0,,,15,0.6450587791608354
A,same_participants,advised,30,180,sub37,J-A,S0,,,15,1.1350227869301193
A,same_participants,advised,30,180,sub38,J-A,S0,,,15,0.8495099276783789
A,same_participants,advised,30,180,sub41,J-A,S0,,,3,1.2879247299807035
A,same_participants,advised,30,180,sub42,J-A,S0,,,3,1.1930503542656383
A,same_participants,advised,30,180,sub01,J-A,S-P2,,,6,1.1871904899570933
A,same_participants,advised,30,180,sub03,J-A,S-P2,,,1,1.7559666786327377
A,same_participants,advised,30,180,sub04,J-A,S-P2,,,1,2.2268686632567802
A,same_participants,advised,30,180,sub06,J-A,S-P2,,,3,1.5581853593013104
A,same_participants,advised,30,180,sub07,J-A,S-P2,,,6,1.1052042136807694
A,same_participants,advised,30,180,sub08,J-A,S-P2,,,1,1.9404123786474237
A,same_participants,advised,30,180,sub09,J-A,S-P2,,,5,1.660225252887323
A,same_participants,advised,30,180,sub10,J-A,S-P2,,,16,0.7515175261751494
A,same_participants,advised,30,180,sub11,J-A,S-P2,,,10,1.2145318266513534
A,same_participants,advised,30,180,sub12,J-A,S-P2,,,6,1.0434660366991608
A,same_participants,advised,30,180,sub13,J-A,S-P2,,,1,1.6697097670732566
A,same_participants,advised,30,180,sub14,J-A,S-P2,,,11,1.079085332676183
A,same_participants,advised,30,180,sub17,J-A,S-P2,,,5,1.55667099649303
A,same_participants,advised,30,180,sub18,J-A,S-P2,,,9,1.1839284587221213
A,same_participants,advised,30,180,sub19,J-A,S-P2,,,1,2.060724550723128
A,same_participants,advised,30,180,sub21,J-A,S-P2,,,3,1.9930234048343118
A,same_participants,advised,30,180,sub22,J-A,S-P2,,,8,0.876997507833286
A,same_participants,advised,30,180,sub23,J-A,S-P2,,,12,0.9612729559683357
A,same_participants,advised,30,180,sub24,J-A,S-P2,,,12,1.0136827007225155
A,same_participants,advised,30,180,sub25,J-A,S-P2,,,16,0.7996746206859937
A,same_participants,advised,30,180,sub27,J-A,S-P2,,,2,1.598617003188523
A,same_participants,advised,30,180,sub30,J-A,S-P2,,,7,1.4229360393129007
A,same_participants,advised,30,180,sub31,J-A,S-P2,,,18,0.8057489828013596
A,same_participants,advised,30,180,sub33,J-A,S-P2,,,3,1.7003412312464998
A,same_participants,advised,30,180,sub35,J-A,S-P2,,,10,1.1993858535092998
A,same_participants,advised,30,180,sub36,J-A,S-P2,,,15,0.6624786623267247
A,same_participants,advised,30,180,sub37,J-A,S-P2,,,14,1.154770486244358
A,same_participants,advised,30,180,sub38,J-A,S-P2,,,13,0.8050327569015835
A,same_participants,advised,30,180,sub41,J-A,S-P2,,,3,1.2995827053981948
A,same_participants,advised,30,180,sub42,J-A,S-P2,,,3,1.2274575871251159
A,same_participants,advised,30,180,sub01,J-A,S-P3,,,6,1.1586027043286686
A,same_participants,advised,30,180,sub03,J-A,S-P3,,,1,1.7728436257467124
A,same_participants,advised,30,180,sub04,J-A,S-P3,,,1,2.2166928560127697
A,same_participants,advised,30,180,sub06,J-A,S-P3,,,3,1.645184105330529
A,same_participants,advised,30,180,sub07,J-A,S-P3,,,6,1.1020037367952098
A,same_participants,advised,30,180,sub08,J-A,S-P3,,,1,2.0527275543734587
A,same_participants,advised,30,180,sub09,J-A,S-P3,,,4,1.6577309401697995
A,same_participants,advised,30,180,sub10,J-A,S-P3,,,17,0.8074788845697798
A,same_participants,advised,30,180,sub11,J-A,S-P3,,,11,1.203499727773347
A,same_participants,advised,30,180,sub12,J-A,S-P3,,,5,0.9864417881355948
A,same_participants,advised,30,180,sub13,J-A,S-P3,,,2,1.5750583127905304
A,same_participants,advised,30,180,sub14,J-A,S-P3,,,8,1.1095673786285518
A,same_participants,advised,30,180,sub17,J-A,S-P3,,,7,1.4934384912296952
A,same_participants,advised,30,180,sub18,J-A,S-P3,,,11,1.2280872632533661
A,same_participants,advised,30,180,sub19,J-A,S-P3,,,2,2.0275730721049023
A,same_participants,advised,30,180,sub21,J-A,S-P3,,,2,2.037250205989821
A,same_participants,advised,30,180,sub22,J-A,S-P3,,,14,0.8310713769574715
A,same_participants,advised,30,180,sub23,J-A,S-P3,,,11,1.0186095601644631
A,same_participants,advised,30,180,sub24,J-A,S-P3,,,12,1.035407195936391
A,same_participants,advised,30,180,sub25,J-A,S-P3,,,14,0.8607486236699713
A,same_participants,advised,30,180,sub27,J-A,S-P3,,,2,1.5751176084370524
A,same_participants,advised,30,180,sub30,J-A,S-P3,,,6,1.3940336339739885
A,same_participants,advised,30,180,sub31,J-A,S-P3,,,17,0.932673439921247
A,same_participants,advised,30,180,sub33,J-A,S-P3,,,3,1.6803960836717913
A,same_participants,advised,30,180,sub35,J-A,S-P3,,,20,0.7355198922750551
A,same_participants,advised,30,180,sub36,J-A,S-P3,,,15,0.6688100639317955
A,same_participants,advised,30,180,sub37,J-A,S-P3,,,14,1.1746554000616716
A,same_participants,advised,30,180,sub38,J-A,S-P3,,,14,0.8718547234814072
A,same_participants,advised,30,180,sub41,J-A,S-P3,,,3,1.293577483680582
A,same_participants,advised,30,180,sub42,J-A,S-P3,,,3,1.1698790851148184
A,same_participants,advised,30,180,sub01,J-A,S-P2P3,,,6,1.1934292639089266
A,same_participants,advised,30,180,sub03,J-A,S-P2P3,,,1,1.8083740932771992
A,same_participants,advised,30,180,sub04,J-A,S-P2P3,,,1,2.3126102356665754
A,same_participants,advised,30,180,sub06,J-A,S-P2P3,,,3,1.6108877758961586
A,same_participants,advised,30,180,sub07,J-A,S-P2P3,,,9,1.0267666093684793
A,same_participants,advised,30,180,sub08,J-A,S-P2P3,,,1,1.9895142529380287
A,same_participants,advised,30,180,sub09,J-A,S-P2P3,,,4,1.6956976262491257
A,same_participants,advised,30,180,sub10,J-A,S-P2P3,,,16,0.7802858841722432
A,same_participants,advised,30,180,sub11,J-A,S-P2P3,,,10,1.235921533303684
A,same_participants,advised,30,180,sub12,J-A,S-P2P3,,,4,1.018307192410773
A,same_participants,advised,30,180,sub13,J-A,S-P2P3,,,2,1.585756452037584
A,same_participants,advised,30,180,sub14,J-A,S-P2P3,,,14,0.9645210807267072
A,same_participants,advised,30,180,sub17,J-A,S-P2P3,,,6,1.5244030889477003
A,same_participants,advised,30,180,sub18,J-A,S-P2P3,,,8,1.2132798328281347
A,same_participants,advised,30,180,sub19,J-A,S-P2P3,,,2,2.0928223584513836
A,same_participants,advised,30,180,sub21,J-A,S-P2P3,,,2,2.073548662900244
A,same_participants,advised,30,180,sub22,J-A,S-P2P3,,,9,0.773090612270392
A,same_participants,advised,30,180,sub23,J-A,S-P2P3,,,11,0.9375894232259291
A,same_participants,advised,30,180,sub24,J-A,S-P2P3,,,10,1.04739867169715
A,same_participants,advised,30,180,sub25,J-A,S-P2P3,,,15,0.8141748522549065
A,same_participants,advised,30,180,sub27,J-A,S-P2P3,,,2,1.6146115718182978
A,same_participants,advised,30,180,sub30,J-A,S-P2P3,,,8,1.3940592055875036
A,same_participants,advised,30,180,sub31,J-A,S-P2P3,,,20,0.7560957246705181
A,same_participants,advised,30,180,sub33,J-A,S-P2P3,,,3,1.7585953939822645
A,same_participants,advised,30,180,sub35,J-A,S-P2P3,,,19,0.6819848406609957
A,same_participants,advised,30,180,sub36,J-A,S-P2P3,,,15,0.6892035903557624
A,same_participants,advised,30,180,sub37,J-A,S-P2P3,,,13,1.1990529738735098
A,same_participants,advised,30,180,sub38,J-A,S-P2P3,,,13,0.8249000989755424
A,same_participants,advised,30,180,sub41,J-A,S-P2P3,,,3,1.3071931163785357
A,same_participants,advised,30,180,sub42,J-A,S-P2P3,,,3,1.2045082879736568
A,same_participants,advised,30,180,sub01,J-A,S-valid,,,7,1.1987101497434496
A,same_participants,advised,30,180,sub03,J-A,S-valid,,,1,1.8918157660605317
A,same_participants,advised,30,180,sub04,J-A,S-valid,,,2,2.07847227949638
A,same_participants,advised,30,180,sub06,J-A,S-valid,,,7,1.2738126615413494
A,same_participants,advised,30,180,sub07,J-A,S-valid,,,10,1.0315812507649087
A,same_participants,advised,30,180,sub08,J-A,S-valid,,,1,2.0916061093346525
A,same_participants,advised,30,180,sub09,J-A,S-valid,,,4,1.7610196539008112
A,same_participants,advised,30,180,sub10,J-A,S-valid,,,16,0.8203262278478846
A,same_participants,advised,30,180,sub11,J-A,S-valid,,,10,1.2069610803018314
A,same_participants,advised,30,180,sub12,J-A,S-valid,,,7,0.9496576145414739
A,same_participants,advised,30,180,sub13,J-A,S-valid,,,2,1.6194466706730974
A,same_participants,advised,30,180,sub14,J-A,S-valid,,,15,0.9923047724943878
A,same_participants,advised,30,180,sub17,J-A,S-valid,,,6,1.5807873839436128
A,same_participants,advised,30,180,sub18,J-A,S-valid,,,11,1.167622163078388
A,same_participants,advised,30,180,sub19,J-A,S-valid,,,1,2.192804590984981
A,same_participants,advised,30,180,sub21,J-A,S-valid,,,2,2.166974884219949
A,same_participants,advised,30,180,sub22,J-A,S-valid,,,9,0.8127617308124844
A,same_participants,advised,30,180,sub23,J-A,S-valid,,,11,0.9468207281939707
A,same_participants,advised,30,180,sub24,J-A,S-valid,,,10,1.061790778517919
A,same_participants,advised,30,180,sub25,J-A,S-valid,,,13,0.8463984946219992
A,same_participants,advised,30,180,sub27,J-A,S-valid,,,2,1.6727798093644186
A,same_participants,advised,30,180,sub30,J-A,S-valid,,,7,1.4216361687359615
A,same_participants,advised,30,180,sub31,J-A,S-valid,,,19,0.7668611094510753
A,same_participants,advised,30,180,sub33,J-A,S-valid,,,3,1.7811261819978192
A,same_participants,advised,30,180,sub35,J-A,S-valid,,,20,0.6313580964849451
A,same_participants,advised,30,180,sub36,J-A,S-valid,,,16,0.6962494538634688
A,same_participants,advised,30,180,sub37,J-A,S-valid,,,12,1.248555936841058
A,same_participants,advised,30,180,sub38,J-A,S-valid,,,13,0.8672298195703089
A,same_participants,advised,30,180,sub41,J-A,S-valid,,,1,1.3623396984857827
A,same_participants,advised,30,180,sub42,J-A,S-valid,,,3,1.2549590660820342
A,same_participants,advised,30,180,sub01,J-B,S0,-0.19195283859106838,,19,
A,same_participants,advised,30,180,sub03,J-B,S0,0.17049390827577682,,2,
A,same_participants,advised,30,180,sub04,J-B,S0,0.7133697653418771,,1,
A,same_participants,advised,30,180,sub06,J-B,S0,0.42175640739282116,,3,
A,same_participants,advised,30,180,sub07,J-B,S0,0.1435582864627326,,3,
A,same_participants,advised,30,180,sub08,J-B,S0,-0.22495042567229406,,20,
A,same_participants,advised,30,180,sub09,J-B,S0,0.01138138130999411,,9,
A,same_participants,advised,30,180,sub10,J-B,S0,-0.023073690428016547,,14,
A,same_participants,advised,30,180,sub11,J-B,S0,-0.011011663168247865,,13,
A,same_participants,advised,30,180,sub12,J-B,S0,0.18800684797879463,,1,
A,same_participants,advised,30,180,sub13,J-B,S0,0.05260510494365378,,5,
A,same_participants,advised,30,180,sub14,J-B,S0,-0.02024969926381781,,11,
A,same_participants,advised,30,180,sub17,J-B,S0,-0.010143490224979845,,11,
A,same_participants,advised,30,180,sub18,J-B,S0,-0.18843051594832083,,14,
A,same_participants,advised,30,180,sub19,J-B,S0,-0.5821260472339915,,20,
A,same_participants,advised,30,180,sub21,J-B,S0,-0.11317235420193006,,16,
A,same_participants,advised,30,180,sub22,J-B,S0,-0.06823724803517439,,18,
A,same_participants,advised,30,180,sub23,J-B,S0,-0.23099661265509663,,19,
A,same_participants,advised,30,180,sub24,J-B,S0,-0.024359392714695005,,14,
A,same_participants,advised,30,180,sub25,J-B,S0,0.03443103533581637,,5,
A,same_participants,advised,30,180,sub27,J-B,S0,-0.07085851408930766,,17,
A,same_participants,advised,30,180,sub30,J-B,S0,0.05525109620919255,,6,
A,same_participants,advised,30,180,sub31,J-B,S0,-0.04237026013726419,,17,
A,same_participants,advised,30,180,sub33,J-B,S0,-0.27615974940784926,,20,
A,same_participants,advised,30,180,sub35,J-B,S0,-0.055584628221280186,,11,
A,same_participants,advised,30,180,sub36,J-B,S0,-0.10402490952211951,,14,
A,same_participants,advised,30,180,sub37,J-B,S0,-0.09299638908017616,,14,
A,same_participants,advised,30,180,sub38,J-B,S0,0.0039705371447500415,,10,
A,same_participants,advised,30,180,sub41,J-B,S0,-0.009070929164966213,,11,
A,same_participants,advised,30,180,sub42,J-B,S0,-0.11325017593582531,,18,
A,same_participants,advised,30,180,sub01,J-B,S-P2,-0.1985284700196871,,19,
A,same_participants,advised,30,180,sub03,J-B,S-P2,0.15652012151248007,,2,
A,same_participants,advised,30,180,sub04,J-B,S-P2,0.7441101271604793,,1,
A,same_participants,advised,30,180,sub06,J-B,S-P2,0.5740163781982993,,1,
A,same_participants,advised,30,180,sub07,J-B,S-P2,0.1358482651676245,,3,
A,same_participants,advised,30,180,sub08,J-B,S-P2,-0.24505271175703247,,20,
A,same_participants,advised,30,180,sub09,J-B,S-P2,0.015669427305645245,,9,
A,same_participants,advised,30,180,sub10,J-B,S-P2,-0.028661485712646373,,14,
A,same_participants,advised,30,180,sub11,J-B,S-P2,-0.022394080298435703,,16,
A,same_participants,advised,30,180,sub12,J-B,S-P2,0.17490199156969488,,2,
A,same_participants,advised,30,180,sub13,J-B,S-P2,0.12109145121298093,,2,
A,same_participants,advised,30,180,sub14,J-B,S-P2,0.006440114613312842,,10,
A,same_participants,advised,30,180,sub17,J-B,S-P2,0.04115552517037924,,10,
A,same_participants,advised,30,180,sub18,J-B,S-P2,-0.17688325396910543,,13,
A,same_participants,advised,30,180,sub19,J-B,S-P2,-0.6178227252358388,,20,
A,same_participants,advised,30,180,sub21,J-B,S-P2,-0.12863454102634786,,16,
A,same_participants,advised,30,180,sub22,J-B,S-P2,0.008184994400333157,,9,
A,same_participants,advised,30,180,sub23,J-B,S-P2,-0.25343149252874264,,19,
A,same_participants,advised,30,180,sub24,J-B,S-P2,0.03838300336604061,,5,
A,same_participants,advised,30,180,sub25,J-B,S-P2,0.02534249673327027,,6,
A,same_participants,advised,30,180,sub27,J-B,S-P2,-0.09950319518596307,,18,
A,same_participants,advised,30,180,sub30,J-B,S-P2,0.09389642676175147,,5,
A,same_participants,advised,30,180,sub31,J-B,S-P2,-0.040611269132834193,,15,
A,same_participants,advised,30,180,sub33,J-B,S-P2,-0.2924213668271305,,20,
A,same_participants,advised,30,180,sub35,J-B,S-P2,-0.06625082887990819,,12,
A,same_participants,advised,30,180,sub36,J-B,S-P2,-0.09753678516801279,,14,
A,same_participants,advised,30,180,sub37,J-B,S-P2,-0.10709446796813549,,15,
A,same_participants,advised,30,180,sub38,J-B,S-P2,0.0050847827804909596,,10,
A,same_participants,advised,30,180,sub41,J-B,S-P2,0.022983965220244373,,10,
A,same_participants,advised,30,180,sub42,J-B,S-P2,-0.14655005556323042,,18,
A,same_participants,advised,30,180,sub01,J-B,S-P3,-0.18938756158776815,,19,
A,same_participants,advised,30,180,sub03,J-B,S-P3,0.19479713476762917,,2,
A,same_participants,advised,30,180,sub04,J-B,S-P3,0.7572019139737387,,1,
A,same_participants,advised,30,180,sub06,J-B,S-P3,0.4470536435182828,,3,
A,same_participants,advised,30,180,sub07,J-B,S-P3,0.11706141691526561,,3,
A,same_participants,advised,30,180,sub08,J-B,S-P3,-0.31532949860801773,,20,
A,same_participants,advised,30,180,sub09,J-B,S-P3,0.011644364864494161,,10,
A,same_participants,advised,30,180,sub10,J-B,S-P3,-0.014747839158953169,,13,
A,same_participants,advised,30,180,sub11,J-B,S-P3,-0.019613614604234275,,14,
A,same_participants,advised,30,180,sub12,J-B,S-P3,0.18555409938994316,,1,
A,same_participants,advised,30,180,sub13,J-B,S-P3,-0.0024731421288970434,,12,
A,same_participants,advised,30,180,sub14,J-B,S-P3,0.04285999242198657,,7,
A,same_participants,advised,30,180,sub17,J-B,S-P3,-0.0853999164686925,,16,
A,same_participants,advised,30,180,sub18,J-B,S-P3,-0.21555766066086224,,14,
A,same_participants,advised,30,180,sub19,J-B,S-P3,-0.6175141752758159,,20,
A,same_participants,advised,30,180,sub21,J-B,S-P3,-0.12359095216986349,,16,
A,same_participants,advised,30,180,sub22,J-B,S-P3,-0.13117443308251026,,20,
A,same_participants,advised,30,180,sub23,J-B,S-P3,-0.22366882815411449,,19,
A,same_participants,advised,30,180,sub24,J-B,S-P3,-0.01800891898846757,,14,
A,same_participants,advised,30,180,sub25,J-B,S-P3,0.03801080376552002,,5,
A,same_participants,advised,30,180,sub27,J-B,S-P3,-0.052889732698161884,,15,
A,same_participants,advised,30,180,sub30,J-B,S-P3,0.02969707905511476,,8,
A,same_participants,advised,30,180,sub31,J-B,S-P3,-0.0899183063823612,,17,
A,same_participants,advised,30,180,sub33,J-B,S-P3,-0.3112100997620502,,20,
A,same_participants,advised,30,180,sub35,J-B,S-P3,-0.04527523265467992,,12,
A,same_participants,advised,30,180,sub36,J-B,S-P3,-0.12630777008497396,,15,
A,same_participants,advised,30,180,sub37,J-B,S-P3,-0.10899312540541994,,17,
A,same_participants,advised,30,180,sub38,J-B,S-P3,0.0017953448672217709,,10,
A,same_participants,advised,30,180,sub41,J-B,S-P3,-0.032207592517011996,,12,
A,same_participants,advised,30,180,sub42,J-B,S-P3,-0.1015470296367944,,17,
A,same_participants,advised,30,180,sub01,J-B,S-P2P3,-0.1964775371240569,,19,
A,same_participants,advised,30,180,sub03,J-B,S-P2P3,0.18246556763393484,,2,
A,same_participants,advised,30,180,sub04,J-B,S-P2P3,0.792566316354067,,1,
A,same_participants,advised,30,180,sub06,J-B,S-P2P3,0.6094184455267285,,1,
A,same_participants,advised,30,180,sub07,J-B,S-P2P3,0.10686114228575194,,4,
A,same_participants,advised,30,180,sub08,J-B,S-P2P3,-0.3446027255773745,,20,
A,same_participants,advised,30,180,sub09,J-B,S-P2P3,0.016103977477969877,,10,
A,same_participants,advised,30,180,sub10,J-B,S-P2P3,-0.02095412150623277,,14,
A,same_participants,advised,30,180,sub11,J-B,S-P2P3,-0.03334746848113157,,18,
A,same_participants,advised,30,180,sub12,J-B,S-P2P3,0.17086502042999363,,2,
A,same_participants,advised,30,180,sub13,J-B,S-P2P3,0.06306788500075544,,6,
A,same_participants,advised,30,180,sub14,J-B,S-P2P3,0.08113118174349987,,5,
A,same_participants,advised,30,180,sub17,J-B,S-P2P3,-0.026907780715070273,,11,
A,same_participants,advised,30,180,sub18,J-B,S-P2P3,-0.2046540381495765,,13,
A,same_participants,advised,30,180,sub19,J-B,S-P2P3,-0.6585841578466822,,20,
A,same_participants,advised,30,180,sub21,J-B,S-P2P3,-0.14082752173504676,,16,
A,same_participants,advised,30,180,sub22,J-B,S-P2P3,-0.05419965146593708,,18,
A,same_participants,advised,30,180,sub23,J-B,S-P2P3,-0.24792091793504056,,19,
A,same_participants,advised,30,180,sub24,J-B,S-P2P3,0.050120605876761815,,3,
A,same_participants,advised,30,180,sub25,J-B,S-P2P3,0.028483527496495298,,6,
A,same_participants,advised,30,180,sub27,J-B,S-P2P3,-0.08380009701474156,,17,
A,same_participants,advised,30,180,sub30,J-B,S-P2P3,0.06659725426216645,,6,
A,same_participants,advised,30,180,sub31,J-B,S-P2P3,-0.09018466282280557,,17,
A,same_participants,advised,30,180,sub33,J-B,S-P2P3,-0.3336468796902393,,20,
A,same_participants,advised,30,180,sub35,J-B,S-P2P3,-0.055977629855529676,,12,
A,same_participants,advised,30,180,sub36,J-B,S-P2P3,-0.12043927809998178,,15,
A,same_participants,advised,30,180,sub37,J-B,S-P2P3,-0.12495330420489392,,17,
A,same_participants,advised,30,180,sub38,J-B,S-P2P3,0.002964334470133445,,10,
A,same_participants,advised,30,180,sub41,J-B,S-P2P3,-0.0012103019117835068,,11,
A,same_participants,advised,30,180,sub42,J-B,S-P2P3,-0.1348638127840096,,17,
A,same_participants,advised,30,180,sub01,J-B,S-valid,-0.19019178615625676,,19,
A,same_participants,advised,30,180,sub03,J-B,S-valid,0.19297448059758393,,2,
A,same_participants,advised,30,180,sub04,J-B,S-valid,0.5874671815606629,,1,
A,same_participants,advised,30,180,sub06,J-B,S-valid,0.10590590717204851,,5,
A,same_participants,advised,30,180,sub07,J-B,S-valid,0.11400379883465217,,3,
A,same_participants,advised,30,180,sub08,J-B,S-valid,-0.3576596413671339,,20,
A,same_participants,advised,30,180,sub09,J-B,S-valid,-0.053509546258202034,,16,
A,same_participants,advised,30,180,sub10,J-B,S-valid,-0.022730284882706897,,14,
A,same_participants,advised,30,180,sub11,J-B,S-valid,-0.0625776773966582,,20,
A,same_participants,advised,30,180,sub12,J-B,S-valid,0.11891313077819665,,2,
A,same_participants,advised,30,180,sub13,J-B,S-valid,0.037221087028234345,,6,
A,same_participants,advised,30,180,sub14,J-B,S-valid,0.08021814618677858,,5,
A,same_participants,advised,30,180,sub17,J-B,S-valid,0.006218723902402856,,10,
A,same_participants,advised,30,180,sub18,J-B,S-valid,-0.23108459231574785,,14,
A,same_participants,advised,30,180,sub19,J-B,S-valid,-0.7582918133347155,,20,
A,same_participants,advised,30,180,sub21,J-B,S-valid,-0.1922117856415091,,17,
A,same_participants,advised,30,180,sub22,J-B,S-valid,-0.0607334292529666,,18,
A,same_participants,advised,30,180,sub23,J-B,S-valid,-0.26197915216965173,,19,
A,same_participants,advised,30,180,sub24,J-B,S-valid,0.045024880613777185,,4,
A,same_participants,advised,30,180,sub25,J-B,S-valid,0.0524292907100371,,2,
A,same_participants,advised,30,180,sub27,J-B,S-valid,-0.11278665747770178,,18,
A,same_participants,advised,30,180,sub30,J-B,S-valid,0.05978201101440783,,7,
A,same_participants,advised,30,180,sub31,J-B,S-valid,-0.09557526421481666,,17,
A,same_participants,advised,30,180,sub33,J-B,S-valid,-0.3431190330106372,,20,
A,same_participants,advised,30,180,sub35,J-B,S-valid,-0.04414069114722419,,11,
A,same_participants,advised,30,180,sub36,J-B,S-valid,-0.10007752466574316,,15,
A,same_participants,advised,30,180,sub37,J-B,S-valid,-0.13378527688931663,,16,
A,same_participants,advised,30,180,sub38,J-B,S-valid,0.027183349110520005,,10,
A,same_participants,advised,30,180,sub41,J-B,S-valid,2.674336139696365e-05,,10,
A,same_participants,advised,30,180,sub42,J-B,S-valid,-0.14362152594268895,,17,
A,at_least_2_plus_2,advised,36,208,sub01,J-D,jumpHeight,-0.006255578857322253,-0.32077351923570824,,
A,at_least_2_plus_2,advised,36,208,sub02,J-D,jumpHeight,-0.0010533109840437094,,,
A,at_least_2_plus_2,advised,36,208,sub03,J-D,jumpHeight,0.0014738371265256844,0.09825580843504564,,
A,at_least_2_plus_2,advised,36,208,sub04,J-D,jumpHeight,-0.0031366319818915134,-0.17798692225549667,,
A,at_least_2_plus_2,advised,36,208,sub06,J-D,jumpHeight,-0.0009254698854745391,-0.048087252397559475,,
A,at_least_2_plus_2,advised,36,208,sub07,J-D,jumpHeight,0.003347910633428375,0.1636978084090407,,
A,at_least_2_plus_2,advised,36,208,sub08,J-D,jumpHeight,-0.0020728409596112995,-0.11482244535797084,,
A,at_least_2_plus_2,advised,36,208,sub09,J-D,jumpHeight,-0.035769320737267796,-2.342273338117751,,
A,at_least_2_plus_2,advised,36,208,sub10,J-D,jumpHeight,0.0066921489690609515,0.393098550430662,,
A,at_least_2_plus_2,advised,36,208,sub11,J-D,jumpHeight,-0.013206611349434128,-0.7414489787051579,,
A,at_least_2_plus_2,advised,36,208,sub12,J-D,jumpHeight,-0.018740478167514646,-1.2316010407756393,,
A,at_least_2_plus_2,advised,36,208,sub13,J-D,jumpHeight,-0.004135163470726455,-0.275677564715097,,
A,at_least_2_plus_2,advised,36,208,sub14,J-D,jumpHeight,-0.012493456492415345,-0.7071468338786469,,
A,at_least_2_plus_2,advised,36,208,sub15,J-D,jumpHeight,-0.0025834197692526373,,,
A,at_least_2_plus_2,advised,36,208,sub16,J-D,jumpHeight,0.01820625247245683,,,
A,at_least_2_plus_2,advised,36,208,sub17,J-D,jumpHeight,-0.012644636897082784,-0.5544135316734858,,
A,at_least_2_plus_2,advised,36,208,sub18,J-D,jumpHeight,-0.008269397981754745,-0.3061518027052725,,
A,at_least_2_plus_2,advised,36,208,sub19,J-D,jumpHeight,-0.01878805848868098,-1.1100666638106067,,
A,at_least_2_plus_2,advised,36,208,sub21,J-D,jumpHeight,-0.008281032649288422,-0.3155323064907828,,
A,at_least_2_plus_2,advised,36,208,sub22,J-D,jumpHeight,0.007636842571334457,0.43512847452959236,,
A,at_least_2_plus_2,advised,36,208,sub23,J-D,jumpHeight,-0.018380817065571042,-0.9742496641195637,,
A,at_least_2_plus_2,advised,36,208,sub24,J-D,jumpHeight,-0.007760992956048762,-0.32753586915031796,,
A,at_least_2_plus_2,advised,36,208,sub25,J-D,jumpHeight,-0.0002469988752709096,-0.014718631109395875,,
A,at_least_2_plus_2,advised,36,208,sub26,J-D,jumpHeight,-0.006073200885564178,,,
A,at_least_2_plus_2,advised,36,208,sub27,J-D,jumpHeight,-0.01775568153639573,-1.1597516607996836,,
A,at_least_2_plus_2,advised,36,208,sub30,J-D,jumpHeight,-0.014337620188615674,-0.6623307978447083,,
A,at_least_2_plus_2,advised,36,208,sub31,J-D,jumpHeight,0.009377961221021192,0.4459220075629789,,
A,at_least_2_plus_2,advised,36,208,sub33,J-D,jumpHeight,-0.03128622610138804,-1.3095908204529256,,
A,at_least_2_plus_2,advised,36,208,sub35,J-D,jumpHeight,0.003889026294563669,0.21549051022696572,,
A,at_least_2_plus_2,advised,36,208,sub36,J-D,jumpHeight,0.0011170591933857277,0.055486634180024356,,
A,at_least_2_plus_2,advised,36,208,sub37,J-D,jumpHeight,0.010106312828465747,0.5790407176694687,,
A,at_least_2_plus_2,advised,36,208,sub38,J-D,jumpHeight,-0.0006225801139377873,-0.03337199049959731,,
A,at_least_2_plus_2,advised,36,208,sub41,J-D,jumpHeight,-0.0252607129720423,-1.1928354019057412,,
A,at_least_2_plus_2,advised,36,208,sub42,J-D,jumpHeight,-0.021984319640210748,-0.9829301417502244,,
A,at_least_2_plus_2,advised,36,208,sub43,J-D,jumpHeight,-0.03741875019505286,,,
A,at_least_2_plus_2,advised,36,208,sub44,J-D,jumpHeight,-0.010910668577140625,,,
A,at_least_2_plus_2,advised,36,208,sub01,J-D,countermovementDepth,0.030009616917058057,1.134644654715523,,
A,at_least_2_plus_2,advised,36,208,sub02,J-D,countermovementDepth,-0.026199926834227394,,,
A,at_least_2_plus_2,advised,36,208,sub03,J-D,countermovementDepth,0.011760355749591417,0.5880177874795708,,
A,at_least_2_plus_2,advised,36,208,sub04,J-D,countermovementDepth,0.042596774896960676,1.0144726613583406,,
A,at_least_2_plus_2,advised,36,208,sub06,J-D,countermovementDepth,-0.012062014787596664,-0.6031007393798332,,
A,at_least_2_plus_2,advised,36,208,sub07,J-D,countermovementDepth,-0.010558272023054371,-0.5279136011527186,,
A,at_least_2_plus_2,advised,36,208,sub08,J-D,countermovementDepth,0.04441071559184068,2.220535779592034,,
A,at_least_2_plus_2,advised,36,208,sub09,J-D,countermovementDepth,-0.027511090854802855,-1.2943785155501684,,
A,at_least_2_plus_2,advised,36,208,sub10,J-D,countermovementDepth,0.004010603857171474,0.2005301928585737,,
A,at_least_2_plus_2,advised,36,208,sub11,J-D,countermovementDepth,-0.004798759061968638,-0.2055038264279467,,
A,at_least_2_plus_2,advised,36,208,sub12,J-D,countermovementDepth,-0.00014319356464692623,-0.0071596782323463115,,
A,at_least_2_plus_2,advised,36,208,sub13,J-D,countermovementDepth,0.014494271681548349,0.6621666754125428,,
A,at_least_2_plus_2,advised,36,208,sub14,J-D,countermovementDepth,-0.00420985536662094,-0.21049276833104702,,
A,at_least_2_plus_2,advised,36,208,sub15,J-D,countermovementDepth,-0.04054538048634107,,,
A,at_least_2_plus_2,advised,36,208,sub16,J-D,countermovementDepth,0.027208355130324213,,,
A,at_least_2_plus_2,advised,36,208,sub17,J-D,countermovementDepth,0.012249926289724988,0.5975852612911275,,
A,at_least_2_plus_2,advised,36,208,sub18,J-D,countermovementDepth,0.018623448803351317,0.833599070369507,,
A,at_least_2_plus_2,advised,36,208,sub19,J-D,countermovementDepth,0.010441463414160412,0.33679427976191906,,
A,at_least_2_plus_2,advised,36,208,sub21,J-D,countermovementDepth,-0.0236254764837589,-1.0939106398467344,,
A,at_least_2_plus_2,advised,36,208,sub22,J-D,countermovementDepth,-0.013466026021849598,-0.6733013010924799,,
A,at_least_2_plus_2,advised,36,208,sub23,J-D,countermovementDepth,-0.004573415510625178,-0.22867077553125892,,
A,at_least_2_plus_2,advised,36,208,sub24,J-D,countermovementDepth,-0.002321332416944266,-0.10838368869488775,,
A,at_least_2_plus_2,advised,36,208,sub25,J-D,countermovementDepth,0.016151973343206227,0.8075986671603114,,
A,at_least_2_plus_2,advised,36,208,sub26,J-D,countermovementDepth,0.07085562735352408,,,
A,at_least_2_plus_2,advised,36,208,sub27,J-D,countermovementDepth,0.010586879661566795,0.5293439830783397,,
A,at_least_2_plus_2,advised,36,208,sub30,J-D,countermovementDepth,0.03141082720944133,0.998789334507633,,
A,at_least_2_plus_2,advised,36,208,sub31,J-D,countermovementDepth,0.0005847364747882389,0.028806202130878093,,
A,at_least_2_plus_2,advised,36,208,sub33,J-D,countermovementDepth,0.02151855237323222,1.075927618661611,,
A,at_least_2_plus_2,advised,36,208,sub35,J-D,countermovementDepth,0.004433304296141943,0.1715250569975785,,
A,at_least_2_plus_2,advised,36,208,sub36,J-D,countermovementDepth,-0.040206022924603985,-1.0374128192561995,,
A,at_least_2_plus_2,advised,36,208,sub37,J-D,countermovementDepth,-0.02122413913553206,-0.9213534285610148,,
A,at_least_2_plus_2,advised,36,208,sub38,J-D,countermovementDepth,-0.009943383670752232,-0.3443390078818414,,
A,at_least_2_plus_2,advised,36,208,sub41,J-D,countermovementDepth,0.005960039012276819,0.15813916215018917,,
A,at_least_2_plus_2,advised,36,208,sub42,J-D,countermovementDepth,0.021153515968757586,0.7846177255042924,,
A,at_least_2_plus_2,advised,36,208,sub43,J-D,countermovementDepth,-0.03715295122311635,,,
A,at_least_2_plus_2,advised,36,208,sub44,J-D,countermovementDepth,0.006073798566090249,,,
A,at_least_2_plus_2,advised,36,208,sub01,J-D,trunkLean,2.464892412467293,0.805604502228261,,
A,at_least_2_plus_2,advised,36,208,sub02,J-D,trunkLean,-3.6374847741033633,,,
A,at_least_2_plus_2,advised,36,208,sub03,J-D,trunkLean,7.190133876591219,1.8323299923389864,,
A,at_least_2_plus_2,advised,36,208,sub04,J-D,trunkLean,2.6197170885221652,0.8242991944513874,,
A,at_least_2_plus_2,advised,36,208,sub06,J-D,trunkLean,4.804984364132075,1.8440181640439455,,
A,at_least_2_plus_2,advised,36,208,sub07,J-D,trunkLean,-2.9672765556838527,-1.0594749999755555,,
A,at_least_2_plus_2,advised,36,208,sub08,J-D,trunkLean,6.492164398116699,2.2334949650176243,,
A,at_least_2_plus_2,advised,36,208,sub09,J-D,trunkLean,1.5915056676927009,0.41703445727251987,,
A,at_least_2_plus_2,advised,36,208,sub10,J-D,trunkLean,1.2097242284508098,0.5329975529507608,,
A,at_least_2_plus_2,advised,36,208,sub11,J-D,trunkLean,1.806623270722973,0.5404471817063462,,
A,at_least_2_plus_2,advised,36,208,sub12,J-D,trunkLean,-1.1845822991940125,-0.3506408949776898,,
A,at_least_2_plus_2,advised,36,208,sub13,J-D,trunkLean,5.5459283555676535,1.7407776957640149,,
A,at_least_2_plus_2,advised,36,208,sub14,J-D,trunkLean,-3.542257850466708,-0.8086834116702213,,
A,at_least_2_plus_2,advised,36,208,sub15,J-D,trunkLean,4.764614378494834,,,
A,at_least_2_plus_2,advised,36,208,sub16,J-D,trunkLean,-3.0647274181616098,,,
A,at_least_2_plus_2,advised,36,208,sub17,J-D,trunkLean,0.8336756374669605,0.19083063710861606,,
A,at_least_2_plus_2,advised,36,208,sub18,J-D,trunkLean,4.128956914498936,0.3993554034582455,,
A,at_least_2_plus_2,advised,36,208,sub19,J-D,trunkLean,-5.587366104556779,-1.192261895040466,,
A,at_least_2_plus_2,advised,36,208,sub21,J-D,trunkLean,10.066337230482219,1.7295628572190358,,
A,at_least_2_plus_2,advised,36,208,sub22,J-D,trunkLean,0.45472530599916183,0.18165650940721367,,
A,at_least_2_plus_2,advised,36,208,sub23,J-D,trunkLean,4.851018037216434,0.8515788140058702,,
A,at_least_2_plus_2,advised,36,208,sub24,J-D,trunkLean,5.895036918005729,1.746940216476334,,
A,at_least_2_plus_2,advised,36,208,sub25,J-D,trunkLean,2.3525830544505695,0.8768430077727696,,
A,at_least_2_plus_2,advised,36,208,sub26,J-D,trunkLean,14.825032531278893,,,
A,at_least_2_plus_2,advised,36,208,sub27,J-D,trunkLean,0.8587075973088147,0.16764118380348358,,
A,at_least_2_plus_2,advised,36,208,sub30,J-D,trunkLean,7.451502363232713,1.7381276724021528,,
A,at_least_2_plus_2,advised,36,208,sub31,J-D,trunkLean,1.5074196672210718,0.6486598656246432,,
A,at_least_2_plus_2,advised,36,208,sub33,J-D,trunkLean,8.470390049473998,1.8783284814027361,,
A,at_least_2_plus_2,advised,36,208,sub35,J-D,trunkLean,3.664509120688571,1.1746330126325208,,
A,at_least_2_plus_2,advised,36,208,sub36,J-D,trunkLean,-3.5533239489339863,-0.9289722526411882,,
A,at_least_2_plus_2,advised,36,208,sub37,J-D,trunkLean,-8.688232046831736,-1.18266111164718,,
A,at_least_2_plus_2,advised,36,208,sub38,J-D,trunkLean,-0.5071433465770383,-0.12131745759326396,,
A,at_least_2_plus_2,advised,36,208,sub41,J-D,trunkLean,0.7623118257772816,0.25842506397050574,,
A,at_least_2_plus_2,advised,36,208,sub42,J-D,trunkLean,-1.0452567555249317,-0.22906316254597034,,
A,at_least_2_plus_2,advised,36,208,sub43,J-D,trunkLean,-4.063319873259466,,,
A,at_least_2_plus_2,advised,36,208,sub44,J-D,trunkLean,1.4110100371148988,,,
A,at_least_2_plus_2,advised,36,208,sub01,J-D,landingKneeFlex,-0.27963286875780113,-0.049615798802130476,,
A,at_least_2_plus_2,advised,36,208,sub02,J-D,landingKneeFlex,-3.6678637520678308,,,
A,at_least_2_plus_2,advised,36,208,sub03,J-D,landingKneeFlex,-4.768095481890768,-1.0972923011753535,,
A,at_least_2_plus_2,advised,36,208,sub04,J-D,landingKneeFlex,4.4144397374686974,1.1793736514666375,,
A,at_least_2_plus_2,advised,36,208,sub06,J-D,landingKneeFlex,-1.7962217184112887,-0.5987405728037629,,
A,at_least_2_plus_2,advised,36,208,sub07,J-D,landingKneeFlex,0.5258254961042894,0.16954002770526042,,
A,at_least_2_plus_2,advised,36,208,sub08,J-D,landingKneeFlex,1.1667581181250313,0.38891937270834376,,
A,at_least_2_plus_2,advised,36,208,sub09,J-D,landingKneeFlex,-3.402482268318039,-0.8787326548841428,,
A,at_least_2_plus_2,advised,36,208,sub10,J-D,landingKneeFlex,-0.5624932348331555,-0.18749774494438518,,
A,at_least_2_plus_2,advised,36,208,sub11,J-D,landingKneeFlex,8.180365205718672,1.650969721757699,,
A,at_least_2_plus_2,advised,36,208,sub12,J-D,landingKneeFlex,-1.1649797525785033,-0.38832658419283445,,
A,at_least_2_plus_2,advised,36,208,sub13,J-D,landingKneeFlex,1.764123261547681,0.4695591306377563,,
A,at_least_2_plus_2,advised,36,208,sub14,J-D,landingKneeFlex,3.0900383706050576,1.0300127902016858,,
A,at_least_2_plus_2,advised,36,208,sub15,J-D,landingKneeFlex,-3.1122134994360096,,,
A,at_least_2_plus_2,advised,36,208,sub16,J-D,landingKneeFlex,-0.8000382902742444,,,
A,at_least_2_plus_2,advised,36,208,sub17,J-D,landingKneeFlex,4.620623015527407,0.8302515157512618,,
A,at_least_2_plus_2,advised,36,208,sub18,J-D,landingKneeFlex,-1.0664029850490877,-0.14510928216071156,,
A,at_least_2_plus_2,advised,36,208,sub19,J-D,landingKneeFlex,3.774857764034394,0.9580171739792175,,
A,at_least_2_plus_2,advised,36,208,sub21,J-D,landingKneeFlex,6.819219036578481,1.2796114940635064,,
A,at_least_2_plus_2,advised,36,208,sub22,J-D,landingKneeFlex,0.06952086686707304,0.021965982569390995,,
A,at_least_2_plus_2,advised,36,208,sub23,J-D,landingKneeFlex,-3.81407552076908,-0.8555771003288554,,
A,at_least_2_plus_2,advised,36,208,sub24,J-D,landingKneeFlex,2.5821938515179426,0.8607312838393142,,
A,at_least_2_plus_2,advised,36,208,sub25,J-D,landingKneeFlex,3.251709003632243,0.9949557650647818,,
A,at_least_2_plus_2,advised,36,208,sub26,J-D,landingKneeFlex,25.17758559123508,,,
A,at_least_2_plus_2,advised,36,208,sub27,J-D,landingKneeFlex,-10.270469227784247,-3.353084977045945,,
A,at_least_2_plus_2,advised,36,208,sub30,J-D,landingKneeFlex,4.910423183701653,0.9360238439022385,,
A,at_least_2_plus_2,advised,36,208,sub31,J-D,landingKneeFlex,-5.9571037775308895,-1.0195737773448617,,
A,at_least_2_plus_2,advised,36,208,sub33,J-D,landingKneeFlex,0.016880276655243165,0.005014887092002876,,
A,at_least_2_plus_2,advised,36,208,sub35,J-D,landingKneeFlex,0.19188433749660305,0.03325718462963057,,
A,at_least_2_plus_2,advised,36,208,sub36,J-D,landingKneeFlex,-2.963057567260705,-0.8416184118128368,,
A,at_least_2_plus_2,advised,36,208,sub37,J-D,landingKneeFlex,-3.167275544323452,-0.6355223542334333,,
A,at_least_2_plus_2,advised,36,208,sub38,J-D,landingKneeFlex,3.513159929513023,1.1710533098376743,,
A,at_least_2_plus_2,advised,36,208,sub41,J-D,landingKneeFlex,2.7592057477987595,0.8762451031131623,,
A,at_least_2_plus_2,advised,36,208,sub42,J-D,landingKneeFlex,0.4357436893635054,0.09505501906355937,,
A,at_least_2_plus_2,advised,36,208,sub43,J-D,landingKneeFlex,-2.7414032601385685,,,
A,at_least_2_plus_2,advised,36,208,sub44,J-D,landingKneeFlex,6.657581517159841,,,
A,at_least_2_plus_2,advised,36,208,sub01,J-D,rsiMod,-0.08392470610646807,-1.6374907219707031,,
A,at_least_2_plus_2,advised,36,208,sub02,J-D,rsiMod,0.06803654469024667,,,
A,at_least_2_plus_2,advised,36,208,sub03,J-D,rsiMod,-0.050154904177766746,-2.2252864702986304,,
A,at_least_2_plus_2,advised,36,208,sub04,J-D,rsiMod,-0.07541949107874488,-2.7722255958606383,,
A,at_least_2_plus_2,advised,36,208,sub06,J-D,rsiMod,-0.05495489449756413,-1.2605303263224652,,
A,at_least_2_plus_2,advised,36,208,sub07,J-D,rsiMod,0.09662778235191816,0.953144512031062,,
A,at_least_2_plus_2,advised,36,208,sub08,J-D,rsiMod,-0.09102137529222776,-2.2827004412320755,,
A,at_least_2_plus_2,advised,36,208,sub09,J-D,rsiMod,-0.06767149194262284,-2.0659789244683155,,
A,at_least_2_plus_2,advised,36,208,sub10,J-D,rsiMod,0.03625019522040429,0.6684051377520288,,
A,at_least_2_plus_2,advised,36,208,sub11,J-D,rsiMod,-0.05242584157621882,-0.7587412713463944,,
A,at_least_2_plus_2,advised,36,208,sub12,J-D,rsiMod,-0.026290872149043215,-1.1518656080469538,,
A,at_least_2_plus_2,advised,36,208,sub13,J-D,rsiMod,-0.049877251548737955,-1.1971176440704967,,
A,at_least_2_plus_2,advised,36,208,sub14,J-D,rsiMod,-0.023137990274604614,-0.5458271149827418,,
A,at_least_2_plus_2,advised,36,208,sub15,J-D,rsiMod,-0.07514951830437089,,,
A,at_least_2_plus_2,advised,36,208,sub16,J-D,rsiMod,0.0925474375063271,,,
A,at_least_2_plus_2,advised,36,208,sub17,J-D,rsiMod,-0.05276984101892829,-0.9095541708272297,,
A,at_least_2_plus_2,advised,36,208,sub18,J-D,rsiMod,0.06382856498843681,0.9583096077845566,,
A,at_least_2_plus_2,advised,36,208,sub19,J-D,rsiMod,0.07389037819944405,1.8766357965163678,,
A,at_least_2_plus_2,advised,36,208,sub21,J-D,rsiMod,0.02060710071754951,0.4653073560395076,,
A,at_least_2_plus_2,advised,36,208,sub22,J-D,rsiMod,-0.01125513015317331,-0.35345516800666915,,
A,at_least_2_plus_2,advised,36,208,sub23,J-D,rsiMod,-0.06727894311358018,-1.0700646883383842,,
A,at_least_2_plus_2,advised,36,208,sub24,J-D,rsiMod,-0.02041966640340831,-0.37016272826155927,,
A,at_least_2_plus_2,advised,36,208,sub25,J-D,rsiMod,0.01898312975111427,0.34422904253696746,,
A,at_least_2_plus_2,advised,36,208,sub26,J-D,rsiMod,-0.15609513533463615,,,
A,at_least_2_plus_2,advised,36,208,sub27,J-D,rsiMod,-0.03683244142932596,-1.5871963845126753,,
A,at_least_2_plus_2,advised,36,208,sub30,J-D,rsiMod,-0.10029750032556328,-0.9303375355391388,,
A,at_least_2_plus_2,advised,36,208,sub31,J-D,rsiMod,0.027547798324180972,0.4138189890744692,,
A,at_least_2_plus_2,advised,36,208,sub33,J-D,rsiMod,-0.14262280002891248,-2.554375621548993,,
A,at_least_2_plus_2,advised,36,208,sub35,J-D,rsiMod,0.013118661669445641,0.2999924304282909,,
A,at_least_2_plus_2,advised,36,208,sub36,J-D,rsiMod,0.10077268068976031,1.2317509471043773,,
A,at_least_2_plus_2,advised,36,208,sub37,J-D,rsiMod,-0.041470562892921614,-0.41309786683018007,,
A,at_least_2_plus_2,advised,36,208,sub38,J-D,rsiMod,0.04552653071717111,0.658705544538563,,
A,at_least_2_plus_2,advised,36,208,sub41,J-D,rsiMod,-0.03205003275050844,-1.2703617692969007,,
A,at_least_2_plus_2,advised,36,208,sub42,J-D,rsiMod,-0.06231196262965544,-1.39782764724794,,
A,at_least_2_plus_2,advised,36,208,sub43,J-D,rsiMod,-0.018676914038391446,,,
A,at_least_2_plus_2,advised,36,208,sub44,J-D,rsiMod,0.047478670903969955,,,
A,at_least_2_plus_2,advised,36,208,sub01,J-D,eccentricDuration,0.02090716837555795,0.5226792093889487,,
A,at_least_2_plus_2,advised,36,208,sub02,J-D,eccentricDuration,-0.037066279266536106,,,
A,at_least_2_plus_2,advised,36,208,sub03,J-D,eccentricDuration,0.13890176224443906,1.7735010121637362,,
A,at_least_2_plus_2,advised,36,208,sub04,J-D,eccentricDuration,0.35358935360147614,2.3334263853581816,,
A,at_least_2_plus_2,advised,36,208,sub06,J-D,eccentricDuration,0.05099584117471678,0.5285006786130692,,
A,at_least_2_plus_2,advised,36,208,sub07,J-D,eccentricDuration,-0.11793518098415556,-1.03445843247463,,
A,at_least_2_plus_2,advised,36,208,sub08,J-D,eccentricDuration,0.0664557990432108,1.6613949760802702,,
A,at_least_2_plus_2,advised,36,208,sub09,J-D,eccentricDuration,0.05101972597748661,1.008697594927505,,
A,at_least_2_plus_2,advised,36,208,sub10,J-D,eccentricDuration,-0.026894589832404503,-0.6330704297400477,,
A,at_least_2_plus_2,advised,36,208,sub11,J-D,eccentricDuration,0.06491544570121272,1.152009615825813,,
A,at_least_2_plus_2,advised,36,208,sub12,J-D,eccentricDuration,-0.008695834185465268,-0.2173958546366317,,
A,at_least_2_plus_2,advised,36,208,sub13,J-D,eccentricDuration,0.04297887932367028,1.0713708928724621,,
A,at_least_2_plus_2,advised,36,208,sub14,J-D,eccentricDuration,0.021363080339099172,0.2953494522628296,,
A,at_least_2_plus_2,advised,36,208,sub15,J-D,eccentricDuration,0.12039182093086692,,,
A,at_least_2_plus_2,advised,36,208,sub16,J-D,eccentricDuration,-0.021839290951636003,,,
A,at_least_2_plus_2,advised,36,208,sub17,J-D,eccentricDuration,0.04455495719850633,0.45018485769201105,,
A,at_least_2_plus_2,advised,36,208,sub18,J-D,eccentricDuration,-0.25041711721060944,-0.8260695957049197,,
A,at_least_2_plus_2,advised,36,208,sub19,J-D,eccentricDuration,-0.48923136555935165,-4.164171063094173,,
A,at_least_2_plus_2,advised,36,208,sub21,J-D,eccentricDuration,-0.08609918052232668,-0.7787875499249199,,
A,at_least_2_plus_2,advised,36,208,sub22,J-D,eccentricDuration,0.03656308376127626,0.6604388085561044,,
A,at_least_2_plus_2,advised,36,208,sub23,J-D,eccentricDuration,0.03185753733531438,0.7964384333828595,,
A,at_least_2_plus_2,advised,36,208,sub24,J-D,eccentricDuration,-0.001580189080479577,-0.03934405367641891,,
A,at_least_2_plus_2,advised,36,208,sub25,J-D,eccentricDuration,-0.04741700059510223,-0.6236605108482635,,
A,at_least_2_plus_2,advised,36,208,sub26,J-D,eccentricDuration,0.05158271313141338,,,
A,at_least_2_plus_2,advised,36,208,sub27,J-D,eccentricDuration,0.014226108476604882,0.35565271191512204,,
A,at_least_2_plus_2,advised,36,208,sub30,J-D,eccentricDuration,0.04504038600142202,0.6485901068004927,,
A,at_least_2_plus_2,advised,36,208,sub31,J-D,eccentricDuration,-0.007705928972635556,-0.1926482243158889,,
A,at_least_2_plus_2,advised,36,208,sub33,J-D,eccentricDuration,0.06139658353452393,1.5349145883630981,,
A,at_least_2_plus_2,advised,36,208,sub35,J-D,eccentricDuration,-0.015329443507721918,-0.29673360551995664,,
A,at_least_2_plus_2,advised,36,208,sub36,J-D,eccentricDuration,-0.14284747377510348,-0.8713513900577621,,
A,at_least_2_plus_2,advised,36,208,sub37,J-D,eccentricDuration,0.12962995223761176,1.0802650423704736,,
A,at_least_2_plus_2,advised,36,208,sub38,J-D,eccentricDuration,-0.03926808589201142,-0.651717085380688,,
A,at_least_2_plus_2,advised,36,208,sub41,J-D,eccentricDuration,0.018220676329086527,0.43942448801071105,,
A,at_least_2_plus_2,advised,36,208,sub42,J-D,eccentricDuration,0.033532916028574444,0.8383229007143611,,
A,at_least_2_plus_2,advised,36,208,sub43,J-D,eccentricDuration,-0.026426815735513587,,,
A,at_least_2_plus_2,advised,36,208,sub44,J-D,eccentricDuration,-0.02833814750239788,,,
A,at_least_2_plus_2,advised,36,208,sub01,J-D,flightTime,-0.022222222222222476,-0.5055674595784806,,
A,at_least_2_plus_2,advised,36,208,sub02,J-D,flightTime,0.027777777777778012,,,
A,at_least_2_plus_2,advised,36,208,sub03,J-D,flightTime,-0.022222222222222476,-0.5643500098761329,,
A,at_least_2_plus_2,advised,36,208,sub04,J-D,flightTime,0.022222222222222587,0.6944444444444559,,
A,at_least_2_plus_2,advised,36,208,sub06,J-D,flightTime,-0.05555555555555536,-1.2590374185984479,,
A,at_least_2_plus_2,advised,36,208,sub07,J-D,flightTime,0.03333333333333344,0.8040119451057067,,
A,at_least_2_plus_2,advised,36,208,sub08,J-D,flightTime,0.07777777777777783,1.7596445186299376,,
A,at_least_2_plus_2,advised,36,208,sub09,J-D,flightTime,-0.055555555555555025,-1.3873858875107419,,
A,at_least_2_plus_2,advised,36,208,sub10,J-D,flightTime,0.022222222222222365,0.6305069248032786,,
A,at_least_2_plus_2,advised,36,208,sub11,J-D,flightTime,-0.011111111111111183,-0.22147472791383035,,
A,at_least_2_plus_2,advised,36,208,sub12,J-D,flightTime,-0.022222222222222143,-0.8333333333333305,,
A,at_least_2_plus_2,advised,36,208,sub13,J-D,flightTime,0.022222222222222143,0.4618802153516987,,
A,at_least_2_plus_2,advised,36,208,sub14,J-D,flightTime,0.04444444444444429,1.3105941716567298,,
A,at_least_2_plus_2,advised,36,208,sub15,J-D,flightTime,-0.04999999999999993,,,
A,at_least_2_plus_2,advised,36,208,sub16,J-D,flightTime,0.0277777777777779,,,
A,at_least_2_plus_2,advised,36,208,sub17,J-D,flightTime,-0.03333333333333355,-0.45307537143206444,,
A,at_least_2_plus_2,advised,36,208,sub18,J-D,flightTime,-0.0444444444444444,-0.7481671309229101,,
A,at_least_2_plus_2,advised,36,208,sub19,J-D,flightTime,-0.09999999999999976,-1.348981518953192,,
A,at_least_2_plus_2,advised,36,208,sub21,J-D,flightTime,-0.02222222222222192,-0.4271223550377721,,
A,at_least_2_plus_2,advised,36,208,sub22,J-D,flightTime,-0.05555555555555558,-1.0958906513464644,,
A,at_least_2_plus_2,advised,36,208,sub23,J-D,flightTime,0.022222222222222476,0.5027555767514157,,
A,at_least_2_plus_2,advised,36,208,sub24,J-D,flightTime,-0.04444444444444429,-1.1547005383792515,,
A,at_least_2_plus_2,advised,36,208,sub25,J-D,flightTime,0.022222222222222143,0.5360079634038019,,
A,at_least_2_plus_2,advised,36,208,sub26,J-D,flightTime,-1.1102230246251565e-16,,,
A,at_least_2_plus_2,advised,36,208,sub27,J-D,flightTime,-0.02222222222222192,-0.2485497955151265,,
A,at_least_2_plus_2,advised,36,208,sub30,J-D,flightTime,-0.02222222222222192,-0.5123082046158911,,
A,at_least_2_plus_2,advised,36,208,sub31,J-D,flightTime,-0.0777777777777775,-2.430555555555546,,
A,at_least_2_plus_2,advised,36,208,sub33,J-D,flightTime,0.011111111111111072,0.3333333333333321,,
A,at_least_2_plus_2,advised,36,208,sub35,J-D,flightTime,-0.011111111111110628,-0.14838803449849725,,
A,at_least_2_plus_2,advised,36,208,sub36,J-D,flightTime,-0.04444444444444462,-0.888395533394109,,
A,at_least_2_plus_2,advised,36,208,sub37,J-D,flightTime,0.011111111111111294,0.22147472791383488,,
A,at_least_2_plus_2,advised,36,208,sub38,J-D,flightTime,0.011111111111111294,0.2045255759169333,,
A,at_least_2_plus_2,advised,36,208,sub41,J-D,flightTime,-0.022222222222222032,-0.40905115183385815,,
A,at_least_2_plus_2,advised,36,208,sub42,J-D,flightTime,0.011111111111111183,0.25615410230795066,,
A,at_least_2_plus_2,advised,36,208,sub43,J-D,flightTime,0.0277777777777779,,,
A,at_least_2_plus_2,advised,36,208,sub44,J-D,flightTime,-0.016666666666666607,,,
A,at_least_2_plus_2,advised,36,208,sub01,J-D,concentricDuration,0.022222222222222365,0.7407407407407456,,
A,at_least_2_plus_2,advised,36,208,sub02,J-D,concentricDuration,-0.027777777777778012,,,
A,at_least_2_plus_2,advised,36,208,sub03,J-D,concentricDuration,0.0222222222222222,0.5596127479783995,,
A,at_least_2_plus_2,advised,36,208,sub04,J-D,concentricDuration,0.1222222222222219,2.7340477506664262,,
A,at_least_2_plus_2,advised,36,208,sub06,J-D,concentricDuration,0.17777777777777792,1.8138997271737687,,
A,at_least_2_plus_2,advised,36,208,sub07,J-D,concentricDuration,0,0,,
A,at_least_2_plus_2,advised,36,208,sub08,J-D,concentricDuration,0.011111111111110988,0.3703703703703663,,
A,at_least_2_plus_2,advised,36,208,sub09,J-D,concentricDuration,0.03333333333333305,0.6744907594765941,,
A,at_least_2_plus_2,advised,36,208,sub10,J-D,concentricDuration,0,0,,
A,at_least_2_plus_2,advised,36,208,sub11,J-D,concentricDuration,0.01111111111111121,0.27462811013214494,,
A,at_least_2_plus_2,advised,36,208,sub12,J-D,concentricDuration,0.033333333333333215,1.1111111111111072,,
A,at_least_2_plus_2,advised,36,208,sub13,J-D,concentricDuration,0.03333333333333352,0.839419121967605,,
A,at_least_2_plus_2,advised,36,208,sub14,J-D,concentricDuration,-0.011111111111110988,-0.3703703703703663,,
A,at_least_2_plus_2,advised,36,208,sub15,J-D,concentricDuration,0.01111111111111085,,,
A,at_least_2_plus_2,advised,36,208,sub16,J-D,concentricDuration,-0.01666666666666658,,,
A,at_least_2_plus_2,advised,36,208,sub17,J-D,concentricDuration,0.033333333333333354,1.1111111111111118,,
A,at_least_2_plus_2,advised,36,208,sub18,J-D,concentricDuration,0.02222222222222231,0.5596127479784024,,
A,at_least_2_plus_2,advised,36,208,sub19,J-D,concentricDuration,0.011111111111111072,0.14838803449850274,,
A,at_least_2_plus_2,advised,36,208,sub21,J-D,concentricDuration,0.01111111111111085,0.2527837297892298,,
A,at_least_2_plus_2,advised,36,208,sub22,J-D,concentricDuration,0,0,,
A,at_least_2_plus_2,advised,36,208,sub23,J-D,concentricDuration,5.551115123125783e-17,1.8503717077085944e-15,,
A,at_least_2_plus_2,advised,36,208,sub24,J-D,concentricDuration,0.011111111111110794,0.3703703703703598,,
A,at_least_2_plus_2,advised,36,208,sub25,J-D,concentricDuration,-8.326672684688674e-17,-2.058064544776485e-15,,
A,at_least_2_plus_2,advised,36,208,sub26,J-D,concentricDuration,0.06666666666666654,,,
A,at_least_2_plus_2,advised,36,208,sub27,J-D,concentricDuration,0.011111111111111238,0.3703703703703746,,
A,at_least_2_plus_2,advised,36,208,sub30,J-D,concentricDuration,0.04444444444444429,1.0985124405285676,,
A,at_least_2_plus_2,advised,36,208,sub31,J-D,concentricDuration,-2.220446049250313e-16,-7.401486830834377e-15,,
A,at_least_2_plus_2,advised,36,208,sub33,J-D,concentricDuration,0.04444444444444429,1.4814814814814763,,
A,at_least_2_plus_2,advised,36,208,sub35,J-D,concentricDuration,-0.011111111111111294,-0.3244592845595612,,
A,at_least_2_plus_2,advised,36,208,sub36,J-D,concentricDuration,-0.08888888888888888,-1.661784615190571,,
A,at_least_2_plus_2,advised,36,208,sub37,J-D,concentricDuration,-0.022222222222222365,-0.5596127479784038,,
A,at_least_2_plus_2,advised,36,208,sub38,J-D,concentricDuration,-0.033333333333333603,-0.7598637512044593,,
A,at_least_2_plus_2,advised,36,208,sub41,J-D,concentricDuration,0,0,,
A,at_least_2_plus_2,advised,36,208,sub42,J-D,concentricDuration,5.551115123125783e-17,1.8503717077085944e-15,,
A,at_least_2_plus_2,advised,36,208,sub43,J-D,concentricDuration,-0.011111111111111183,,,
A,at_least_2_plus_2,advised,36,208,sub44,J-D,concentricDuration,-0.033333333333333326,,,
A,at_least_2_plus_2,advised,36,208,sub01,J-D,asymmetry,-1.5084665772729977,-0.6386766165488686,,
A,at_least_2_plus_2,advised,36,208,sub02,J-D,asymmetry,1.351381323111025,,,
A,at_least_2_plus_2,advised,36,208,sub03,J-D,asymmetry,-1.883295727131042,-0.941647863565521,,
A,at_least_2_plus_2,advised,36,208,sub04,J-D,asymmetry,-1.6497532851231735,-0.6980068612619678,,
A,at_least_2_plus_2,advised,36,208,sub06,J-D,asymmetry,-1.4253448284712436,-0.6952060449559432,,
A,at_least_2_plus_2,advised,36,208,sub07,J-D,asymmetry,3.0462061756463603,1.2900986585887775,,
A,at_least_2_plus_2,advised,36,208,sub08,J-D,asymmetry,1.4179512087379091,0.7089756043689546,,
A,at_least_2_plus_2,advised,36,208,sub09,J-D,asymmetry,1.3233539350356316,0.3163650789332929,,
A,at_least_2_plus_2,advised,36,208,sub10,J-D,asymmetry,0.35928971972368606,0.17964485986184303,,
A,at_least_2_plus_2,advised,36,208,sub11,J-D,asymmetry,-0.46296363654289063,-0.2268698936643883,,
A,at_least_2_plus_2,advised,36,208,sub12,J-D,asymmetry,-0.9663941269086438,-0.3147781494694726,,
A,at_least_2_plus_2,advised,36,208,sub13,J-D,asymmetry,-3.5921494891687757,-1.7676642023658578,,
A,at_least_2_plus_2,advised,36,208,sub14,J-D,asymmetry,4.51094931848184,1.839684289772319,,
A,at_least_2_plus_2,advised,36,208,sub15,J-D,asymmetry,-1.7419366729175234,,,
A,at_least_2_plus_2,advised,36,208,sub16,J-D,asymmetry,0.6784537370176622,,,
A,at_least_2_plus_2,advised,36,208,sub17,J-D,asymmetry,1.242859785925475,0.4914574762505188,,
A,at_least_2_plus_2,advised,36,208,sub18,J-D,asymmetry,2.8819522470726424,1.074086460799727,,
A,at_least_2_plus_2,advised,36,208,sub19,J-D,asymmetry,-1.9139234527734548,-0.8931016084735458,,
A,at_least_2_plus_2,advised,36,208,sub21,J-D,asymmetry,-0.9735713990752068,-0.3260733700872832,,
A,at_least_2_plus_2,advised,36,208,sub22,J-D,asymmetry,-3.612637929529877,-1.8063189647649385,,
A,at_least_2_plus_2,advised,36,208,sub23,J-D,asymmetry,-1.6598471923147713,-0.6937104481288724,,
A,at_least_2_plus_2,advised,36,208,sub24,J-D,asymmetry,0.1619025910684213,0.05390252899411293,,
A,at_least_2_plus_2,advised,36,208,sub25,J-D,asymmetry,1.3874355083918122,0.5533114891095077,,
A,at_least_2_plus_2,advised,36,208,sub26,J-D,asymmetry,0.730742210600205,,,
A,at_least_2_plus_2,advised,36,208,sub27,J-D,asymmetry,2.5472088526182968,0.9615357519763571,,
A,at_least_2_plus_2,advised,36,208,sub30,J-D,asymmetry,-2.7757263178318725,-1.1860028976582333,,
A,at_least_2_plus_2,advised,36,208,sub31,J-D,asymmetry,4.097087628539592,1.2707768560042025,,
A,at_least_2_plus_2,advised,36,208,sub33,J-D,asymmetry,-1.0787409185469983,-0.3428601960302621,,
A,at_least_2_plus_2,advised,36,208,sub35,J-D,asymmetry,5.176443659415,1.638235071857235,,
A,at_least_2_plus_2,advised,36,208,sub36,J-D,asymmetry,-0.3271315498268166,-0.1635657749134083,,
A,at_least_2_plus_2,advised,36,208,sub37,J-D,asymmetry,-0.9600391580191663,-0.289068163915048,,
A,at_least_2_plus_2,advised,36,208,sub38,J-D,asymmetry,0.2193770458748503,0.10968852293742515,,
A,at_least_2_plus_2,advised,36,208,sub41,J-D,asymmetry,-1.9999202623150958,-0.9999601311575479,,
A,at_least_2_plus_2,advised,36,208,sub42,J-D,asymmetry,2.356903498097504,0.7313137099027803,,
A,at_least_2_plus_2,advised,36,208,sub43,J-D,asymmetry,-0.3614290627923067,,,
A,at_least_2_plus_2,advised,36,208,sub44,J-D,asymmetry,6.573232443803235,,,
A,at_least_2_plus_2,advised,36,208,sub01,J-B,S0,-0.16670300910871394,,,
A,at_least_2_plus_2,advised,36,208,sub02,J-B,S0,0.01779909877221264,,,
A,at_least_2_plus_2,advised,36,208,sub03,J-B,S0,0.16562733115142247,,,
A,at_least_2_plus_2,advised,36,208,sub04,J-B,S0,0.7161104428461973,,,
A,at_least_2_plus_2,advised,36,208,sub06,J-B,S0,0.4274218484059198,,,
A,at_least_2_plus_2,advised,36,208,sub07,J-B,S0,0.11403535704093204,,,
A,at_least_2_plus_2,advised,36,208,sub08,J-B,S0,-0.2195420687226307,,,
A,at_least_2_plus_2,advised,36,208,sub09,J-B,S0,0.021602274004477673,,,
A,at_least_2_plus_2,advised,36,208,sub10,J-B,S0,-0.041766402067296426,,,
A,at_least_2_plus_2,advised,36,208,sub11,J-B,S0,0.007306595900767543,,,
A,at_least_2_plus_2,advised,36,208,sub12,J-B,S0,0.16579095547180867,,,
A,at_least_2_plus_2,advised,36,208,sub13,J-B,S0,0.09061787640261643,,,
A,at_least_2_plus_2,advised,36,208,sub14,J-B,S0,-0.018586925059508208,,,
A,at_least_2_plus_2,advised,36,208,sub15,J-B,S0,0.2201674049840756,,,
A,at_least_2_plus_2,advised,36,208,sub16,J-B,S0,0.19284422846804883,,,
A,at_least_2_plus_2,advised,36,208,sub17,J-B,S0,0.025981334452849558,,,
A,at_least_2_plus_2,advised,36,208,sub18,J-B,S0,-0.20183139603837996,,,
A,at_least_2_plus_2,advised,36,208,sub19,J-B,S0,-0.5872494550921448,,,
A,at_least_2_plus_2,advised,36,208,sub21,J-B,S0,-0.11020236041079468,,,
A,at_least_2_plus_2,advised,36,208,sub22,J-B,S0,-0.03206240957386125,,,
A,at_least_2_plus_2,advised,36,208,sub23,J-B,S0,-0.21921825137749695,,,
A,at_least_2_plus_2,advised,36,208,sub24,J-B,S0,0.0007985364254314842,,,
A,at_least_2_plus_2,advised,36,208,sub25,J-B,S0,0.005403441581991464,,,
A,at_least_2_plus_2,advised,36,208,sub26,J-B,S0,-0.03912892517742961,,,
A,at_least_2_plus_2,advised,36,208,sub27,J-B,S0,-0.03902166681050767,,,
A,at_least_2_plus_2,advised,36,208,sub30,J-B,S0,0.09492974944584498,,,
A,at_least_2_plus_2,advised,36,208,sub31,J-B,S0,-0.036945238069643116,,,
A,at_least_2_plus_2,advised,36,208,sub33,J-B,S0,-0.21590487831302885,,,
A,at_least_2_plus_2,advised,36,208,sub35,J-B,S0,-0.05005819556484126,,,
A,at_least_2_plus_2,advised,36,208,sub36,J-B,S0,-0.10716113237322811,,,
A,at_least_2_plus_2,advised,36,208,sub37,J-B,S0,-0.1029249904682411,,,
A,at_least_2_plus_2,advised,36,208,sub38,J-B,S0,-0.02542183576491075,,,
A,at_least_2_plus_2,advised,36,208,sub41,J-B,S0,0.006601181428379732,,,
A,at_least_2_plus_2,advised,36,208,sub42,J-B,S0,-0.08423298468973273,,,
A,at_least_2_plus_2,advised,36,208,sub43,J-B,S0,-0.07226144370651089,,,
A,at_least_2_plus_2,advised,36,208,sub44,J-B,S0,-0.050377924705732324,,,
A,at_least_2_plus_2,advised,36,208,sub01,J-B,S-P2,-0.1759323419619374,,,
A,at_least_2_plus_2,advised,36,208,sub02,J-B,S-P2,-0.004546284612244378,,,
A,at_least_2_plus_2,advised,36,208,sub03,J-B,S-P2,0.1594892105485033,,,
A,at_least_2_plus_2,advised,36,208,sub04,J-B,S-P2,0.7506872448577531,,,
A,at_least_2_plus_2,advised,36,208,sub06,J-B,S-P2,0.5737254052407728,,,
A,at_least_2_plus_2,advised,36,208,sub07,J-B,S-P2,0.1141106355103011,,,
A,at_least_2_plus_2,advised,36,208,sub08,J-B,S-P2,-0.21338265529603984,,,
A,at_least_2_plus_2,advised,36,208,sub09,J-B,S-P2,0.016733314435311897,,,
A,at_least_2_plus_2,advised,36,208,sub10,J-B,S-P2,-0.040468492909646825,,,
A,at_least_2_plus_2,advised,36,208,sub11,J-B,S-P2,-0.006647537541029758,,,
A,at_least_2_plus_2,advised,36,208,sub12,J-B,S-P2,0.16281150228736097,,,
A,at_least_2_plus_2,advised,36,208,sub13,J-B,S-P2,0.15386662685968772,,,
A,at_least_2_plus_2,advised,36,208,sub14,J-B,S-P2,0.016105885928172747,,,
A,at_least_2_plus_2,advised,36,208,sub15,J-B,S-P2,0.20691686427519784,,,
A,at_least_2_plus_2,advised,36,208,sub16,J-B,S-P2,0.17955269589702683,,,
A,at_least_2_plus_2,advised,36,208,sub17,J-B,S-P2,0.05961734514794037,,,
A,at_least_2_plus_2,advised,36,208,sub18,J-B,S-P2,-0.1922009957693589,,,
A,at_least_2_plus_2,advised,36,208,sub19,J-B,S-P2,-0.6507781157748291,,,
A,at_least_2_plus_2,advised,36,208,sub21,J-B,S-P2,-0.12564547248094438,,,
A,at_least_2_plus_2,advised,36,208,sub22,J-B,S-P2,0.013797707655168912,,,
A,at_least_2_plus_2,advised,36,208,sub23,J-B,S-P2,-0.2346361561461524,,,
A,at_least_2_plus_2,advised,36,208,sub24,J-B,S-P2,0.06858544596227367,,,
A,at_least_2_plus_2,advised,36,208,sub25,J-B,S-P2,0.00556620078288117,,,
A,at_least_2_plus_2,advised,36,208,sub26,J-B,S-P2,-0.04219519436134456,,,
A,at_least_2_plus_2,advised,36,208,sub27,J-B,S-P2,-0.0777565212667406,,,
A,at_least_2_plus_2,advised,36,208,sub30,J-B,S-P2,0.14449168339044516,,,
A,at_least_2_plus_2,advised,36,208,sub31,J-B,S-P2,-0.034660885850975376,,,
A,at_least_2_plus_2,advised,36,208,sub33,J-B,S-P2,-0.22623288728846458,,,
A,at_least_2_plus_2,advised,36,208,sub35,J-B,S-P2,-0.06429416676700384,,,
A,at_least_2_plus_2,advised,36,208,sub36,J-B,S-P2,-0.1160101181636698,,,
A,at_least_2_plus_2,advised,36,208,sub37,J-B,S-P2,-0.10864505515588907,,,
A,at_least_2_plus_2,advised,36,208,sub38,J-B,S-P2,-0.017988037661081924,,,
A,at_least_2_plus_2,advised,36,208,sub41,J-B,S-P2,0.03943454400428226,,,
A,at_least_2_plus_2,advised,36,208,sub42,J-B,S-P2,-0.11394139988769836,,,
A,at_least_2_plus_2,advised,36,208,sub43,J-B,S-P2,-0.14659018890154796,,,
A,at_least_2_plus_2,advised,36,208,sub44,J-B,S-P2,-5.653755696688467e-05,,,
A,at_least_2_plus_2,advised,36,208,sub01,J-B,S-P3,-0.15811437490950597,,,
A,at_least_2_plus_2,advised,36,208,sub02,J-B,S-P3,0.012764730601633412,,,
A,at_least_2_plus_2,advised,36,208,sub03,J-B,S-P3,0.19375577315977877,,,
A,at_least_2_plus_2,advised,36,208,sub04,J-B,S-P3,0.7637260061587468,,,
A,at_least_2_plus_2,advised,36,208,sub06,J-B,S-P3,0.45435912970750747,,,
A,at_least_2_plus_2,advised,36,208,sub07,J-B,S-P3,0.07813986393044847,,,
A,at_least_2_plus_2,advised,36,208,sub08,J-B,S-P3,-0.3330190339410656,,,
A,at_least_2_plus_2,advised,36,208,sub09,J-B,S-P3,0.0228893034609019,,,
A,at_least_2_plus_2,advised,36,208,sub10,J-B,S-P3,-0.03710065948230179,,,
A,at_least_2_plus_2,advised,36,208,sub11,J-B,S-P3,0.00032564811321955656,,,
A,at_least_2_plus_2,advised,36,208,sub12,J-B,S-P3,0.16066839164069213,,,
A,at_least_2_plus_2,advised,36,208,sub13,J-B,S-P3,0.035263870132516084,,,
A,at_least_2_plus_2,advised,36,208,sub14,J-B,S-P3,0.0450918233473836,,,
A,at_least_2_plus_2,advised,36,208,sub15,J-B,S-P3,0.23669169935943446,,,
A,at_least_2_plus_2,advised,36,208,sub16,J-B,S-P3,0.2056743558109949,,,
A,at_least_2_plus_2,advised,36,208,sub17,J-B,S-P3,-0.04676667731338652,,,
A,at_least_2_plus_2,advised,36,208,sub18,J-B,S-P3,-0.23235551388057019,,,
A,at_least_2_plus_2,advised,36,208,sub19,J-B,S-P3,-0.620298233194845,,,
A,at_least_2_plus_2,advised,36,208,sub21,J-B,S-P3,-0.12027203804881603,,,
A,at_least_2_plus_2,advised,36,208,sub22,J-B,S-P3,-0.0982093511113995,,,
A,at_least_2_plus_2,advised,36,208,sub23,J-B,S-P3,-0.2066052104654601,,,
A,at_least_2_plus_2,advised,36,208,sub24,J-B,S-P3,0.00887081092770381,,,
A,at_least_2_plus_2,advised,36,208,sub25,J-B,S-P3,0.007309845936748549,,,
A,at_least_2_plus_2,advised,36,208,sub26,J-B,S-P3,-0.03503518166108921,,,
A,at_least_2_plus_2,advised,36,208,sub27,J-B,S-P3,-0.01924568472901267,,,
A,at_least_2_plus_2,advised,36,208,sub30,J-B,S-P3,0.07070470298047327,,,
A,at_least_2_plus_2,advised,36,208,sub31,J-B,S-P3,-0.1008678139922663,,,
A,at_least_2_plus_2,advised,36,208,sub33,J-B,S-P3,-0.23738011051046415,,,
A,at_least_2_plus_2,advised,36,208,sub35,J-B,S-P3,-0.03812116587196235,,,
A,at_least_2_plus_2,advised,36,208,sub36,J-B,S-P3,-0.12996666011104763,,,
A,at_least_2_plus_2,advised,36,208,sub37,J-B,S-P3,-0.11819650135170823,,,
A,at_least_2_plus_2,advised,36,208,sub38,J-B,S-P3,-0.0317250417942565,,,
A,at_least_2_plus_2,advised,36,208,sub41,J-B,S-P3,-0.015857116380643133,,,
A,at_least_2_plus_2,advised,36,208,sub42,J-B,S-P3,-0.06953991392684444,,,
A,at_least_2_plus_2,advised,36,208,sub43,J-B,S-P3,-0.07250994283368983,,,
A,at_least_2_plus_2,advised,36,208,sub44,J-B,S-P3,0.001896516439085394,,,
A,at_least_2_plus_2,advised,36,208,sub01,J-B,S-P2P3,-0.16737657728784539,,,
A,at_least_2_plus_2,advised,36,208,sub02,J-B,S-P2P3,-0.010791746852367945,,,
A,at_least_2_plus_2,advised,36,208,sub03,J-B,S-P2P3,0.1900102646032631,,,
A,at_least_2_plus_2,advised,36,208,sub04,J-B,S-P2P3,0.8033444671663739,,,
A,at_least_2_plus_2,advised,36,208,sub06,J-B,S-P2P3,0.6106647912566373,,,
A,at_least_2_plus_2,advised,36,208,sub07,J-B,S-P2P3,0.07599921598504478,,,
A,at_least_2_plus_2,advised,36,208,sub08,J-B,S-P2P3,-0.3341331241770511,,,
A,at_least_2_plus_2,advised,36,208,sub09,J-B,S-P2P3,0.017430618732062975,,,
A,at_least_2_plus_2,advised,36,208,sub10,J-B,S-P2P3,-0.035035529846277114,,,
A,at_least_2_plus_2,advised,36,208,sub11,J-B,S-P2P3,-0.016461153285880936,,,
A,at_least_2_plus_2,advised,36,208,sub12,J-B,S-P2P3,0.15646458929378382,,,
A,at_least_2_plus_2,advised,36,208,sub13,J-B,S-P2P3,0.09463843112284198,,,
A,at_least_2_plus_2,advised,36,208,sub14,J-B,S-P2P3,0.0927351720158015,,,
A,at_least_2_plus_2,advised,36,208,sub15,J-B,S-P2P3,0.2250468892827221,,,
A,at_least_2_plus_2,advised,36,208,sub16,J-B,S-P2P3,0.1928053330935906,,,
A,at_least_2_plus_2,advised,36,208,sub17,J-B,S-P2P3,-0.012986104039450608,,,
A,at_least_2_plus_2,advised,36,208,sub18,J-B,S-P2P3,-0.22362294494046742,,,
A,at_least_2_plus_2,advised,36,208,sub19,J-B,S-P2P3,-0.6929337494112797,,,
A,at_least_2_plus_2,advised,36,208,sub21,J-B,S-P2P3,-0.1374645035912312,,,
A,at_least_2_plus_2,advised,36,208,sub22,J-B,S-P2P3,-0.055290823255445654,,,
A,at_least_2_plus_2,advised,36,208,sub23,J-B,S-P2P3,-0.2219134006666642,,,
A,at_least_2_plus_2,advised,36,208,sub24,J-B,S-P2P3,0.08289303430150552,,,
A,at_least_2_plus_2,advised,36,208,sub25,J-B,S-P2P3,0.007938590189792039,,,
A,at_least_2_plus_2,advised,36,208,sub26,J-B,S-P2P3,-0.03775680138472137,,,
A,at_least_2_plus_2,advised,36,208,sub27,J-B,S-P2P3,-0.05950191572702079,,,
A,at_least_2_plus_2,advised,36,208,sub30,J-B,S-P2P3,0.11953971239332517,,,
A,at_least_2_plus_2,advised,36,208,sub31,J-B,S-P2P3,-0.10122037450786747,,,
A,at_least_2_plus_2,advised,36,208,sub33,J-B,S-P2P3,-0.25110773798656744,,,
A,at_least_2_plus_2,advised,36,208,sub35,J-B,S-P2P3,-0.05232906077706223,,,
A,at_least_2_plus_2,advised,36,208,sub36,J-B,S-P2P3,-0.1419807700991197,,,
A,at_least_2_plus_2,advised,36,208,sub37,J-B,S-P2P3,-0.12595528751750917,,,
A,at_least_2_plus_2,advised,36,208,sub38,J-B,S-P2P3,-0.023590931286918804,,,
A,at_least_2_plus_2,advised,36,208,sub41,J-B,S-P2P3,0.016112160172001122,,,
A,at_least_2_plus_2,advised,36,208,sub42,J-B,S-P2P3,-0.09848332810649141,,,
A,at_least_2_plus_2,advised,36,208,sub43,J-B,S-P2P3,-0.15087196448242246,,,
A,at_least_2_plus_2,advised,36,208,sub44,J-B,S-P2P3,0.06394772627577394,,,
A,at_least_2_plus_2,advised,36,208,sub01,J-B,S-valid,-0.1557387431470062,,,
A,at_least_2_plus_2,advised,36,208,sub02,J-B,S-valid,-0.02963816373223005,,,
A,at_least_2_plus_2,advised,36,208,sub03,J-B,S-valid,0.20109680932345664,,,
A,at_least_2_plus_2,advised,36,208,sub04,J-B,S-valid,0.6047469964570771,,,
A,at_least_2_plus_2,advised,36,208,sub06,J-B,S-valid,0.11552127297353776,,,
A,at_least_2_plus_2,advised,36,208,sub07,J-B,S-valid,0.07985901588156619,,,
A,at_least_2_plus_2,advised,36,208,sub08,J-B,S-valid,-0.3463630229673036,,,
A,at_least_2_plus_2,advised,36,208,sub09,J-B,S-valid,-0.05878603896343959,,,
A,at_least_2_plus_2,advised,36,208,sub10,J-B,S-valid,-0.0381081575037433,,,
A,at_least_2_plus_2,advised,36,208,sub11,J-B,S-valid,-0.04668385035649536,,,
A,at_least_2_plus_2,advised,36,208,sub12,J-B,S-valid,0.0942794878494837,,,
A,at_least_2_plus_2,advised,36,208,sub13,J-B,S-valid,0.06842395938584656,,,
A,at_least_2_plus_2,advised,36,208,sub14,J-B,S-valid,0.0920491018850188,,,
A,at_least_2_plus_2,advised,36,208,sub15,J-B,S-valid,0.25794569814514856,,,
A,at_least_2_plus_2,advised,36,208,sub16,J-B,S-valid,0.19694297812437345,,,
A,at_least_2_plus_2,advised,36,208,sub17,J-B,S-valid,0.022738642610622917,,,
A,at_least_2_plus_2,advised,36,208,sub18,J-B,S-valid,-0.25154084935021603,,,
A,at_least_2_plus_2,advised,36,208,sub19,J-B,S-valid,-0.7938498543863313,,,
A,at_least_2_plus_2,advised,36,208,sub21,J-B,S-valid,-0.1880189985001215,,,
A,at_least_2_plus_2,advised,36,208,sub22,J-B,S-valid,-0.06255431391479038,,,
A,at_least_2_plus_2,advised,36,208,sub23,J-B,S-valid,-0.234987367247936,,,
A,at_least_2_plus_2,advised,36,208,sub24,J-B,S-valid,0.07911170650213073,,,
A,at_least_2_plus_2,advised,36,208,sub25,J-B,S-valid,0.032375766198147526,,,
A,at_least_2_plus_2,advised,36,208,sub26,J-B,S-valid,-0.0399092300446251,,,
A,at_least_2_plus_2,advised,36,208,sub27,J-B,S-valid,-0.08734716741473125,,,
A,at_least_2_plus_2,advised,36,208,sub30,J-B,S-valid,0.1148049808873608,,,
A,at_least_2_plus_2,advised,36,208,sub31,J-B,S-valid,-0.10749647268142581,,,
A,at_least_2_plus_2,advised,36,208,sub33,J-B,S-valid,-0.25259614596444596,,,
A,at_least_2_plus_2,advised,36,208,sub35,J-B,S-valid,-0.03786648698048101,,,
A,at_least_2_plus_2,advised,36,208,sub36,J-B,S-valid,-0.1258987681076308,,,
A,at_least_2_plus_2,advised,36,208,sub37,J-B,S-valid,-0.13482350099821727,,,
A,at_least_2_plus_2,advised,36,208,sub38,J-B,S-valid,-0.0005720042803537551,,,
A,at_least_2_plus_2,advised,36,208,sub41,J-B,S-valid,0.020636020501993757,,,
A,at_least_2_plus_2,advised,36,208,sub42,J-B,S-valid,-0.10504171082165814,,,
A,at_least_2_plus_2,advised,36,208,sub43,J-B,S-valid,-0.1633957425371234,,,
A,at_least_2_plus_2,advised,36,208,sub44,J-B,S-valid,0.05091714153166582,,,
A,at_least_1_plus_1,advised,42,226,sub01,J-D,jumpHeight,-0.006255578857322253,-0.32077351923570824,,
A,at_least_1_plus_1,advised,42,226,sub02,J-D,jumpHeight,-0.0010533109840437094,,,
A,at_least_1_plus_1,advised,42,226,sub03,J-D,jumpHeight,0.0014738371265256844,0.09825580843504564,,
A,at_least_1_plus_1,advised,42,226,sub04,J-D,jumpHeight,-0.0031366319818915134,-0.17798692225549667,,
A,at_least_1_plus_1,advised,42,226,sub06,J-D,jumpHeight,-0.0009254698854745391,-0.048087252397559475,,
A,at_least_1_plus_1,advised,42,226,sub07,J-D,jumpHeight,0.003347910633428375,0.1636978084090407,,
A,at_least_1_plus_1,advised,42,226,sub08,J-D,jumpHeight,-0.0020728409596112995,-0.11482244535797084,,
A,at_least_1_plus_1,advised,42,226,sub09,J-D,jumpHeight,-0.035769320737267796,-2.342273338117751,,
A,at_least_1_plus_1,advised,42,226,sub10,J-D,jumpHeight,0.0066921489690609515,0.393098550430662,,
A,at_least_1_plus_1,advised,42,226,sub11,J-D,jumpHeight,-0.013206611349434128,-0.7414489787051579,,
A,at_least_1_plus_1,advised,42,226,sub12,J-D,jumpHeight,-0.018740478167514646,-1.2316010407756393,,
A,at_least_1_plus_1,advised,42,226,sub13,J-D,jumpHeight,-0.004135163470726455,-0.275677564715097,,
A,at_least_1_plus_1,advised,42,226,sub14,J-D,jumpHeight,-0.012493456492415345,-0.7071468338786469,,
A,at_least_1_plus_1,advised,42,226,sub15,J-D,jumpHeight,-0.0025834197692526373,,,
A,at_least_1_plus_1,advised,42,226,sub16,J-D,jumpHeight,0.01820625247245683,,,
A,at_least_1_plus_1,advised,42,226,sub17,J-D,jumpHeight,-0.012644636897082784,-0.5544135316734858,,
A,at_least_1_plus_1,advised,42,226,sub18,J-D,jumpHeight,-0.008269397981754745,-0.3061518027052725,,
A,at_least_1_plus_1,advised,42,226,sub19,J-D,jumpHeight,-0.01878805848868098,-1.1100666638106067,,
A,at_least_1_plus_1,advised,42,226,sub21,J-D,jumpHeight,-0.008281032649288422,-0.3155323064907828,,
A,at_least_1_plus_1,advised,42,226,sub22,J-D,jumpHeight,0.007636842571334457,0.43512847452959236,,
A,at_least_1_plus_1,advised,42,226,sub23,J-D,jumpHeight,-0.018380817065571042,-0.9742496641195637,,
A,at_least_1_plus_1,advised,42,226,sub24,J-D,jumpHeight,-0.007760992956048762,-0.32753586915031796,,
A,at_least_1_plus_1,advised,42,226,sub25,J-D,jumpHeight,-0.0002469988752709096,-0.014718631109395875,,
A,at_least_1_plus_1,advised,42,226,sub26,J-D,jumpHeight,-0.006073200885564178,,,
A,at_least_1_plus_1,advised,42,226,sub27,J-D,jumpHeight,-0.01775568153639573,-1.1597516607996836,,
A,at_least_1_plus_1,advised,42,226,sub28,J-D,jumpHeight,0.037176820864045224,,,
A,at_least_1_plus_1,advised,42,226,sub29,J-D,jumpHeight,-0.005132371688288617,,,
A,at_least_1_plus_1,advised,42,226,sub30,J-D,jumpHeight,-0.014337620188615674,-0.6623307978447083,,
A,at_least_1_plus_1,advised,42,226,sub31,J-D,jumpHeight,0.009377961221021192,0.4459220075629789,,
A,at_least_1_plus_1,advised,42,226,sub32,J-D,jumpHeight,-0.03066333384475467,,,
A,at_least_1_plus_1,advised,42,226,sub33,J-D,jumpHeight,-0.03128622610138804,-1.3095908204529256,,
A,at_least_1_plus_1,advised,42,226,sub34,J-D,jumpHeight,-0.01992548830496138,,,
A,at_least_1_plus_1,advised,42,226,sub35,J-D,jumpHeight,0.003889026294563669,0.21549051022696572,,
A,at_least_1_plus_1,advised,42,226,sub36,J-D,jumpHeight,0.0011170591933857277,0.055486634180024356,,
A,at_least_1_plus_1,advised,42,226,sub37,J-D,jumpHeight,0.010106312828465747,0.5790407176694687,,
A,at_least_1_plus_1,advised,42,226,sub38,J-D,jumpHeight,-0.0006225801139377873,-0.03337199049959731,,
A,at_least_1_plus_1,advised,42,226,sub39,J-D,jumpHeight,0.021946240225727776,,,
A,at_least_1_plus_1,advised,42,226,sub40,J-D,jumpHeight,-0.0641306528057427,,,
A,at_least_1_plus_1,advised,42,226,sub41,J-D,jumpHeight,-0.0252607129720423,-1.1928354019057412,,
A,at_least_1_plus_1,advised,42,226,sub42,J-D,jumpHeight,-0.021984319640210748,-0.9829301417502244,,
A,at_least_1_plus_1,advised,42,226,sub43,J-D,jumpHeight,-0.03741875019505286,,,
A,at_least_1_plus_1,advised,42,226,sub44,J-D,jumpHeight,-0.010910668577140625,,,
A,at_least_1_plus_1,advised,42,226,sub01,J-D,countermovementDepth,0.030009616917058057,1.134644654715523,,
A,at_least_1_plus_1,advised,42,226,sub02,J-D,countermovementDepth,-0.026199926834227394,,,
A,at_least_1_plus_1,advised,42,226,sub03,J-D,countermovementDepth,0.011760355749591417,0.5880177874795708,,
A,at_least_1_plus_1,advised,42,226,sub04,J-D,countermovementDepth,0.042596774896960676,1.0144726613583406,,
A,at_least_1_plus_1,advised,42,226,sub06,J-D,countermovementDepth,-0.012062014787596664,-0.6031007393798332,,
A,at_least_1_plus_1,advised,42,226,sub07,J-D,countermovementDepth,-0.010558272023054371,-0.5279136011527186,,
A,at_least_1_plus_1,advised,42,226,sub08,J-D,countermovementDepth,0.04441071559184068,2.220535779592034,,
A,at_least_1_plus_1,advised,42,226,sub09,J-D,countermovementDepth,-0.027511090854802855,-1.2943785155501684,,
A,at_least_1_plus_1,advised,42,226,sub10,J-D,countermovementDepth,0.004010603857171474,0.2005301928585737,,
A,at_least_1_plus_1,advised,42,226,sub11,J-D,countermovementDepth,-0.004798759061968638,-0.2055038264279467,,
A,at_least_1_plus_1,advised,42,226,sub12,J-D,countermovementDepth,-0.00014319356464692623,-0.0071596782323463115,,
A,at_least_1_plus_1,advised,42,226,sub13,J-D,countermovementDepth,0.014494271681548349,0.6621666754125428,,
A,at_least_1_plus_1,advised,42,226,sub14,J-D,countermovementDepth,-0.00420985536662094,-0.21049276833104702,,
A,at_least_1_plus_1,advised,42,226,sub15,J-D,countermovementDepth,-0.04054538048634107,,,
A,at_least_1_plus_1,advised,42,226,sub16,J-D,countermovementDepth,0.027208355130324213,,,
A,at_least_1_plus_1,advised,42,226,sub17,J-D,countermovementDepth,0.012249926289724988,0.5975852612911275,,
A,at_least_1_plus_1,advised,42,226,sub18,J-D,countermovementDepth,0.018623448803351317,0.833599070369507,,
A,at_least_1_plus_1,advised,42,226,sub19,J-D,countermovementDepth,0.010441463414160412,0.33679427976191906,,
A,at_least_1_plus_1,advised,42,226,sub21,J-D,countermovementDepth,-0.0236254764837589,-1.0939106398467344,,
A,at_least_1_plus_1,advised,42,226,sub22,J-D,countermovementDepth,-0.013466026021849598,-0.6733013010924799,,
A,at_least_1_plus_1,advised,42,226,sub23,J-D,countermovementDepth,-0.004573415510625178,-0.22867077553125892,,
A,at_least_1_plus_1,advised,42,226,sub24,J-D,countermovementDepth,-0.002321332416944266,-0.10838368869488775,,
A,at_least_1_plus_1,advised,42,226,sub25,J-D,countermovementDepth,0.016151973343206227,0.8075986671603114,,
A,at_least_1_plus_1,advised,42,226,sub26,J-D,countermovementDepth,0.07085562735352408,,,
A,at_least_1_plus_1,advised,42,226,sub27,J-D,countermovementDepth,0.010586879661566795,0.5293439830783397,,
A,at_least_1_plus_1,advised,42,226,sub28,J-D,countermovementDepth,-0.030058139485177465,,,
A,at_least_1_plus_1,advised,42,226,sub29,J-D,countermovementDepth,-0.03171340413036566,,,
A,at_least_1_plus_1,advised,42,226,sub30,J-D,countermovementDepth,0.03141082720944133,0.998789334507633,,
A,at_least_1_plus_1,advised,42,226,sub31,J-D,countermovementDepth,0.0005847364747882389,0.028806202130878093,,
A,at_least_1_plus_1,advised,42,226,sub32,J-D,countermovementDepth,-0.006069429682827254,,,
A,at_least_1_plus_1,advised,42,226,sub33,J-D,countermovementDepth,0.02151855237323222,1.075927618661611,,
A,at_least_1_plus_1,advised,42,226,sub34,J-D,countermovementDepth,-0.03389640783376463,,,
A,at_least_1_plus_1,advised,42,226,sub35,J-D,countermovementDepth,0.004433304296141943,0.1715250569975785,,
A,at_least_1_plus_1,advised,42,226,sub36,J-D,countermovementDepth,-0.040206022924603985,-1.0374128192561995,,
A,at_least_1_plus_1,advised,42,226,sub37,J-D,countermovementDepth,-0.02122413913553206,-0.9213534285610148,,
A,at_least_1_plus_1,advised,42,226,sub38,J-D,countermovementDepth,-0.009943383670752232,-0.3443390078818414,,
A,at_least_1_plus_1,advised,42,226,sub39,J-D,countermovementDepth,0.02738080086015776,,,
A,at_least_1_plus_1,advised,42,226,sub40,J-D,countermovementDepth,-0.08326956436698185,,,
A,at_least_1_plus_1,advised,42,226,sub41,J-D,countermovementDepth,0.005960039012276819,0.15813916215018917,,
A,at_least_1_plus_1,advised,42,226,sub42,J-D,countermovementDepth,0.021153515968757586,0.7846177255042924,,
A,at_least_1_plus_1,advised,42,226,sub43,J-D,countermovementDepth,-0.03715295122311635,,,
A,at_least_1_plus_1,advised,42,226,sub44,J-D,countermovementDepth,0.006073798566090249,,,
A,at_least_1_plus_1,advised,42,226,sub01,J-D,trunkLean,2.464892412467293,0.805604502228261,,
A,at_least_1_plus_1,advised,42,226,sub02,J-D,trunkLean,-3.6374847741033633,,,
A,at_least_1_plus_1,advised,42,226,sub03,J-D,trunkLean,7.190133876591219,1.8323299923389864,,
A,at_least_1_plus_1,advised,42,226,sub04,J-D,trunkLean,2.6197170885221652,0.8242991944513874,,
A,at_least_1_plus_1,advised,42,226,sub06,J-D,trunkLean,4.804984364132075,1.8440181640439455,,
A,at_least_1_plus_1,advised,42,226,sub07,J-D,trunkLean,-2.9672765556838527,-1.0594749999755555,,
A,at_least_1_plus_1,advised,42,226,sub08,J-D,trunkLean,6.492164398116699,2.2334949650176243,,
A,at_least_1_plus_1,advised,42,226,sub09,J-D,trunkLean,1.5915056676927009,0.41703445727251987,,
A,at_least_1_plus_1,advised,42,226,sub10,J-D,trunkLean,1.2097242284508098,0.5329975529507608,,
A,at_least_1_plus_1,advised,42,226,sub11,J-D,trunkLean,1.806623270722973,0.5404471817063462,,
A,at_least_1_plus_1,advised,42,226,sub12,J-D,trunkLean,-1.1845822991940125,-0.3506408949776898,,
A,at_least_1_plus_1,advised,42,226,sub13,J-D,trunkLean,5.5459283555676535,1.7407776957640149,,
A,at_least_1_plus_1,advised,42,226,sub14,J-D,trunkLean,-3.542257850466708,-0.8086834116702213,,
A,at_least_1_plus_1,advised,42,226,sub15,J-D,trunkLean,4.764614378494834,,,
A,at_least_1_plus_1,advised,42,226,sub16,J-D,trunkLean,-3.0647274181616098,,,
A,at_least_1_plus_1,advised,42,226,sub17,J-D,trunkLean,0.8336756374669605,0.19083063710861606,,
A,at_least_1_plus_1,advised,42,226,sub18,J-D,trunkLean,4.128956914498936,0.3993554034582455,,
A,at_least_1_plus_1,advised,42,226,sub19,J-D,trunkLean,-5.587366104556779,-1.192261895040466,,
A,at_least_1_plus_1,advised,42,226,sub21,J-D,trunkLean,10.066337230482219,1.7295628572190358,,
A,at_least_1_plus_1,advised,42,226,sub22,J-D,trunkLean,0.45472530599916183,0.18165650940721367,,
A,at_least_1_plus_1,advised,42,226,sub23,J-D,trunkLean,4.851018037216434,0.8515788140058702,,
A,at_least_1_plus_1,advised,42,226,sub24,J-D,trunkLean,5.895036918005729,1.746940216476334,,
A,at_least_1_plus_1,advised,42,226,sub25,J-D,trunkLean,2.3525830544505695,0.8768430077727696,,
A,at_least_1_plus_1,advised,42,226,sub26,J-D,trunkLean,14.825032531278893,,,
A,at_least_1_plus_1,advised,42,226,sub27,J-D,trunkLean,0.8587075973088147,0.16764118380348358,,
A,at_least_1_plus_1,advised,42,226,sub28,J-D,trunkLean,2.8402841595124286,,,
A,at_least_1_plus_1,advised,42,226,sub29,J-D,trunkLean,-0.06233032160434959,,,
A,at_least_1_plus_1,advised,42,226,sub30,J-D,trunkLean,7.451502363232713,1.7381276724021528,,
A,at_least_1_plus_1,advised,42,226,sub31,J-D,trunkLean,1.5074196672210718,0.6486598656246432,,
A,at_least_1_plus_1,advised,42,226,sub32,J-D,trunkLean,-2.816760892655772,,,
A,at_least_1_plus_1,advised,42,226,sub33,J-D,trunkLean,8.470390049473998,1.8783284814027361,,
A,at_least_1_plus_1,advised,42,226,sub34,J-D,trunkLean,-5.40819677859006,,,
A,at_least_1_plus_1,advised,42,226,sub35,J-D,trunkLean,3.664509120688571,1.1746330126325208,,
A,at_least_1_plus_1,advised,42,226,sub36,J-D,trunkLean,-3.5533239489339863,-0.9289722526411882,,
A,at_least_1_plus_1,advised,42,226,sub37,J-D,trunkLean,-8.688232046831736,-1.18266111164718,,
A,at_least_1_plus_1,advised,42,226,sub38,J-D,trunkLean,-0.5071433465770383,-0.12131745759326396,,
A,at_least_1_plus_1,advised,42,226,sub39,J-D,trunkLean,5.265256564010841,,,
A,at_least_1_plus_1,advised,42,226,sub40,J-D,trunkLean,-12.095300573623376,,,
A,at_least_1_plus_1,advised,42,226,sub41,J-D,trunkLean,0.7623118257772816,0.25842506397050574,,
A,at_least_1_plus_1,advised,42,226,sub42,J-D,trunkLean,-1.0452567555249317,-0.22906316254597034,,
A,at_least_1_plus_1,advised,42,226,sub43,J-D,trunkLean,-4.063319873259466,,,
A,at_least_1_plus_1,advised,42,226,sub44,J-D,trunkLean,1.4110100371148988,,,
A,at_least_1_plus_1,advised,42,226,sub01,J-D,landingKneeFlex,-0.27963286875780113,-0.049615798802130476,,
A,at_least_1_plus_1,advised,42,226,sub02,J-D,landingKneeFlex,-3.6678637520678308,,,
A,at_least_1_plus_1,advised,42,226,sub03,J-D,landingKneeFlex,-4.768095481890768,-1.0972923011753535,,
A,at_least_1_plus_1,advised,42,226,sub04,J-D,landingKneeFlex,4.4144397374686974,1.1793736514666375,,
A,at_least_1_plus_1,advised,42,226,sub06,J-D,landingKneeFlex,-1.7962217184112887,-0.5987405728037629,,
A,at_least_1_plus_1,advised,42,226,sub07,J-D,landingKneeFlex,0.5258254961042894,0.16954002770526042,,
A,at_least_1_plus_1,advised,42,226,sub08,J-D,landingKneeFlex,1.1667581181250313,0.38891937270834376,,
A,at_least_1_plus_1,advised,42,226,sub09,J-D,landingKneeFlex,-3.402482268318039,-0.8787326548841428,,
A,at_least_1_plus_1,advised,42,226,sub10,J-D,landingKneeFlex,-0.5624932348331555,-0.18749774494438518,,
A,at_least_1_plus_1,advised,42,226,sub11,J-D,landingKneeFlex,8.180365205718672,1.650969721757699,,
A,at_least_1_plus_1,advised,42,226,sub12,J-D,landingKneeFlex,-1.1649797525785033,-0.38832658419283445,,
A,at_least_1_plus_1,advised,42,226,sub13,J-D,landingKneeFlex,1.764123261547681,0.4695591306377563,,
A,at_least_1_plus_1,advised,42,226,sub14,J-D,landingKneeFlex,3.0900383706050576,1.0300127902016858,,
A,at_least_1_plus_1,advised,42,226,sub15,J-D,landingKneeFlex,-3.1122134994360096,,,
A,at_least_1_plus_1,advised,42,226,sub16,J-D,landingKneeFlex,-0.8000382902742444,,,
A,at_least_1_plus_1,advised,42,226,sub17,J-D,landingKneeFlex,4.620623015527407,0.8302515157512618,,
A,at_least_1_plus_1,advised,42,226,sub18,J-D,landingKneeFlex,-1.0664029850490877,-0.14510928216071156,,
A,at_least_1_plus_1,advised,42,226,sub19,J-D,landingKneeFlex,3.774857764034394,0.9580171739792175,,
A,at_least_1_plus_1,advised,42,226,sub21,J-D,landingKneeFlex,6.819219036578481,1.2796114940635064,,
A,at_least_1_plus_1,advised,42,226,sub22,J-D,landingKneeFlex,0.06952086686707304,0.021965982569390995,,
A,at_least_1_plus_1,advised,42,226,sub23,J-D,landingKneeFlex,-3.81407552076908,-0.8555771003288554,,
A,at_least_1_plus_1,advised,42,226,sub24,J-D,landingKneeFlex,2.5821938515179426,0.8607312838393142,,
A,at_least_1_plus_1,advised,42,226,sub25,J-D,landingKneeFlex,3.251709003632243,0.9949557650647818,,
A,at_least_1_plus_1,advised,42,226,sub26,J-D,landingKneeFlex,25.17758559123508,,,
A,at_least_1_plus_1,advised,42,226,sub27,J-D,landingKneeFlex,-10.270469227784247,-3.353084977045945,,
A,at_least_1_plus_1,advised,42,226,sub28,J-D,landingKneeFlex,-4.648953653449929,,,
A,at_least_1_plus_1,advised,42,226,sub29,J-D,landingKneeFlex,-0.38722185130873754,,,
A,at_least_1_plus_1,advised,42,226,sub30,J-D,landingKneeFlex,4.910423183701653,0.9360238439022385,,
A,at_least_1_plus_1,advised,42,226,sub31,J-D,landingKneeFlex,-5.9571037775308895,-1.0195737773448617,,
A,at_least_1_plus_1,advised,42,226,sub32,J-D,landingKneeFlex,0.5542595099539724,,,
A,at_least_1_plus_1,advised,42,226,sub33,J-D,landingKneeFlex,0.016880276655243165,0.005014887092002876,,
A,at_least_1_plus_1,advised,42,226,sub34,J-D,landingKneeFlex,-2.092359694651975,,,
A,at_least_1_plus_1,advised,42,226,sub35,J-D,landingKneeFlex,0.19188433749660305,0.03325718462963057,,
A,at_least_1_plus_1,advised,42,226,sub36,J-D,landingKneeFlex,-2.963057567260705,-0.8416184118128368,,
A,at_least_1_plus_1,advised,42,226,sub37,J-D,landingKneeFlex,-3.167275544323452,-0.6355223542334333,,
A,at_least_1_plus_1,advised,42,226,sub38,J-D,landingKneeFlex,3.513159929513023,1.1710533098376743,,
A,at_least_1_plus_1,advised,42,226,sub39,J-D,landingKneeFlex,13.03696036813841,,,
A,at_least_1_plus_1,advised,42,226,sub40,J-D,landingKneeFlex,-21.427863885742454,,,
A,at_least_1_plus_1,advised,42,226,sub41,J-D,landingKneeFlex,2.7592057477987595,0.8762451031131623,,
A,at_least_1_plus_1,advised,42,226,sub42,J-D,landingKneeFlex,0.4357436893635054,0.09505501906355937,,
A,at_least_1_plus_1,advised,42,226,sub43,J-D,landingKneeFlex,-2.7414032601385685,,,
A,at_least_1_plus_1,advised,42,226,sub44,J-D,landingKneeFlex,6.657581517159841,,,
A,at_least_1_plus_1,advised,42,226,sub01,J-D,rsiMod,-0.08392470610646807,-1.6374907219707031,,
A,at_least_1_plus_1,advised,42,226,sub02,J-D,rsiMod,0.06803654469024667,,,
A,at_least_1_plus_1,advised,42,226,sub03,J-D,rsiMod,-0.050154904177766746,-2.2252864702986304,,
A,at_least_1_plus_1,advised,42,226,sub04,J-D,rsiMod,-0.07541949107874488,-2.7722255958606383,,
A,at_least_1_plus_1,advised,42,226,sub06,J-D,rsiMod,-0.05495489449756413,-1.2605303263224652,,
A,at_least_1_plus_1,advised,42,226,sub07,J-D,rsiMod,0.09662778235191816,0.953144512031062,,
A,at_least_1_plus_1,advised,42,226,sub08,J-D,rsiMod,-0.09102137529222776,-2.2827004412320755,,
A,at_least_1_plus_1,advised,42,226,sub09,J-D,rsiMod,-0.06767149194262284,-2.0659789244683155,,
A,at_least_1_plus_1,advised,42,226,sub10,J-D,rsiMod,0.03625019522040429,0.6684051377520288,,
A,at_least_1_plus_1,advised,42,226,sub11,J-D,rsiMod,-0.05242584157621882,-0.7587412713463944,,
A,at_least_1_plus_1,advised,42,226,sub12,J-D,rsiMod,-0.026290872149043215,-1.1518656080469538,,
A,at_least_1_plus_1,advised,42,226,sub13,J-D,rsiMod,-0.049877251548737955,-1.1971176440704967,,
A,at_least_1_plus_1,advised,42,226,sub14,J-D,rsiMod,-0.023137990274604614,-0.5458271149827418,,
A,at_least_1_plus_1,advised,42,226,sub15,J-D,rsiMod,-0.07514951830437089,,,
A,at_least_1_plus_1,advised,42,226,sub16,J-D,rsiMod,0.0925474375063271,,,
A,at_least_1_plus_1,advised,42,226,sub17,J-D,rsiMod,-0.05276984101892829,-0.9095541708272297,,
A,at_least_1_plus_1,advised,42,226,sub18,J-D,rsiMod,0.06382856498843681,0.9583096077845566,,
A,at_least_1_plus_1,advised,42,226,sub19,J-D,rsiMod,0.07389037819944405,1.8766357965163678,,
A,at_least_1_plus_1,advised,42,226,sub21,J-D,rsiMod,0.02060710071754951,0.4653073560395076,,
A,at_least_1_plus_1,advised,42,226,sub22,J-D,rsiMod,-0.01125513015317331,-0.35345516800666915,,
A,at_least_1_plus_1,advised,42,226,sub23,J-D,rsiMod,-0.06727894311358018,-1.0700646883383842,,
A,at_least_1_plus_1,advised,42,226,sub24,J-D,rsiMod,-0.02041966640340831,-0.37016272826155927,,
A,at_least_1_plus_1,advised,42,226,sub25,J-D,rsiMod,0.01898312975111427,0.34422904253696746,,
A,at_least_1_plus_1,advised,42,226,sub26,J-D,rsiMod,-0.15609513533463615,,,
A,at_least_1_plus_1,advised,42,226,sub27,J-D,rsiMod,-0.03683244142932596,-1.5871963845126753,,
A,at_least_1_plus_1,advised,42,226,sub28,J-D,rsiMod,0.09775399453183531,,,
A,at_least_1_plus_1,advised,42,226,sub29,J-D,rsiMod,0.011845716149647356,,,
A,at_least_1_plus_1,advised,42,226,sub30,J-D,rsiMod,-0.10029750032556328,-0.9303375355391388,,
A,at_least_1_plus_1,advised,42,226,sub31,J-D,rsiMod,0.027547798324180972,0.4138189890744692,,
A,at_least_1_plus_1,advised,42,226,sub32,J-D,rsiMod,-0.1718390299799456,,,
A,at_least_1_plus_1,advised,42,226,sub33,J-D,rsiMod,-0.14262280002891248,-2.554375621548993,,
A,at_least_1_plus_1,advised,42,226,sub34,J-D,rsiMod,-0.01685562160575005,,,
A,at_least_1_plus_1,advised,42,226,sub35,J-D,rsiMod,0.013118661669445641,0.2999924304282909,,
A,at_least_1_plus_1,advised,42,226,sub36,J-D,rsiMod,0.10077268068976031,1.2317509471043773,,
A,at_least_1_plus_1,advised,42,226,sub37,J-D,rsiMod,-0.041470562892921614,-0.41309786683018007,,
A,at_least_1_plus_1,advised,42,226,sub38,J-D,rsiMod,0.04552653071717111,0.658705544538563,,
A,at_least_1_plus_1,advised,42,226,sub39,J-D,rsiMod,-0.042399635879184605,,,
A,at_least_1_plus_1,advised,42,226,sub40,J-D,rsiMod,0.032151922240390374,,,
A,at_least_1_plus_1,advised,42,226,sub41,J-D,rsiMod,-0.03205003275050844,-1.2703617692969007,,
A,at_least_1_plus_1,advised,42,226,sub42,J-D,rsiMod,-0.06231196262965544,-1.39782764724794,,
A,at_least_1_plus_1,advised,42,226,sub43,J-D,rsiMod,-0.018676914038391446,,,
A,at_least_1_plus_1,advised,42,226,sub44,J-D,rsiMod,0.047478670903969955,,,
A,at_least_1_plus_1,advised,42,226,sub01,J-D,eccentricDuration,0.02090716837555795,0.5226792093889487,,
A,at_least_1_plus_1,advised,42,226,sub02,J-D,eccentricDuration,-0.037066279266536106,,,
A,at_least_1_plus_1,advised,42,226,sub03,J-D,eccentricDuration,0.13890176224443906,1.7735010121637362,,
A,at_least_1_plus_1,advised,42,226,sub04,J-D,eccentricDuration,0.35358935360147614,2.3334263853581816,,
A,at_least_1_plus_1,advised,42,226,sub06,J-D,eccentricDuration,0.05099584117471678,0.5285006786130692,,
A,at_least_1_plus_1,advised,42,226,sub07,J-D,eccentricDuration,-0.11793518098415556,-1.03445843247463,,
A,at_least_1_plus_1,advised,42,226,sub08,J-D,eccentricDuration,0.0664557990432108,1.6613949760802702,,
A,at_least_1_plus_1,advised,42,226,sub09,J-D,eccentricDuration,0.05101972597748661,1.008697594927505,,
A,at_least_1_plus_1,advised,42,226,sub10,J-D,eccentricDuration,-0.026894589832404503,-0.6330704297400477,,
A,at_least_1_plus_1,advised,42,226,sub11,J-D,eccentricDuration,0.06491544570121272,1.152009615825813,,
A,at_least_1_plus_1,advised,42,226,sub12,J-D,eccentricDuration,-0.008695834185465268,-0.2173958546366317,,
A,at_least_1_plus_1,advised,42,226,sub13,J-D,eccentricDuration,0.04297887932367028,1.0713708928724621,,
A,at_least_1_plus_1,advised,42,226,sub14,J-D,eccentricDuration,0.021363080339099172,0.2953494522628296,,
A,at_least_1_plus_1,advised,42,226,sub15,J-D,eccentricDuration,0.12039182093086692,,,
A,at_least_1_plus_1,advised,42,226,sub16,J-D,eccentricDuration,-0.021839290951636003,,,
A,at_least_1_plus_1,advised,42,226,sub17,J-D,eccentricDuration,0.04455495719850633,0.45018485769201105,,
A,at_least_1_plus_1,advised,42,226,sub18,J-D,eccentricDuration,-0.25041711721060944,-0.8260695957049197,,
A,at_least_1_plus_1,advised,42,226,sub19,J-D,eccentricDuration,-0.48923136555935165,-4.164171063094173,,
A,at_least_1_plus_1,advised,42,226,sub21,J-D,eccentricDuration,-0.08609918052232668,-0.7787875499249199,,
A,at_least_1_plus_1,advised,42,226,sub22,J-D,eccentricDuration,0.03656308376127626,0.6604388085561044,,
A,at_least_1_plus_1,advised,42,226,sub23,J-D,eccentricDuration,0.03185753733531438,0.7964384333828595,,
A,at_least_1_plus_1,advised,42,226,sub24,J-D,eccentricDuration,-0.001580189080479577,-0.03934405367641891,,
A,at_least_1_plus_1,advised,42,226,sub25,J-D,eccentricDuration,-0.04741700059510223,-0.6236605108482635,,
A,at_least_1_plus_1,advised,42,226,sub26,J-D,eccentricDuration,0.05158271313141338,,,
A,at_least_1_plus_1,advised,42,226,sub27,J-D,eccentricDuration,0.014226108476604882,0.35565271191512204,,
A,at_least_1_plus_1,advised,42,226,sub28,J-D,eccentricDuration,0.020054217690405274,,,
A,at_least_1_plus_1,advised,42,226,sub29,J-D,eccentricDuration,0.014072991533092272,,,
A,at_least_1_plus_1,advised,42,226,sub30,J-D,eccentricDuration,0.04504038600142202,0.6485901068004927,,
A,at_least_1_plus_1,advised,42,226,sub31,J-D,eccentricDuration,-0.007705928972635556,-0.1926482243158889,,
A,at_least_1_plus_1,advised,42,226,sub32,J-D,eccentricDuration,0.047297057017169186,,,
A,at_least_1_plus_1,advised,42,226,sub33,J-D,eccentricDuration,0.06139658353452393,1.5349145883630981,,
A,at_least_1_plus_1,advised,42,226,sub34,J-D,eccentricDuration,0.002794316230099736,,,
A,at_least_1_plus_1,advised,42,226,sub35,J-D,eccentricDuration,-0.015329443507721918,-0.29673360551995664,,
A,at_least_1_plus_1,advised,42,226,sub36,J-D,eccentricDuration,-0.14284747377510348,-0.8713513900577621,,
A,at_least_1_plus_1,advised,42,226,sub37,J-D,eccentricDuration,0.12962995223761176,1.0802650423704736,,
A,at_least_1_plus_1,advised,42,226,sub38,J-D,eccentricDuration,-0.03926808589201142,-0.651717085380688,,
A,at_least_1_plus_1,advised,42,226,sub39,J-D,eccentricDuration,0.0454755087240748,,,
A,at_least_1_plus_1,advised,42,226,sub40,J-D,eccentricDuration,-0.18483525037665904,,,
A,at_least_1_plus_1,advised,42,226,sub41,J-D,eccentricDuration,0.018220676329086527,0.43942448801071105,,
A,at_least_1_plus_1,advised,42,226,sub42,J-D,eccentricDuration,0.033532916028574444,0.8383229007143611,,
A,at_least_1_plus_1,advised,42,226,sub43,J-D,eccentricDuration,-0.026426815735513587,,,
A,at_least_1_plus_1,advised,42,226,sub44,J-D,eccentricDuration,-0.02833814750239788,,,
A,at_least_1_plus_1,advised,42,226,sub01,J-D,flightTime,-0.022222222222222476,-0.5055674595784806,,
A,at_least_1_plus_1,advised,42,226,sub02,J-D,flightTime,0.027777777777778012,,,
A,at_least_1_plus_1,advised,42,226,sub03,J-D,flightTime,-0.022222222222222476,-0.5643500098761329,,
A,at_least_1_plus_1,advised,42,226,sub04,J-D,flightTime,0.022222222222222587,0.6944444444444559,,
A,at_least_1_plus_1,advised,42,226,sub06,J-D,flightTime,-0.05555555555555536,-1.2590374185984479,,
A,at_least_1_plus_1,advised,42,226,sub07,J-D,flightTime,0.03333333333333344,0.8040119451057067,,
A,at_least_1_plus_1,advised,42,226,sub08,J-D,flightTime,0.07777777777777783,1.7596445186299376,,
A,at_least_1_plus_1,advised,42,226,sub09,J-D,flightTime,-0.055555555555555025,-1.3873858875107419,,
A,at_least_1_plus_1,advised,42,226,sub10,J-D,flightTime,0.022222222222222365,0.6305069248032786,,
A,at_least_1_plus_1,advised,42,226,sub11,J-D,flightTime,-0.011111111111111183,-0.22147472791383035,,
A,at_least_1_plus_1,advised,42,226,sub12,J-D,flightTime,-0.022222222222222143,-0.8333333333333305,,
A,at_least_1_plus_1,advised,42,226,sub13,J-D,flightTime,0.022222222222222143,0.4618802153516987,,
A,at_least_1_plus_1,advised,42,226,sub14,J-D,flightTime,0.04444444444444429,1.3105941716567298,,
A,at_least_1_plus_1,advised,42,226,sub15,J-D,flightTime,-0.04999999999999993,,,
A,at_least_1_plus_1,advised,42,226,sub16,J-D,flightTime,0.0277777777777779,,,
A,at_least_1_plus_1,advised,42,226,sub17,J-D,flightTime,-0.03333333333333355,-0.45307537143206444,,
A,at_least_1_plus_1,advised,42,226,sub18,J-D,flightTime,-0.0444444444444444,-0.7481671309229101,,
A,at_least_1_plus_1,advised,42,226,sub19,J-D,flightTime,-0.09999999999999976,-1.348981518953192,,
A,at_least_1_plus_1,advised,42,226,sub21,J-D,flightTime,-0.02222222222222192,-0.4271223550377721,,
A,at_least_1_plus_1,advised,42,226,sub22,J-D,flightTime,-0.05555555555555558,-1.0958906513464644,,
A,at_least_1_plus_1,advised,42,226,sub23,J-D,flightTime,0.022222222222222476,0.5027555767514157,,
A,at_least_1_plus_1,advised,42,226,sub24,J-D,flightTime,-0.04444444444444429,-1.1547005383792515,,
A,at_least_1_plus_1,advised,42,226,sub25,J-D,flightTime,0.022222222222222143,0.5360079634038019,,
A,at_least_1_plus_1,advised,42,226,sub26,J-D,flightTime,-1.1102230246251565e-16,,,
A,at_least_1_plus_1,advised,42,226,sub27,J-D,flightTime,-0.02222222222222192,-0.2485497955151265,,
A,at_least_1_plus_1,advised,42,226,sub28,J-D,flightTime,-0.016666666666666607,,,
A,at_least_1_plus_1,advised,42,226,sub29,J-D,flightTime,0.033333333333333326,,,
A,at_least_1_plus_1,advised,42,226,sub30,J-D,flightTime,-0.02222222222222192,-0.5123082046158911,,
A,at_least_1_plus_1,advised,42,226,sub31,J-D,flightTime,-0.0777777777777775,-2.430555555555546,,
A,at_least_1_plus_1,advised,42,226,sub32,J-D,flightTime,-0.08333333333333337,,,
A,at_least_1_plus_1,advised,42,226,sub33,J-D,flightTime,0.011111111111111072,0.3333333333333321,,
A,at_least_1_plus_1,advised,42,226,sub34,J-D,flightTime,0.01666666666666683,,,
A,at_least_1_plus_1,advised,42,226,sub35,J-D,flightTime,-0.011111111111110628,-0.14838803449849725,,
A,at_least_1_plus_1,advised,42,226,sub36,J-D,flightTime,-0.04444444444444462,-0.888395533394109,,
A,at_least_1_plus_1,advised,42,226,sub37,J-D,flightTime,0.011111111111111294,0.22147472791383488,,
A,at_least_1_plus_1,advised,42,226,sub38,J-D,flightTime,0.011111111111111294,0.2045255759169333,,
A,at_least_1_plus_1,advised,42,226,sub39,J-D,flightTime,0.08333333333333304,,,
A,at_least_1_plus_1,advised,42,226,sub40,J-D,flightTime,-0.06666666666666665,,,
A,at_least_1_plus_1,advised,42,226,sub41,J-D,flightTime,-0.022222222222222032,-0.40905115183385815,,
A,at_least_1_plus_1,advised,42,226,sub42,J-D,flightTime,0.011111111111111183,0.25615410230795066,,
A,at_least_1_plus_1,advised,42,226,sub43,J-D,flightTime,0.0277777777777779,,,
A,at_least_1_plus_1,advised,42,226,sub44,J-D,flightTime,-0.016666666666666607,,,
A,at_least_1_plus_1,advised,42,226,sub01,J-D,concentricDuration,0.022222222222222365,0.7407407407407456,,
A,at_least_1_plus_1,advised,42,226,sub02,J-D,concentricDuration,-0.027777777777778012,,,
A,at_least_1_plus_1,advised,42,226,sub03,J-D,concentricDuration,0.0222222222222222,0.5596127479783995,,
A,at_least_1_plus_1,advised,42,226,sub04,J-D,concentricDuration,0.1222222222222219,2.7340477506664262,,
A,at_least_1_plus_1,advised,42,226,sub06,J-D,concentricDuration,0.17777777777777792,1.8138997271737687,,
A,at_least_1_plus_1,advised,42,226,sub07,J-D,concentricDuration,0,0,,
A,at_least_1_plus_1,advised,42,226,sub08,J-D,concentricDuration,0.011111111111110988,0.3703703703703663,,
A,at_least_1_plus_1,advised,42,226,sub09,J-D,concentricDuration,0.03333333333333305,0.6744907594765941,,
A,at_least_1_plus_1,advised,42,226,sub10,J-D,concentricDuration,0,0,,
A,at_least_1_plus_1,advised,42,226,sub11,J-D,concentricDuration,0.01111111111111121,0.27462811013214494,,
A,at_least_1_plus_1,advised,42,226,sub12,J-D,concentricDuration,0.033333333333333215,1.1111111111111072,,
A,at_least_1_plus_1,advised,42,226,sub13,J-D,concentricDuration,0.03333333333333352,0.839419121967605,,
A,at_least_1_plus_1,advised,42,226,sub14,J-D,concentricDuration,-0.011111111111110988,-0.3703703703703663,,
A,at_least_1_plus_1,advised,42,226,sub15,J-D,concentricDuration,0.01111111111111085,,,
A,at_least_1_plus_1,advised,42,226,sub16,J-D,concentricDuration,-0.01666666666666658,,,
A,at_least_1_plus_1,advised,42,226,sub17,J-D,concentricDuration,0.033333333333333354,1.1111111111111118,,
A,at_least_1_plus_1,advised,42,226,sub18,J-D,concentricDuration,0.02222222222222231,0.5596127479784024,,
A,at_least_1_plus_1,advised,42,226,sub19,J-D,concentricDuration,0.011111111111111072,0.14838803449850274,,
A,at_least_1_plus_1,advised,42,226,sub21,J-D,concentricDuration,0.01111111111111085,0.2527837297892298,,
A,at_least_1_plus_1,advised,42,226,sub22,J-D,concentricDuration,0,0,,
A,at_least_1_plus_1,advised,42,226,sub23,J-D,concentricDuration,5.551115123125783e-17,1.8503717077085944e-15,,
A,at_least_1_plus_1,advised,42,226,sub24,J-D,concentricDuration,0.011111111111110794,0.3703703703703598,,
A,at_least_1_plus_1,advised,42,226,sub25,J-D,concentricDuration,-8.326672684688674e-17,-2.058064544776485e-15,,
A,at_least_1_plus_1,advised,42,226,sub26,J-D,concentricDuration,0.06666666666666654,,,
A,at_least_1_plus_1,advised,42,226,sub27,J-D,concentricDuration,0.011111111111111238,0.3703703703703746,,
A,at_least_1_plus_1,advised,42,226,sub28,J-D,concentricDuration,-0.03333333333333299,,,
A,at_least_1_plus_1,advised,42,226,sub29,J-D,concentricDuration,-0.03333333333333344,,,
A,at_least_1_plus_1,advised,42,226,sub30,J-D,concentricDuration,0.04444444444444429,1.0985124405285676,,
A,at_least_1_plus_1,advised,42,226,sub31,J-D,concentricDuration,-2.220446049250313e-16,-7.401486830834377e-15,,
A,at_least_1_plus_1,advised,42,226,sub32,J-D,concentricDuration,0.04999999999999993,,,
A,at_least_1_plus_1,advised,42,226,sub33,J-D,concentricDuration,0.04444444444444429,1.4814814814814763,,
A,at_least_1_plus_1,advised,42,226,sub34,J-D,concentricDuration,-0.01666666666666672,,,
A,at_least_1_plus_1,advised,42,226,sub35,J-D,concentricDuration,-0.011111111111111294,-0.3244592845595612,,
A,at_least_1_plus_1,advised,42,226,sub36,J-D,concentricDuration,-0.08888888888888888,-1.661784615190571,,
A,at_least_1_plus_1,advised,42,226,sub37,J-D,concentricDuration,-0.022222222222222365,-0.5596127479784038,,
A,at_least_1_plus_1,advised,42,226,sub38,J-D,concentricDuration,-0.033333333333333603,-0.7598637512044593,,
A,at_least_1_plus_1,advised,42,226,sub39,J-D,concentricDuration,-5.551115123125783e-17,,,
A,at_least_1_plus_1,advised,42,226,sub40,J-D,concentricDuration,-0.06666666666666698,,,
A,at_least_1_plus_1,advised,42,226,sub41,J-D,concentricDuration,0,0,,
A,at_least_1_plus_1,advised,42,226,sub42,J-D,concentricDuration,5.551115123125783e-17,1.8503717077085944e-15,,
A,at_least_1_plus_1,advised,42,226,sub43,J-D,concentricDuration,-0.011111111111111183,,,
A,at_least_1_plus_1,advised,42,226,sub44,J-D,concentricDuration,-0.033333333333333326,,,
A,at_least_1_plus_1,advised,42,226,sub01,J-D,asymmetry,-1.5084665772729977,-0.6386766165488686,,
A,at_least_1_plus_1,advised,42,226,sub02,J-D,asymmetry,1.351381323111025,,,
A,at_least_1_plus_1,advised,42,226,sub03,J-D,asymmetry,-1.883295727131042,-0.941647863565521,,
A,at_least_1_plus_1,advised,42,226,sub04,J-D,asymmetry,-1.6497532851231735,-0.6980068612619678,,
A,at_least_1_plus_1,advised,42,226,sub06,J-D,asymmetry,-1.4253448284712436,-0.6952060449559432,,
A,at_least_1_plus_1,advised,42,226,sub07,J-D,asymmetry,3.0462061756463603,1.2900986585887775,,
A,at_least_1_plus_1,advised,42,226,sub08,J-D,asymmetry,1.4179512087379091,0.7089756043689546,,
A,at_least_1_plus_1,advised,42,226,sub09,J-D,asymmetry,1.3233539350356316,0.3163650789332929,,
A,at_least_1_plus_1,advised,42,226,sub10,J-D,asymmetry,0.35928971972368606,0.17964485986184303,,
A,at_least_1_plus_1,advised,42,226,sub11,J-D,asymmetry,-0.46296363654289063,-0.2268698936643883,,
A,at_least_1_plus_1,advised,42,226,sub12,J-D,asymmetry,-0.9663941269086438,-0.3147781494694726,,
A,at_least_1_plus_1,advised,42,226,sub13,J-D,asymmetry,-3.5921494891687757,-1.7676642023658578,,
A,at_least_1_plus_1,advised,42,226,sub14,J-D,asymmetry,4.51094931848184,1.839684289772319,,
A,at_least_1_plus_1,advised,42,226,sub15,J-D,asymmetry,-1.7419366729175234,,,
A,at_least_1_plus_1,advised,42,226,sub16,J-D,asymmetry,0.6784537370176622,,,
A,at_least_1_plus_1,advised,42,226,sub17,J-D,asymmetry,1.242859785925475,0.4914574762505188,,
A,at_least_1_plus_1,advised,42,226,sub18,J-D,asymmetry,2.8819522470726424,1.074086460799727,,
A,at_least_1_plus_1,advised,42,226,sub19,J-D,asymmetry,-1.9139234527734548,-0.8931016084735458,,
A,at_least_1_plus_1,advised,42,226,sub21,J-D,asymmetry,-0.9735713990752068,-0.3260733700872832,,
A,at_least_1_plus_1,advised,42,226,sub22,J-D,asymmetry,-3.612637929529877,-1.8063189647649385,,
A,at_least_1_plus_1,advised,42,226,sub23,J-D,asymmetry,-1.6598471923147713,-0.6937104481288724,,
A,at_least_1_plus_1,advised,42,226,sub24,J-D,asymmetry,0.1619025910684213,0.05390252899411293,,
A,at_least_1_plus_1,advised,42,226,sub25,J-D,asymmetry,1.3874355083918122,0.5533114891095077,,
A,at_least_1_plus_1,advised,42,226,sub26,J-D,asymmetry,0.730742210600205,,,
A,at_least_1_plus_1,advised,42,226,sub27,J-D,asymmetry,2.5472088526182968,0.9615357519763571,,
A,at_least_1_plus_1,advised,42,226,sub28,J-D,asymmetry,4.423798192293901,,,
A,at_least_1_plus_1,advised,42,226,sub29,J-D,asymmetry,-2.5957605266505936,,,
A,at_least_1_plus_1,advised,42,226,sub30,J-D,asymmetry,-2.7757263178318725,-1.1860028976582333,,
A,at_least_1_plus_1,advised,42,226,sub31,J-D,asymmetry,4.097087628539592,1.2707768560042025,,
A,at_least_1_plus_1,advised,42,226,sub32,J-D,asymmetry,-0.9638745364423826,,,
A,at_least_1_plus_1,advised,42,226,sub33,J-D,asymmetry,-1.0787409185469983,-0.3428601960302621,,
A,at_least_1_plus_1,advised,42,226,sub34,J-D,asymmetry,0.3012383213098744,,,
A,at_least_1_plus_1,advised,42,226,sub35,J-D,asymmetry,5.176443659415,1.638235071857235,,
A,at_least_1_plus_1,advised,42,226,sub36,J-D,asymmetry,-0.3271315498268166,-0.1635657749134083,,
A,at_least_1_plus_1,advised,42,226,sub37,J-D,asymmetry,-0.9600391580191663,-0.289068163915048,,
A,at_least_1_plus_1,advised,42,226,sub38,J-D,asymmetry,0.2193770458748503,0.10968852293742515,,
A,at_least_1_plus_1,advised,42,226,sub39,J-D,asymmetry,4.1198245307479056,,,
A,at_least_1_plus_1,advised,42,226,sub40,J-D,asymmetry,-12.65904579369419,,,
A,at_least_1_plus_1,advised,42,226,sub41,J-D,asymmetry,-1.9999202623150958,-0.9999601311575479,,
A,at_least_1_plus_1,advised,42,226,sub42,J-D,asymmetry,2.356903498097504,0.7313137099027803,,
A,at_least_1_plus_1,advised,42,226,sub43,J-D,asymmetry,-0.3614290627923067,,,
A,at_least_1_plus_1,advised,42,226,sub44,J-D,asymmetry,6.573232443803235,,,
A,at_least_1_plus_1,advised,42,226,sub01,J-B,S0,-0.1599804722678302,,,
A,at_least_1_plus_1,advised,42,226,sub02,J-B,S0,0.005452154268915765,,,
A,at_least_1_plus_1,advised,42,226,sub03,J-B,S0,0.16215807958473882,,,
A,at_least_1_plus_1,advised,42,226,sub04,J-B,S0,0.7200468287840531,,,
A,at_least_1_plus_1,advised,42,226,sub06,J-B,S0,0.5162185742284155,,,
A,at_least_1_plus_1,advised,42,226,sub07,J-B,S0,0.11073053690069001,,,
A,at_least_1_plus_1,advised,42,226,sub08,J-B,S0,-0.2028714487312654,,,
A,at_least_1_plus_1,advised,42,226,sub09,J-B,S0,0.03939509600371305,,,
A,at_least_1_plus_1,advised,42,226,sub10,J-B,S0,-0.04621656440075406,,,
A,at_least_1_plus_1,advised,42,226,sub11,J-B,S0,0.015084538931072089,,,
A,at_least_1_plus_1,advised,42,226,sub12,J-B,S0,0.16720311675142652,,,
A,at_least_1_plus_1,advised,42,226,sub13,J-B,S0,0.08536338170814806,,,
A,at_least_1_plus_1,advised,42,226,sub14,J-B,S0,-0.017143441423792316,,,
A,at_least_1_plus_1,advised,42,226,sub15,J-B,S0,0.21374053670653792,,,
A,at_least_1_plus_1,advised,42,226,sub16,J-B,S0,0.16420794646570713,,,
A,at_least_1_plus_1,advised,42,226,sub17,J-B,S0,0.054539756906268,,,
A,at_least_1_plus_1,advised,42,226,sub18,J-B,S0,-0.186039979328952,,,
A,at_least_1_plus_1,advised,42,226,sub19,J-B,S0,-0.5903911071387882,,,
A,at_least_1_plus_1,advised,42,226,sub21,J-B,S0,-0.10867701396963647,,,
A,at_least_1_plus_1,advised,42,226,sub22,J-B,S0,0.006050606674793457,,,
A,at_least_1_plus_1,advised,42,226,sub23,J-B,S0,-0.20897401771167867,,,
A,at_least_1_plus_1,advised,42,226,sub24,J-B,S0,0.04668597090154103,,,
A,at_least_1_plus_1,advised,42,226,sub25,J-B,S0,0.001341588936889071,,,
A,at_least_1_plus_1,advised,42,226,sub26,J-B,S0,-0.029362635726154496,,,
A,at_least_1_plus_1,advised,42,226,sub27,J-B,S0,-0.025788755909308403,,,
A,at_least_1_plus_1,advised,42,226,sub28,J-B,S0,0.36859727431813627,,,
A,at_least_1_plus_1,advised,42,226,sub29,J-B,S0,-0.08094485783453065,,,
A,at_least_1_plus_1,advised,42,226,sub30,J-B,S0,0.14372870343875055,,,
A,at_least_1_plus_1,advised,42,226,sub31,J-B,S0,-0.020670488571737256,,,
A,at_least_1_plus_1,advised,42,226,sub32,J-B,S0,-0.39642286396605586,,,
A,at_least_1_plus_1,advised,42,226,sub33,J-B,S0,-0.1923292672098772,,,
A,at_least_1_plus_1,advised,42,226,sub34,J-B,S0,-0.2397903947587332,,,
A,at_least_1_plus_1,advised,42,226,sub35,J-B,S0,-0.050301717014373915,,,
A,at_least_1_plus_1,advised,42,226,sub36,J-B,S0,-0.10505911493839526,,,
A,at_least_1_plus_1,advised,42,226,sub37,J-B,S0,-0.09437022423003982,,,
A,at_least_1_plus_1,advised,42,226,sub38,J-B,S0,-0.027081307202956206,,,
A,at_least_1_plus_1,advised,42,226,sub39,J-B,S0,0.0329070168991461,,,
A,at_least_1_plus_1,advised,42,226,sub40,J-B,S0,-0.6156159075551861,,,
A,at_least_1_plus_1,advised,42,226,sub41,J-B,S0,0.03778265864411856,,,
A,at_least_1_plus_1,advised,42,226,sub42,J-B,S0,-0.09085113764705777,,,
A,at_least_1_plus_1,advised,42,226,sub43,J-B,S0,-0.09023770787675556,,,
A,at_least_1_plus_1,advised,42,226,sub44,J-B,S0,-0.06257532001775834,,,
A,at_least_1_plus_1,advised,42,226,sub01,J-B,S-P2,-0.17198399176680645,,,
A,at_least_1_plus_1,advised,42,226,sub02,J-B,S-P2,-0.004288442147616811,,,
A,at_least_1_plus_1,advised,42,226,sub03,J-B,S-P2,0.15583683668979442,,,
A,at_least_1_plus_1,advised,42,226,sub04,J-B,S-P2,0.7548179217070305,,,
A,at_least_1_plus_1,advised,42,226,sub06,J-B,S-P2,0.58148501073074,,,
A,at_least_1_plus_1,advised,42,226,sub07,J-B,S-P2,0.11048270358909562,,,
A,at_least_1_plus_1,advised,42,226,sub08,J-B,S-P2,-0.19578252647330063,,,
A,at_least_1_plus_1,advised,42,226,sub09,J-B,S-P2,0.03103449622724419,,,
A,at_least_1_plus_1,advised,42,226,sub10,J-B,S-P2,-0.04508273808079044,,,
A,at_least_1_plus_1,advised,42,226,sub11,J-B,S-P2,0.0022446876258394033,,,
A,at_least_1_plus_1,advised,42,226,sub12,J-B,S-P2,0.1640331143806003,,,
A,at_least_1_plus_1,advised,42,226,sub13,J-B,S-P2,0.14155757090467835,,,
A,at_least_1_plus_1,advised,42,226,sub14,J-B,S-P2,0.01763412367246575,,,
A,at_least_1_plus_1,advised,42,226,sub15,J-B,S-P2,0.200494181978496,,,
A,at_least_1_plus_1,advised,42,226,sub16,J-B,S-P2,0.1635146467114128,,,
A,at_least_1_plus_1,advised,42,226,sub17,J-B,S-P2,0.06649229890562292,,,
A,at_least_1_plus_1,advised,42,226,sub18,J-B,S-P2,-0.20141814985034223,,,
A,at_least_1_plus_1,advised,42,226,sub19,J-B,S-P2,-0.6498614463667853,,,
A,at_least_1_plus_1,advised,42,226,sub21,J-B,S-P2,-0.12163994527779476,,,
A,at_least_1_plus_1,advised,42,226,sub22,J-B,S-P2,0.016490383305168332,,,
A,at_least_1_plus_1,advised,42,226,sub23,J-B,S-P2,-0.22445388353228984,,,
A,at_least_1_plus_1,advised,42,226,sub24,J-B,S-P2,0.07447453443512586,,,
A,at_least_1_plus_1,advised,42,226,sub25,J-B,S-P2,0.001261704693134802,,,
A,at_least_1_plus_1,advised,42,226,sub26,J-B,S-P2,-0.030798789918097036,,,
A,at_least_1_plus_1,advised,42,226,sub27,J-B,S-P2,-0.06070855224898708,,,
A,at_least_1_plus_1,advised,42,226,sub28,J-B,S-P2,0.4137589300290214,,,
A,at_least_1_plus_1,advised,42,226,sub29,J-B,S-P2,-0.11417460462371554,,,
A,at_least_1_plus_1,advised,42,226,sub30,J-B,S-P2,0.16754648504187075,,,
A,at_least_1_plus_1,advised,42,226,sub31,J-B,S-P2,-0.03605424946743718,,,
A,at_least_1_plus_1,advised,42,226,sub32,J-B,S-P2,-0.3539076730865961,,,
A,at_least_1_plus_1,advised,42,226,sub33,J-B,S-P2,-0.19853323672014322,,,
A,at_least_1_plus_1,advised,42,226,sub34,J-B,S-P2,-0.2550549858883867,,,
A,at_least_1_plus_1,advised,42,226,sub35,J-B,S-P2,-0.06419053294751287,,,
A,at_least_1_plus_1,advised,42,226,sub36,J-B,S-P2,-0.11345606238002659,,,
A,at_least_1_plus_1,advised,42,226,sub37,J-B,S-P2,-0.09946990459673744,,,
A,at_least_1_plus_1,advised,42,226,sub38,J-B,S-P2,-0.020107592883383374,,,
A,at_least_1_plus_1,advised,42,226,sub39,J-B,S-P2,-0.05216364893017067,,,
A,at_least_1_plus_1,advised,42,226,sub40,J-B,S-P2,-0.645530925487157,,,
A,at_least_1_plus_1,advised,42,226,sub41,J-B,S-P2,0.05212622028465441,,,
A,at_least_1_plus_1,advised,42,226,sub42,J-B,S-P2,-0.10561336375811181,,,
A,at_least_1_plus_1,advised,42,226,sub43,J-B,S-P2,-0.12134722459309899,,,
A,at_least_1_plus_1,advised,42,226,sub44,J-B,S-P2,-0.008097319325608532,,,
A,at_least_1_plus_1,advised,42,226,sub01,J-B,S-P3,-0.1500232558995197,,,
A,at_least_1_plus_1,advised,42,226,sub02,J-B,S-P3,-0.00015112792646809758,,,
A,at_least_1_plus_1,advised,42,226,sub03,J-B,S-P3,0.18979112787425456,,,
A,at_least_1_plus_1,advised,42,226,sub04,J-B,S-P3,0.7684514123535124,,,
A,at_least_1_plus_1,advised,42,226,sub06,J-B,S-P3,0.5482641120876451,,,
A,at_least_1_plus_1,advised,42,226,sub07,J-B,S-P3,0.06907034213387642,,,
A,at_least_1_plus_1,advised,42,226,sub08,J-B,S-P3,-0.3124332627021785,,,
A,at_least_1_plus_1,advised,42,226,sub09,J-B,S-P3,0.04198906859626783,,,
A,at_least_1_plus_1,advised,42,226,sub10,J-B,S-P3,-0.041834976012520064,,,
A,at_least_1_plus_1,advised,42,226,sub11,J-B,S-P3,0.00833056308802338,,,
A,at_least_1_plus_1,advised,42,226,sub12,J-B,S-P3,0.161701241303144,,,
A,at_least_1_plus_1,advised,42,226,sub13,J-B,S-P3,0.030640585925849728,,,
A,at_least_1_plus_1,advised,42,226,sub14,J-B,S-P3,0.052244294012377734,,,
A,at_least_1_plus_1,advised,42,226,sub15,J-B,S-P3,0.23000749272081522,,,
A,at_least_1_plus_1,advised,42,226,sub16,J-B,S-P3,0.17692786788008152,,,
A,at_least_1_plus_1,advised,42,226,sub17,J-B,S-P3,-0.010655687673126524,,,
A,at_least_1_plus_1,advised,42,226,sub18,J-B,S-P3,-0.21701884645191072,,,
A,at_least_1_plus_1,advised,42,226,sub19,J-B,S-P3,-0.6227619635577275,,,
A,at_least_1_plus_1,advised,42,226,sub21,J-B,S-P3,-0.11958545518385622,,,
A,at_least_1_plus_1,advised,42,226,sub22,J-B,S-P3,-0.06179219115576168,,,
A,at_least_1_plus_1,advised,42,226,sub23,J-B,S-P3,-0.19434693652507473,,,
A,at_least_1_plus_1,advised,42,226,sub24,J-B,S-P3,0.05921519549631693,,,
A,at_least_1_plus_1,advised,42,226,sub25,J-B,S-P3,0.003556760429714312,,,
A,at_least_1_plus_1,advised,42,226,sub26,J-B,S-P3,-0.02367156382975577,,,
A,at_least_1_plus_1,advised,42,226,sub27,J-B,S-P3,-0.003467907027004502,,,
A,at_least_1_plus_1,advised,42,226,sub28,J-B,S-P3,0.309784857379255,,,
A,at_least_1_plus_1,advised,42,226,sub29,J-B,S-P3,-0.11475786997600479,,,
A,at_least_1_plus_1,advised,42,226,sub30,J-B,S-P3,0.11764069670505994,,,
A,at_least_1_plus_1,advised,42,226,sub31,J-B,S-P3,-0.08964690696293975,,,
A,at_least_1_plus_1,advised,42,226,sub32,J-B,S-P3,-0.4069419153672891,,,
A,at_least_1_plus_1,advised,42,226,sub33,J-B,S-P3,-0.20808484057873,,,
A,at_least_1_plus_1,advised,42,226,sub34,J-B,S-P3,-0.24761328949762818,,,
A,at_least_1_plus_1,advised,42,226,sub35,J-B,S-P3,-0.037487258802857415,,,
A,at_least_1_plus_1,advised,42,226,sub36,J-B,S-P3,-0.12819561801001944,,,
A,at_least_1_plus_1,advised,42,226,sub37,J-B,S-P3,-0.10995364623110593,,,
A,at_least_1_plus_1,advised,42,226,sub38,J-B,S-P3,-0.03383068614381268,,,
A,at_least_1_plus_1,advised,42,226,sub39,J-B,S-P3,0.05989625302967472,,,
A,at_least_1_plus_1,advised,42,226,sub40,J-B,S-P3,-0.6732275934296904,,,
A,at_least_1_plus_1,advised,42,226,sub41,J-B,S-P3,0.013375326018143952,,,
A,at_least_1_plus_1,advised,42,226,sub42,J-B,S-P3,-0.07203822383800351,,,
A,at_least_1_plus_1,advised,42,226,sub43,J-B,S-P3,-0.09116650082831446,,,
A,at_least_1_plus_1,advised,42,226,sub44,J-B,S-P3,-0.0010396726062890105,,,
A,at_least_1_plus_1,advised,42,226,sub01,J-B,S-P2P3,-0.16195777539084122,,,
A,at_least_1_plus_1,advised,42,226,sub02,J-B,S-P2P3,-0.010626243855339057,,,
A,at_least_1_plus_1,advised,42,226,sub03,J-B,S-P2P3,0.18576995852549727,,,
A,at_least_1_plus_1,advised,42,226,sub04,J-B,S-P2P3,0.8083194376714327,,,
A,at_least_1_plus_1,advised,42,226,sub06,J-B,S-P2P3,0.6193323646843875,,,
A,at_least_1_plus_1,advised,42,226,sub07,J-B,S-P2P3,0.06613756841743035,,,
A,at_least_1_plus_1,advised,42,226,sub08,J-B,S-P2P3,-0.3120933334565784,,,
A,at_least_1_plus_1,advised,42,226,sub09,J-B,S-P2P3,0.03294520164240211,,,
A,at_least_1_plus_1,advised,42,226,sub10,J-B,S-P2P3,-0.03986546617090614,,,
A,at_least_1_plus_1,advised,42,226,sub11,J-B,S-P2P3,-0.007116985400597353,,,
A,at_least_1_plus_1,advised,42,226,sub12,J-B,S-P2P3,0.15730616992902258,,,
A,at_least_1_plus_1,advised,42,226,sub13,J-B,S-P2P3,0.08312735865807874,,,
A,at_least_1_plus_1,advised,42,226,sub14,J-B,S-P2P3,0.100858722346852,,,
A,at_least_1_plus_1,advised,42,226,sub15,J-B,S-P2P3,0.21830391446507624,,,
A,at_least_1_plus_1,advised,42,226,sub16,J-B,S-P2P3,0.17707548357114566,,,
A,at_least_1_plus_1,advised,42,226,sub17,J-B,S-P2P3,-0.005161065317143776,,,
A,at_least_1_plus_1,advised,42,226,sub18,J-B,S-P2P3,-0.23509356850588725,,,
A,at_least_1_plus_1,advised,42,226,sub19,J-B,S-P2P3,-0.6907322392148505,,,
A,at_least_1_plus_1,advised,42,226,sub21,J-B,S-P2P3,-0.13408656391647922,,,
A,at_least_1_plus_1,advised,42,226,sub22,J-B,S-P2P3,-0.05754792413645099,,,
A,at_least_1_plus_1,advised,42,226,sub23,J-B,S-P2P3,-0.2094975106869404,,,
A,at_least_1_plus_1,advised,42,226,sub24,J-B,S-P2P3,0.09044774998842531,,,
A,at_least_1_plus_1,advised,42,226,sub25,J-B,S-P2P3,0.003939897125838532,,,
A,at_least_1_plus_1,advised,42,226,sub26,J-B,S-P2P3,-0.02479901079653546,,,
A,at_least_1_plus_1,advised,42,226,sub27,J-B,S-P2P3,-0.03932116069519054,,,
A,at_least_1_plus_1,advised,42,226,sub28,J-B,S-P2P3,0.35322058959185965,,,
A,at_least_1_plus_1,advised,42,226,sub29,J-B,S-P2P3,-0.15266505855364687,,,
A,at_least_1_plus_1,advised,42,226,sub30,J-B,S-P2P3,0.1410474710548486,,,
A,at_least_1_plus_1,advised,42,226,sub31,J-B,S-P2P3,-0.1105989736930637,,,
A,at_least_1_plus_1,advised,42,226,sub32,J-B,S-P2P3,-0.36339330947012827,,,
A,at_least_1_plus_1,advised,42,226,sub33,J-B,S-P2P3,-0.21521437439592733,,,
A,at_least_1_plus_1,advised,42,226,sub34,J-B,S-P2P3,-0.26431983940268833,,,
A,at_least_1_plus_1,advised,42,226,sub35,J-B,S-P2P3,-0.051300411083293085,,,
A,at_least_1_plus_1,advised,42,226,sub36,J-B,S-P2P3,-0.1396411798488103,,,
A,at_least_1_plus_1,advised,42,226,sub37,J-B,S-P2P3,-0.11713938884511343,,,
A,at_least_1_plus_1,advised,42,226,sub38,J-B,S-P2P3,-0.02632542480615996,,,
A,at_least_1_plus_1,advised,42,226,sub39,J-B,S-P2P3,-0.026798520772566725,,,
A,at_least_1_plus_1,advised,42,226,sub40,J-B,S-P2P3,-0.7113033333045564,,,
A,at_least_1_plus_1,advised,42,226,sub41,J-B,S-P2P3,0.026925623127450393,,,
A,at_least_1_plus_1,advised,42,226,sub42,J-B,S-P2P3,-0.08611088193432193,,,
A,at_least_1_plus_1,advised,42,226,sub43,J-B,S-P2P3,-0.12431718097400357,,,
A,at_least_1_plus_1,advised,42,226,sub44,J-B,S-P2P3,0.06939494899614496,,,
A,at_least_1_plus_1,advised,42,226,sub01,J-B,S-valid,-0.14797401017104084,,,
A,at_least_1_plus_1,advised,42,226,sub02,J-B,S-valid,-0.030450668182232743,,,
A,at_least_1_plus_1,advised,42,226,sub03,J-B,S-valid,0.19660606913439227,,,
A,at_least_1_plus_1,advised,42,226,sub04,J-B,S-valid,0.6111662160634255,,,
A,at_least_1_plus_1,advised,42,226,sub06,J-B,S-valid,0.11682350216005066,,,
A,at_least_1_plus_1,advised,42,226,sub07,J-B,S-valid,0.06921953659541724,,,
A,at_least_1_plus_1,advised,42,226,sub08,J-B,S-valid,-0.321982705668969,,,
A,at_least_1_plus_1,advised,42,226,sub09,J-B,S-valid,-0.04312500184007795,,,
A,at_least_1_plus_1,advised,42,226,sub10,J-B,S-valid,-0.043233562810869985,,,
A,at_least_1_plus_1,advised,42,226,sub11,J-B,S-valid,-0.03616671369582003,,,
A,at_least_1_plus_1,advised,42,226,sub12,J-B,S-valid,0.0940525622355658,,,
A,at_least_1_plus_1,advised,42,226,sub13,J-B,S-valid,0.05722204356972593,,,
A,at_least_1_plus_1,advised,42,226,sub14,J-B,S-valid,0.1003392191192557,,,
A,at_least_1_plus_1,advised,42,226,sub15,J-B,S-valid,0.25040100753362704,,,
A,at_least_1_plus_1,advised,42,226,sub16,J-B,S-valid,0.17940987745348214,,,
A,at_least_1_plus_1,advised,42,226,sub17,J-B,S-valid,0.030541052314199846,,,
A,at_least_1_plus_1,advised,42,226,sub18,J-B,S-valid,-0.2650883396602366,,,
A,at_least_1_plus_1,advised,42,226,sub19,J-B,S-valid,-0.792153274164946,,,
A,at_least_1_plus_1,advised,42,226,sub21,J-B,S-valid,-0.18653866237284733,,,
A,at_least_1_plus_1,advised,42,226,sub22,J-B,S-valid,-0.06530436699846065,,,
A,at_least_1_plus_1,advised,42,226,sub23,J-B,S-valid,-0.22213032511875613,,,
A,at_least_1_plus_1,advised,42,226,sub24,J-B,S-valid,0.08633366680890076,,,
A,at_least_1_plus_1,advised,42,226,sub25,J-B,S-valid,0.028740601030735946,,,
A,at_least_1_plus_1,advised,42,226,sub26,J-B,S-valid,-0.026261564035352514,,,
A,at_least_1_plus_1,advised,42,226,sub27,J-B,S-valid,-0.0633318015800618,,,
A,at_least_1_plus_1,advised,42,226,sub28,J-B,S-valid,0.3491564263877449,,,
A,at_least_1_plus_1,advised,42,226,sub29,J-B,S-valid,-0.15295135653147285,,,
A,at_least_1_plus_1,advised,42,226,sub30,J-B,S-valid,0.13678566708347994,,,
A,at_least_1_plus_1,advised,42,226,sub31,J-B,S-valid,-0.11764796598032401,,,
A,at_least_1_plus_1,advised,42,226,sub32,J-B,S-valid,-0.39190714788308845,,,
A,at_least_1_plus_1,advised,42,226,sub33,J-B,S-valid,-0.21226397486441767,,,
A,at_least_1_plus_1,advised,42,226,sub34,J-B,S-valid,-0.2717791962075353,,,
A,at_least_1_plus_1,advised,42,226,sub35,J-B,S-valid,-0.03655902585888393,,,
A,at_least_1_plus_1,advised,42,226,sub36,J-B,S-valid,-0.12103086875242852,,,
A,at_least_1_plus_1,advised,42,226,sub37,J-B,S-valid,-0.1257007774715697,,,
A,at_least_1_plus_1,advised,42,226,sub38,J-B,S-valid,-0.00472286284988821,,,
A,at_least_1_plus_1,advised,42,226,sub39,J-B,S-valid,-0.021731172162946066,,,
A,at_least_1_plus_1,advised,42,226,sub40,J-B,S-valid,-0.6861388657029379,,,
A,at_least_1_plus_1,advised,42,226,sub41,J-B,S-valid,0.03379973224098509,,,
A,at_least_1_plus_1,advised,42,226,sub42,J-B,S-valid,-0.09213388131858813,,,
A,at_least_1_plus_1,advised,42,226,sub43,J-B,S-valid,-0.13621188469064427,,,
A,at_least_1_plus_1,advised,42,226,sub44,J-B,S-valid,0.054021159603935054,,,
A,side_3_plus_3,side,24,144,sub01,J-D,jumpHeight,-0.0059266011250166395,-0.309378975125895,,
A,side_3_plus_3,side,24,144,sub02,J-D,jumpHeight,0.004527281551650331,0.28212134391099997,,
A,side_3_plus_3,side,24,144,sub03,J-D,jumpHeight,0.00129998290245939,0.086665526830626,,
A,side_3_plus_3,side,24,144,sub04,J-D,jumpHeight,-0.0023345892351319675,-0.13626280355269593,,
A,side_3_plus_3,side,24,144,sub06,J-D,jumpHeight,-0.002212742987534322,-0.1162489487936915,,
A,side_3_plus_3,side,24,144,sub07,J-D,jumpHeight,0.003473160252186802,0.16437933158186668,,
A,side_3_plus_3,side,24,144,sub09,J-D,jumpHeight,-0.035415907978679884,-2.355370584597817,,
A,side_3_plus_3,side,24,144,sub10,J-D,jumpHeight,0.008863038051891647,0.5752643631250917,,
A,side_3_plus_3,side,24,144,sub11,J-D,jumpHeight,-0.013011922249853147,-0.7584829524519778,,
A,side_3_plus_3,side,24,144,sub12,J-D,jumpHeight,-0.018284970379845167,-1.2084242810453498,,
A,side_3_plus_3,side,24,144,sub13,J-D,jumpHeight,-0.003845660952632224,-0.2563773968421483,,
A,side_3_plus_3,side,24,144,sub14,J-D,jumpHeight,-0.009461774445374604,-0.5512811115301764,,
A,side_3_plus_3,side,24,144,sub17,J-D,jumpHeight,-0.011633296036846319,-0.5477147974713434,,
A,side_3_plus_3,side,24,144,sub19,J-D,jumpHeight,-0.020894329375101106,-1.259389330415401,,
A,side_3_plus_3,side,24,144,sub22,J-D,jumpHeight,0.0056991198928283415,0.3309482081730884,,
A,side_3_plus_3,side,24,144,sub23,J-D,jumpHeight,-0.017039077990225138,-0.8844565604324193,,
A,side_3_plus_3,side,24,144,sub25,J-D,jumpHeight,0.001370664896239493,0.08324935449251707,,
A,side_3_plus_3,side,24,144,sub27,J-D,jumpHeight,-0.017888541783853962,-1.1767540759534683,,
A,side_3_plus_3,side,24,144,sub31,J-D,jumpHeight,0.006508892023945945,0.318269026862027,,
A,side_3_plus_3,side,24,144,sub33,J-D,jumpHeight,-0.0295759870639124,-1.2175050857440008,,
A,side_3_plus_3,side,24,144,sub35,J-D,jumpHeight,0.003943897717875622,0.22693686715144754,,
A,side_3_plus_3,side,24,144,sub36,J-D,jumpHeight,0.0016633341072953556,0.0831078688889646,,
A,side_3_plus_3,side,24,144,sub37,J-D,jumpHeight,0.010483604884324538,0.6042437199426011,,
A,side_3_plus_3,side,24,144,sub38,J-D,jumpHeight,-0.00010083448220504776,-0.005328847675586952,,
A,side_3_plus_3,side,24,144,sub01,J-D,countermovementDepth,0.03135333741678176,1.1648681767094857,,
A,side_3_plus_3,side,24,144,sub02,J-D,countermovementDepth,-0.012645590814765295,-0.46107015187895656,,
A,side_3_plus_3,side,24,144,sub03,J-D,countermovementDepth,0.012173269497061295,0.6086634748530647,,
A,side_3_plus_3,side,24,144,sub04,J-D,countermovementDepth,0.04262181991836078,1.0139997706364832,,
A,side_3_plus_3,side,24,144,sub06,J-D,countermovementDepth,-0.012263584461780608,-0.6131792230890304,,
A,side_3_plus_3,side,24,144,sub07,J-D,countermovementDepth,-0.010574601564554947,-0.5287300782277473,,
A,side_3_plus_3,side,24,144,sub09,J-D,countermovementDepth,-0.027996072821841855,-1.3083264788005606,,
A,side_3_plus_3,side,24,144,sub10,J-D,countermovementDepth,0.0035193639077800987,0.17596819538900493,,
A,side_3_plus_3,side,24,144,sub11,J-D,countermovementDepth,-0.00407876141648944,-0.1733318823962734,,
A,side_3_plus_3,side,24,144,sub12,J-D,countermovementDepth,-0.00041117955693581454,-0.020558977846790727,,
A,side_3_plus_3,side,24,144,sub13,J-D,countermovementDepth,0.014684106798424662,0.6692980174270737,,
A,side_3_plus_3,side,24,144,sub14,J-D,countermovementDepth,-0.00514985540420021,-0.2574927702100105,,
A,side_3_plus_3,side,24,144,sub17,J-D,countermovementDepth,0.01163975961953767,0.5657968117795411,,
A,side_3_plus_3,side,24,144,sub19,J-D,countermovementDepth,0.009296868775978295,0.2958280895851572,,
A,side_3_plus_3,side,24,144,sub22,J-D,countermovementDepth,-0.013325604347748765,-0.6662802173874383,,
A,side_3_plus_3,side,24,144,sub23,J-D,countermovementDepth,-0.003942077833934354,-0.19710389169671771,,
A,side_3_plus_3,side,24,144,sub25,J-D,countermovementDepth,0.01649295618391,0.8246478091955001,,
A,side_3_plus_3,side,24,144,sub27,J-D,countermovementDepth,0.009824799264013695,0.49123996320068475,,
A,side_3_plus_3,side,24,144,sub31,J-D,countermovementDepth,0.0007457371198349438,0.036344193536358996,,
A,side_3_plus_3,side,24,144,sub33,J-D,countermovementDepth,0.023879924770061373,1.1939962385030687,,
A,side_3_plus_3,side,24,144,sub35,J-D,countermovementDepth,0.004314754062471254,0.16755373979729546,,
A,side_3_plus_3,side,24,144,sub36,J-D,countermovementDepth,-0.040844640671529014,-1.0408404802238118,,
A,side_3_plus_3,side,24,144,sub37,J-D,countermovementDepth,-0.021869996172530076,-0.9302324058298763,,
A,side_3_plus_3,side,24,144,sub38,J-D,countermovementDepth,-0.009520362861215131,-0.3255274852760078,,
A,side_3_plus_3,side,24,144,sub01,J-D,trunkLean,1.843623702755501,0.5883368181534739,,
A,side_3_plus_3,side,24,144,sub02,J-D,trunkLean,-1.1038961516310053,-0.31384476832226305,,
A,side_3_plus_3,side,24,144,sub03,J-D,trunkLean,5.014687909197235,1.5312863422023097,,
A,side_3_plus_3,side,24,144,sub04,J-D,trunkLean,1.7270345170023376,0.5273575299701526,,
A,side_3_plus_3,side,24,144,sub06,J-D,trunkLean,4.527135868851445,1.6220841463222215,,
A,side_3_plus_3,side,24,144,sub07,J-D,trunkLean,-2.8223744005653373,-1.0284801004360453,,
A,side_3_plus_3,side,24,144,sub09,J-D,trunkLean,0.4591504807830802,0.1268706676859376,,
A,side_3_plus_3,side,24,144,sub10,J-D,trunkLean,0.27411466715739863,0.11293477182159094,,
A,side_3_plus_3,side,24,144,sub11,J-D,trunkLean,1.6373405311089613,0.4113339593618635,,
A,side_3_plus_3,side,24,144,sub12,J-D,trunkLean,-0.783292314302507,-0.25421776290443837,,
A,side_3_plus_3,side,24,144,sub13,J-D,trunkLean,4.669632039022119,1.5694061135701773,,
A,side_3_plus_3,side,24,144,sub14,J-D,trunkLean,-3.8426162695725807,-0.7300816890109795,,
A,side_3_plus_3,side,24,144,sub17,J-D,trunkLean,1.5885718367104147,0.37153893359114015,,
A,side_3_plus_3,side,24,144,sub19,J-D,trunkLean,-5.562900723987312,-1.428284911239977,,
A,side_3_plus_3,side,24,144,sub22,J-D,trunkLean,0.8336217421497167,0.3113948466154975,,
A,side_3_plus_3,side,24,144,sub23,J-D,trunkLean,5.279277865693622,1.1522434664223227,,
A,side_3_plus_3,side,24,144,sub25,J-D,trunkLean,1.0280473687246285,0.40361055636798554,,
A,side_3_plus_3,side,24,144,sub27,J-D,trunkLean,1.6493515394037672,0.4255816487349109,,
A,side_3_plus_3,side,24,144,sub31,J-D,trunkLean,2.427501233906497,0.9058047587371998,,
A,side_3_plus_3,side,24,144,sub33,J-D,trunkLean,6.902441145116377,1.7051112102528319,,
A,side_3_plus_3,side,24,144,sub35,J-D,trunkLean,2.601340784244151,0.8071471035116328,,
A,side_3_plus_3,side,24,144,sub36,J-D,trunkLean,-3.5064964278733655,-1.0443196214363222,,
A,side_3_plus_3,side,24,144,sub37,J-D,trunkLean,-7.104601436749384,-1.0405631692199695,,
A,side_3_plus_3,side,24,144,sub38,J-D,trunkLean,-0.8507931675036815,-0.21087403191741932,,
A,side_3_plus_3,side,24,144,sub01,J-D,landingKneeFlex,-0.5464882526469239,-0.05717307355265467,,
A,side_3_plus_3,side,24,144,sub02,J-D,landingKneeFlex,-3.1436593920764153,-0.7859522308023045,,
A,side_3_plus_3,side,24,144,sub03,J-D,landingKneeFlex,-8.428368831056133,-1.64727417476144,,
A,side_3_plus_3,side,24,144,sub04,J-D,landingKneeFlex,4.807343207592055,1.3050981367774213,,
A,side_3_plus_3,side,24,144,sub06,J-D,landingKneeFlex,-0.5664493039801641,-0.17764113194314546,,
A,side_3_plus_3,side,24,144,sub07,J-D,landingKneeFlex,-1.5455448441899193,-0.4935649289991427,,
A,side_3_plus_3,side,24,144,sub09,J-D,landingKneeFlex,-2.742731430549483,-0.5049441656968989,,
A,side_3_plus_3,side,24,144,sub10,J-D,landingKneeFlex,-1.5752228984915746,-0.4589352311799665,,
A,side_3_plus_3,side,24,144,sub11,J-D,landingKneeFlex,10.698226863844894,1.6821629133620544,,
A,side_3_plus_3,side,24,144,sub12,J-D,landingKneeFlex,-1.0295500626890544,-0.2827441201314357,,
A,side_3_plus_3,side,24,144,sub13,J-D,landingKneeFlex,2.1355102765830196,0.5091410409128521,,
A,side_3_plus_3,side,24,144,sub14,J-D,landingKneeFlex,0.05152119073380845,0.015835833958418154,,
A,side_3_plus_3,side,24,144,sub17,J-D,landingKneeFlex,6.314503235164025,0.9180517037039702,,
A,side_3_plus_3,side,24,144,sub19,J-D,landingKneeFlex,6.5719576602102165,1.4617376461977967,,
A,side_3_plus_3,side,24,144,sub22,J-D,landingKneeFlex,1.0638278486080281,0.33984718482394666,,
A,side_3_plus_3,side,24,144,sub23,J-D,landingKneeFlex,-3.7347585500467773,-0.7236644498108713,,
A,side_3_plus_3,side,24,144,sub25,J-D,landingKneeFlex,1.8408747579038902,0.5428385479722977,,
A,side_3_plus_3,side,24,144,sub27,J-D,landingKneeFlex,-5.875349075467739,-1.69276663078202,,
A,side_3_plus_3,side,24,144,sub31,J-D,landingKneeFlex,-5.941739921913282,-1.1890310761258847,,
A,side_3_plus_3,side,24,144,sub33,J-D,landingKneeFlex,-2.519602849906903,-0.8325449969799277,,
A,side_3_plus_3,side,24,144,sub35,J-D,landingKneeFlex,2.289397403272517,0.5559364071671626,,
A,side_3_plus_3,side,24,144,sub36,J-D,landingKneeFlex,-3.425834059026471,-1.141944686342157,,
A,side_3_plus_3,side,24,144,sub37,J-D,landingKneeFlex,-4.8856122496775924,-0.8905109500658365,,
A,side_3_plus_3,side,24,144,sub38,J-D,landingKneeFlex,2.9319911322010626,0.6375259959281367,,
A,side_3_plus_3,side,24,144,sub01,J-D,rsiMod,-0.08209762629621686,-1.6270135278474387,,
A,side_3_plus_3,side,24,144,sub02,J-D,rsiMod,0.03385094135891298,0.7010701736530303,,
A,side_3_plus_3,side,24,144,sub03,J-D,rsiMod,-0.058159675071217276,-2.6078312977698825,,
A,side_3_plus_3,side,24,144,sub04,J-D,rsiMod,-0.0731420584803546,-2.7894515568752185,,
A,side_3_plus_3,side,24,144,sub06,J-D,rsiMod,-0.05352947809248926,-1.2228175835849069,,
A,side_3_plus_3,side,24,144,sub07,J-D,rsiMod,0.1049218805624973,1.3335304387445348,,
A,side_3_plus_3,side,24,144,sub09,J-D,rsiMod,-0.06650747806375873,-2.1003392777466003,,
A,side_3_plus_3,side,24,144,sub10,J-D,rsiMod,0.03980400269808626,0.7384990086528797,,
A,side_3_plus_3,side,24,144,sub11,J-D,rsiMod,-0.05768031777957,-1.052564974463921,,
A,side_3_plus_3,side,24,144,sub12,J-D,rsiMod,-0.0231467009803705,-1.067338198030928,,
A,side_3_plus_3,side,24,144,sub13,J-D,rsiMod,-0.04824700863950576,-1.1565464708446642,,
A,side_3_plus_3,side,24,144,sub14,J-D,rsiMod,-0.02420786849362544,-0.5624251992353096,,
A,side_3_plus_3,side,24,144,sub17,J-D,rsiMod,-0.0509415679579468,-0.8784300441300265,,
A,side_3_plus_3,side,24,144,sub19,J-D,rsiMod,0.07482836246947025,1.90380615398914,,
A,side_3_plus_3,side,24,144,sub22,J-D,rsiMod,-0.021451757081118183,-0.5685963945765885,,
A,side_3_plus_3,side,24,144,sub23,J-D,rsiMod,-0.05841290943313471,-0.88526866143446,,
A,side_3_plus_3,side,24,144,sub25,J-D,rsiMod,0.020522790248197975,0.3815023481320862,,
A,side_3_plus_3,side,24,144,sub27,J-D,rsiMod,-0.043351227999382846,-1.6883153763532162,,
A,side_3_plus_3,side,24,144,sub31,J-D,rsiMod,0.04114477829855334,0.5460855814212576,,
A,side_3_plus_3,side,24,144,sub33,J-D,rsiMod,-0.1506919288963442,-3.3213946865450508,,
A,side_3_plus_3,side,24,144,sub35,J-D,rsiMod,0.010147166089368442,0.25638497840312996,,
A,side_3_plus_3,side,24,144,sub36,J-D,rsiMod,0.09138380651489675,1.0598548106239085,,
A,side_3_plus_3,side,24,144,sub37,J-D,rsiMod,-0.03584849678304536,-0.377014988625649,,
A,side_3_plus_3,side,24,144,sub38,J-D,rsiMod,0.02877761059441708,0.4155208333400338,,
A,side_3_plus_3,side,24,144,sub01,J-D,eccentricDuration,0.0209954175838325,0.5248854395958125,,
A,side_3_plus_3,side,24,144,sub02,J-D,eccentricDuration,-0.009967066520192136,-0.2476404422034865,,
A,side_3_plus_3,side,24,144,sub03,J-D,eccentricDuration,0.1389702574612237,1.788763043686968,,
A,side_3_plus_3,side,24,144,sub04,J-D,eccentricDuration,0.34210285953253294,2.632843718981773,,
A,side_3_plus_3,side,24,144,sub06,J-D,eccentricDuration,0.0507212104412087,0.5286980426482863,,
A,side_3_plus_3,side,24,144,sub07,J-D,eccentricDuration,-0.11737358007855614,-1.0300281162435487,,
A,side_3_plus_3,side,24,144,sub09,J-D,eccentricDuration,0.05081886911718492,1.0093723864467947,,
A,side_3_plus_3,side,24,144,sub10,J-D,eccentricDuration,-0.026739719246769655,-0.6295205330993046,,
A,side_3_plus_3,side,24,144,sub11,J-D,eccentricDuration,0.05395219815114022,0.8652790269802468,,
A,side_3_plus_3,side,24,144,sub12,J-D,eccentricDuration,-0.00877529571223934,-0.21938239280598348,,
A,side_3_plus_3,side,24,144,sub13,J-D,eccentricDuration,0.04288054846797862,1.0720035563795214,,
A,side_3_plus_3,side,24,144,sub14,J-D,eccentricDuration,0.020876558786276034,0.2886313000954149,,
A,side_3_plus_3,side,24,144,sub17,J-D,eccentricDuration,0.04434823817507483,0.4452400749549499,,
A,side_3_plus_3,side,24,144,sub19,J-D,eccentricDuration,-0.4893033226026092,-4.1660185731663235,,
A,side_3_plus_3,side,24,144,sub22,J-D,eccentricDuration,0.025314858307425636,0.4289173605659619,,
A,side_3_plus_3,side,24,144,sub23,J-D,eccentricDuration,0.03202682948550162,0.8006707371375404,,
A,side_3_plus_3,side,24,144,sub25,J-D,eccentricDuration,-0.058056672302619794,-0.8195892175553474,,
A,side_3_plus_3,side,24,144,sub27,J-D,eccentricDuration,0.013961622238317262,0.34904055595793154,,
A,side_3_plus_3,side,24,144,sub31,J-D,eccentricDuration,-0.007570879403336617,-0.18927198508341542,,
A,side_3_plus_3,side,24,144,sub33,J-D,eccentricDuration,0.06208277736539369,1.5520694341348422,,
A,side_3_plus_3,side,24,144,sub35,J-D,eccentricDuration,-0.015390296136540804,-0.29944053696341794,,
A,side_3_plus_3,side,24,144,sub36,J-D,eccentricDuration,-0.14280054042237694,-0.8699379937547561,,
A,side_3_plus_3,side,24,144,sub37,J-D,eccentricDuration,0.1288736164448443,1.070393852276913,,
A,side_3_plus_3,side,24,144,sub38,J-D,eccentricDuration,-0.03906652913822639,-0.6478614981478518,,
A,side_3_plus_3,side,24,144,sub01,J-D,flightTime,0,0,,
A,side_3_plus_3,side,24,144,sub02,J-D,flightTime,2.220446049250313e-16,4.1443618896751485e-15,,
A,side_3_plus_3,side,24,144,sub03,J-D,flightTime,-0.033333333333333215,-1.1627906976744142,,
A,side_3_plus_3,side,24,144,sub04,J-D,flightTime,0.011111111111111516,0.2596534041606117,,
A,side_3_plus_3,side,24,144,sub06,J-D,flightTime,-0.033333333333333215,-0.44966050631773313,,
A,side_3_plus_3,side,24,144,sub07,J-D,flightTime,0.0444444444444444,0.99419918206052,,
A,side_3_plus_3,side,24,144,sub09,J-D,flightTime,-0.05555555555555536,-1.6666666666666612,,
A,side_3_plus_3,side,24,144,sub10,J-D,flightTime,-0.011111111111111405,-0.22147472791383677,,
A,side_3_plus_3,side,24,144,sub11,J-D,flightTime,-0.03333333333333344,-0.674490759476602,,
A,side_3_plus_3,side,24,144,sub12,J-D,flightTime,-0.022222222222222476,-0.7936507936508028,,
A,side_3_plus_3,side,24,144,sub13,J-D,flightTime,0.02222222222222192,0.40905115183385543,,
A,side_3_plus_3,side,24,144,sub14,J-D,flightTime,-0.011111111111111072,-0.16812939238037536,,
A,side_3_plus_3,side,24,144,sub17,J-D,flightTime,-0.07777777777777783,-1.0680702227404055,,
A,side_3_plus_3,side,24,144,sub19,J-D,flightTime,-0.04444444444444451,-0.8858989116553191,,
A,side_3_plus_3,side,24,144,sub22,J-D,flightTime,-0.01111111111111096,-0.2556702648834206,,
A,side_3_plus_3,side,24,144,sub23,J-D,flightTime,-1.1102230246251565e-16,-1.600001669206136e-15,,
A,side_3_plus_3,side,24,144,sub25,J-D,flightTime,0.01111111111111096,0.25965340416059873,,
A,side_3_plus_3,side,24,144,sub27,J-D,flightTime,-0.05555555555555569,-1.5470053837925208,,
A,side_3_plus_3,side,24,144,sub31,J-D,flightTime,-0.033333333333333215,-0.4496605063177302,,
A,side_3_plus_3,side,24,144,sub33,J-D,flightTime,-0.022222222222222143,-0.6666666666666642,,
A,side_3_plus_3,side,24,144,sub35,J-D,flightTime,0.022222222222222143,0.544767962385172,,
A,side_3_plus_3,side,24,144,sub36,J-D,flightTime,-0.05555555555555569,-1.2568889418785272,,
A,side_3_plus_3,side,24,144,sub37,J-D,flightTime,0.04444444444444451,0.9237604307034021,,
A,side_3_plus_3,side,24,144,sub38,J-D,flightTime,-0.022222222222222254,-0.37408356546145805,,
A,side_3_plus_3,side,24,144,sub01,J-D,concentricDuration,0.022222222222222365,0.7407407407407456,,
A,side_3_plus_3,side,24,144,sub02,J-D,concentricDuration,-0.011111111111111377,-0.27980637398920793,,
A,side_3_plus_3,side,24,144,sub03,J-D,concentricDuration,0.04444444444444448,1.4814814814814827,,
A,side_3_plus_3,side,24,144,sub04,J-D,concentricDuration,0.13333333333333297,3.464101615137745,,
A,side_3_plus_3,side,24,144,sub06,J-D,concentricDuration,0.16666666666666674,1.880394662845635,,
A,side_3_plus_3,side,24,144,sub07,J-D,concentricDuration,-0.01111111111111121,-0.3703703703703737,,
A,side_3_plus_3,side,24,144,sub09,J-D,concentricDuration,0.03333333333333305,0.6744907594765941,,
A,side_3_plus_3,side,24,144,sub10,J-D,concentricDuration,0,0,,
A,side_3_plus_3,side,24,144,sub11,J-D,concentricDuration,0.03333333333333341,0.8394191219675987,,
A,side_3_plus_3,side,24,144,sub12,J-D,concentricDuration,0.022222222222222143,0.7407407407407381,,
A,side_3_plus_3,side,24,144,sub13,J-D,concentricDuration,0.03333333333333352,0.839419121967605,,
A,side_3_plus_3,side,24,144,sub14,J-D,concentricDuration,8.326672684688674e-17,2.7755575615628914e-15,,
A,side_3_plus_3,side,24,144,sub17,J-D,concentricDuration,0.033333333333333354,1.1111111111111118,,
A,side_3_plus_3,side,24,144,sub19,J-D,concentricDuration,0,0,,
A,side_3_plus_3,side,24,144,sub22,J-D,concentricDuration,0.022222222222222116,0.7407407407407373,,
A,side_3_plus_3,side,24,144,sub23,J-D,concentricDuration,-0.011111111111111072,-0.3244592845595547,,
A,side_3_plus_3,side,24,144,sub25,J-D,concentricDuration,0.011111111111110988,0.27462811013213945,,
A,side_3_plus_3,side,24,144,sub27,J-D,concentricDuration,0.022222222222222365,0.6489185691191165,,
A,side_3_plus_3,side,24,144,sub31,J-D,concentricDuration,-0.011111111111111294,-0.37037037037037646,,
A,side_3_plus_3,side,24,144,sub33,J-D,concentricDuration,0.05555555555555536,1.8518518518518454,,
A,side_3_plus_3,side,24,144,sub35,J-D,concentricDuration,0,0,,
A,side_3_plus_3,side,24,144,sub36,J-D,concentricDuration,-0.0777777777777778,-1.3161291521219327,,
A,side_3_plus_3,side,24,144,sub37,J-D,concentricDuration,-0.03333333333333344,-0.8394191219676029,,
A,side_3_plus_3,side,24,144,sub38,J-D,concentricDuration,-0.011111111111111294,-0.2746281101321478,,
A,side_3_plus_3,side,24,144,sub01,J-D,asymmetry,-0.24913604840845938,-0.12456802420422969,,
A,side_3_plus_3,side,24,144,sub02,J-D,asymmetry,0.9361921003056892,0.4680960501528446,,
A,side_3_plus_3,side,24,144,sub03,J-D,asymmetry,-1.3335988828841796,-0.6667994414420898,,
A,side_3_plus_3,side,24,144,sub04,J-D,asymmetry,-0.23636885999731305,-0.11818442999865653,,
A,side_3_plus_3,side,24,144,sub06,J-D,asymmetry,-0.5121606168294668,-0.2560803084147334,,
A,side_3_plus_3,side,24,144,sub07,J-D,asymmetry,1.2453033822778015,0.6226516911389007,,
A,side_3_plus_3,side,24,144,sub09,J-D,asymmetry,1.1045264470631984,0.5522632235315992,,
A,side_3_plus_3,side,24,144,sub10,J-D,asymmetry,-1.6241822185039325,-0.7250550377510092,,
A,side_3_plus_3,side,24,144,sub11,J-D,asymmetry,0.05282369430682843,0.026411847153414214,,
A,side_3_plus_3,side,24,144,sub12,J-D,asymmetry,-0.167533187902156,-0.083766593951078,,
A,side_3_plus_3,side,24,144,sub13,J-D,asymmetry,0.26337704227407255,0.13168852113703627,,
A,side_3_plus_3,side,24,144,sub14,J-D,asymmetry,-0.3740328542541249,-0.18701642712706246,,
A,side_3_plus_3,side,24,144,sub17,J-D,asymmetry,0.6826265259349449,0.34131326296747244,,
A,side_3_plus_3,side,24,144,sub19,J-D,asymmetry,0.6946470128914182,0.3473235064457091,,
A,side_3_plus_3,side,24,144,sub22,J-D,asymmetry,1.893182113813959,0.9465910569069795,,
A,side_3_plus_3,side,24,144,sub23,J-D,asymmetry,-0.5732604518394928,-0.23905874600990487,,
A,side_3_plus_3,side,24,144,sub25,J-D,asymmetry,0.9307416653451246,0.4653708326725623,,
A,side_3_plus_3,side,24,144,sub27,J-D,asymmetry,0.6855526869600558,0.3427763434800279,,
A,side_3_plus_3,side,24,144,sub31,J-D,asymmetry,3.085989836430106,1.0133792440235831,,
A,side_3_plus_3,side,24,144,sub33,J-D,asymmetry,-0.3209667164304053,-0.13567748888531803,,
A,side_3_plus_3,side,24,144,sub35,J-D,asymmetry,0.8236056917101326,0.4118028458550663,,
A,side_3_plus_3,side,24,144,sub36,J-D,asymmetry,0.18111028926000472,0.09055514463000236,,
A,side_3_plus_3,side,24,144,sub37,J-D,asymmetry,-0.5818750507358743,-0.29093752536793716,,
A,side_3_plus_3,side,24,144,sub38,J-D,asymmetry,-0.8166018260707184,-0.4083009130353592,,
A,side_3_plus_3,side,24,144,sub01,J-A,S0,,,9,1.032980759426091
A,side_3_plus_3,side,24,144,sub02,J-A,S0,,,5,1.0969598953911486
A,side_3_plus_3,side,24,144,sub03,J-A,S0,,,1,1.7836312153873752
A,side_3_plus_3,side,24,144,sub04,J-A,S0,,,2,2.0699780154166345
A,side_3_plus_3,side,24,144,sub06,J-A,S0,,,6,1.4188244369447123
A,side_3_plus_3,side,24,144,sub07,J-A,S0,,,8,0.980610176783785
A,side_3_plus_3,side,24,144,sub09,J-A,S0,,,3,1.7021978718195463
A,side_3_plus_3,side,24,144,sub10,J-A,S0,,,18,0.8506879173990142
A,side_3_plus_3,side,24,144,sub11,J-A,S0,,,7,1.3446558665295878
A,side_3_plus_3,side,24,144,sub12,J-A,S0,,,4,0.9399635612965643
A,side_3_plus_3,side,24,144,sub13,J-A,S0,,,2,1.4258065761782515
A,side_3_plus_3,side,24,144,sub14,J-A,S0,,,18,0.7711199726669967
A,side_3_plus_3,side,24,144,sub17,J-A,S0,,,9,1.3151595956953448
A,side_3_plus_3,side,24,144,sub19,J-A,S0,,,1,1.9928317800285849
A,side_3_plus_3,side,24,144,sub22,J-A,S0,,,5,0.9834519080349612
A,side_3_plus_3,side,24,144,sub23,J-A,S0,,,13,0.9871175963400916
A,side_3_plus_3,side,24,144,sub25,J-A,S0,,,13,0.8132196715769059
A,side_3_plus_3,side,24,144,sub27,J-A,S0,,,5,1.2822028697985293
A,side_3_plus_3,side,24,144,sub31,J-A,S0,,,19,0.8950512367643966
A,side_3_plus_3,side,24,144,sub33,J-A,S0,,,1,1.9156097739889117
A,side_3_plus_3,side,24,144,sub35,J-A,S0,,,20,0.5577841555959612
A,side_3_plus_3,side,24,144,sub36,J-A,S0,,,14,0.895365885919257
A,side_3_plus_3,side,24,144,sub37,J-A,S0,,,11,1.222055593418954
A,side_3_plus_3,side,24,144,sub38,J-A,S0,,,20,0.5865602043143608
A,side_3_plus_3,side,24,144,sub01,J-A,S-P2,,,10,1.059074130192662
A,side_3_plus_3,side,24,144,sub02,J-A,S-P2,,,6,1.0841207644590867
A,side_3_plus_3,side,24,144,sub03,J-A,S-P2,,,1,1.8411833575307774
A,side_3_plus_3,side,24,144,sub04,J-A,S-P2,,,1,2.1521827507460016
A,side_3_plus_3,side,24,144,sub06,J-A,S-P2,,,5,1.4144275323451787
A,side_3_plus_3,side,24,144,sub07,J-A,S-P2,,,8,0.9622747572307156
A,side_3_plus_3,side,24,144,sub09,J-A,S-P2,,,4,1.6802576097622393
A,side_3_plus_3,side,24,144,sub10,J-A,S-P2,,,18,0.8728055429041799
A,side_3_plus_3,side,24,144,sub11,J-A,S-P2,,,7,1.3821429494774167
A,side_3_plus_3,side,24,144,sub12,J-A,S-P2,,,4,0.9567095370743589
A,side_3_plus_3,side,24,144,sub13,J-A,S-P2,,,2,1.4068798627347243
A,side_3_plus_3,side,24,144,sub14,J-A,S-P2,,,18,0.8025711461432022
A,side_3_plus_3,side,24,144,sub17,J-A,S-P2,,,7,1.3237324898727085
A,side_3_plus_3,side,24,144,sub19,J-A,S-P2,,,1,2.042436625996094
A,side_3_plus_3,side,24,144,sub22,J-A,S-P2,,,6,0.9266136392202003
A,side_3_plus_3,side,24,144,sub23,J-A,S-P2,,,12,0.9979516186511201
A,side_3_plus_3,side,24,144,sub25,J-A,S-P2,,,14,0.7724251242932998
A,side_3_plus_3,side,24,144,sub27,J-A,S-P2,,,5,1.2527335918307727
A,side_3_plus_3,side,24,144,sub31,J-A,S-P2,,,15,0.9240449520525567
A,side_3_plus_3,side,24,144,sub33,J-A,S-P2,,,1,1.9920677630086072
A,side_3_plus_3,side,24,144,sub35,J-A,S-P2,,,20,0.5452354059770071
A,side_3_plus_3,side,24,144,sub36,J-A,S-P2,,,14,0.8080150906712551
A,side_3_plus_3,side,24,144,sub37,J-A,S-P2,,,13,1.1239197368309344
A,side_3_plus_3,side,24,144,sub38,J-A,S-P2,,,20,0.6001542684455968
A,side_3_plus_3,side,24,144,sub01,J-A,S-P3,,,9,1.0685826168783314
A,side_3_plus_3,side,24,144,sub02,J-A,S-P3,,,5,1.1268015026811826
A,side_3_plus_3,side,24,144,sub03,J-A,S-P3,,,1,1.8435452372001573
A,side_3_plus_3,side,24,144,sub04,J-A,S-P3,,,2,2.1461132635813542
A,side_3_plus_3,side,24,144,sub06,J-A,S-P3,,,6,1.4721928792207717
A,side_3_plus_3,side,24,144,sub07,J-A,S-P3,,,8,1.0002167692748014
A,side_3_plus_3,side,24,144,sub09,J-A,S-P3,,,3,1.7463922519874426
A,side_3_plus_3,side,24,144,sub10,J-A,S-P3,,,18,0.8336625868244476
A,side_3_plus_3,side,24,144,sub11,J-A,S-P3,,,7,1.3949123430185304
A,side_3_plus_3,side,24,144,sub12,J-A,S-P3,,,4,0.9590316485233985
A,side_3_plus_3,side,24,144,sub13,J-A,S-P3,,,2,1.476984965556489
A,side_3_plus_3,side,24,144,sub14,J-A,S-P3,,,18,0.7952764047537951
A,side_3_plus_3,side,24,144,sub17,J-A,S-P3,,,9,1.3619551867134483
A,side_3_plus_3,side,24,144,sub19,J-A,S-P3,,,1,2.060111634574696
A,side_3_plus_3,side,24,144,sub22,J-A,S-P3,,,8,0.9351901269747511
A,side_3_plus_3,side,24,144,sub23,J-A,S-P3,,,12,0.9858269679258994
A,side_3_plus_3,side,24,144,sub25,J-A,S-P3,,,14,0.7750375896031271
A,side_3_plus_3,side,24,144,sub27,J-A,S-P3,,,5,1.3245510689899358
A,side_3_plus_3,side,24,144,sub31,J-A,S-P3,,,19,0.8651825837620762
A,side_3_plus_3,side,24,144,sub33,J-A,S-P3,,,1,1.9815762217754227
A,side_3_plus_3,side,24,144,sub35,J-A,S-P3,,,20,0.5539569571340293
A,side_3_plus_3,side,24,144,sub36,J-A,S-P3,,,14,0.920172031490471
A,side_3_plus_3,side,24,144,sub37,J-A,S-P3,,,11,1.262574975529726
A,side_3_plus_3,side,24,144,sub38,J-A,S-P3,,,20,0.5892871075098788
A,side_3_plus_3,side,24,144,sub01,J-A,S-P2P3,,,9,1.0992332505577376
A,side_3_plus_3,side,24,144,sub02,J-A,S-P2P3,,,7,1.1128002636098049
A,side_3_plus_3,side,24,144,sub03,J-A,S-P2P3,,,1,1.9094252606712832
A,side_3_plus_3,side,24,144,sub04,J-A,S-P2P3,,,1,2.2390224984216833
A,side_3_plus_3,side,24,144,sub06,J-A,S-P2P3,,,5,1.4725843753637313
A,side_3_plus_3,side,24,144,sub07,J-A,S-P2P3,,,8,0.9820419818821401
A,side_3_plus_3,side,24,144,sub09,J-A,S-P2P3,,,4,1.7273646723365303
A,side_3_plus_3,side,24,144,sub10,J-A,S-P2P3,,,17,0.8558332047385376
A,side_3_plus_3,side,24,144,sub11,J-A,S-P2P3,,,7,1.43871162624057
A,side_3_plus_3,side,24,144,sub12,J-A,S-P2P3,,,4,0.9789441193247005
A,side_3_plus_3,side,24,144,sub13,J-A,S-P2P3,,,2,1.462109359829206
A,side_3_plus_3,side,24,144,sub14,J-A,S-P2P3,,,18,0.8305549240543005
A,side_3_plus_3,side,24,144,sub17,J-A,S-P2P3,,,7,1.3752484518736285
A,side_3_plus_3,side,24,144,sub19,J-A,S-P2P3,,,1,2.1182386887250004
A,side_3_plus_3,side,24,144,sub22,J-A,S-P2P3,,,8,0.8673807273894857
A,side_3_plus_3,side,24,144,sub23,J-A,S-P2P3,,,11,0.9980011044639223
A,side_3_plus_3,side,24,144,sub25,J-A,S-P2P3,,,14,0.7317228909498406
A,side_3_plus_3,side,24,144,sub27,J-A,S-P2P3,,,5,1.2979103421123501
A,side_3_plus_3,side,24,144,sub31,J-A,S-P2P3,,,17,0.8940544432855103
A,side_3_plus_3,side,24,144,sub33,J-A,S-P2P3,,,1,2.067708415329427
A,side_3_plus_3,side,24,144,sub35,J-A,S-P2P3,,,20,0.5386972999780159
A,side_3_plus_3,side,24,144,sub36,J-A,S-P2P3,,,13,0.8293629746406449
A,side_3_plus_3,side,24,144,sub37,J-A,S-P2P3,,,13,1.16416297991163
A,side_3_plus_3,side,24,144,sub38,J-A,S-P2P3,,,19,0.604259702495865
A,side_3_plus_3,side,24,144,sub01,J-A,S-valid,,,10,1.095458606431998
A,side_3_plus_3,side,24,144,sub02,J-A,S-valid,,,6,1.1350805976464984
A,side_3_plus_3,side,24,144,sub03,J-A,S-valid,,,1,1.8974272407644086
A,side_3_plus_3,side,24,144,sub04,J-A,S-valid,,,2,1.9429411299020067
A,side_3_plus_3,side,24,144,sub06,J-A,S-valid,,,9,1.0811524877774195
A,side_3_plus_3,side,24,144,sub07,J-A,S-valid,,,8,1.014354180749345
A,side_3_plus_3,side,24,144,sub09,J-A,S-valid,,,4,1.7938765570970396
A,side_3_plus_3,side,24,144,sub10,J-A,S-valid,,,17,0.8997502566061478
A,side_3_plus_3,side,24,144,sub11,J-A,S-valid,,,7,1.458355210903478
A,side_3_plus_3,side,24,144,sub12,J-A,S-valid,,,5,0.9502792013813872
A,side_3_plus_3,side,24,144,sub13,J-A,S-valid,,,2,1.4861681786940781
A,side_3_plus_3,side,24,144,sub14,J-A,S-valid,,,18,0.8416237166168153
A,side_3_plus_3,side,24,144,sub17,J-A,S-valid,,,7,1.4218627763284672
A,side_3_plus_3,side,24,144,sub19,J-A,S-valid,,,1,2.2247792170029967
A,side_3_plus_3,side,24,144,sub22,J-A,S-valid,,,12,0.8172330609703877
A,side_3_plus_3,side,24,144,sub23,J-A,S-valid,,,11,1.007908598340517
A,side_3_plus_3,side,24,144,sub25,J-A,S-valid,,,13,0.745185129975416
A,side_3_plus_3,side,24,144,sub27,J-A,S-valid,,,4,1.3151915257173001
A,side_3_plus_3,side,24,144,sub31,J-A,S-valid,,,17,0.8954628149015541
A,side_3_plus_3,side,24,144,sub33,J-A,S-valid,,,1,2.1153808076639558
A,side_3_plus_3,side,24,144,sub35,J-A,S-valid,,,20,0.49997287666511764
A,side_3_plus_3,side,24,144,sub36,J-A,S-valid,,,14,0.8539923444991858
A,side_3_plus_3,side,24,144,sub37,J-A,S-valid,,,12,1.2040697615847993
A,side_3_plus_3,side,24,144,sub38,J-A,S-valid,,,19,0.635267268630349
A,side_3_plus_3,side,24,144,sub01,J-B,S0,-0.20225113606395873,,19,
A,side_3_plus_3,side,24,144,sub02,J-B,S0,0.07332344771273891,,7,
A,side_3_plus_3,side,24,144,sub03,J-B,S0,0.3100580487541338,,1,
A,side_3_plus_3,side,24,144,sub04,J-B,S0,0.7732947271872892,,1,
A,side_3_plus_3,side,24,144,sub06,J-B,S0,0.3526173999816593,,3,
A,side_3_plus_3,side,24,144,sub07,J-B,S0,0.1500513268003929,,3,
A,side_3_plus_3,side,24,144,sub09,J-B,S0,0.0676870209769862,,10,
A,side_3_plus_3,side,24,144,sub10,J-B,S0,-0.11656829970980509,,17,
A,side_3_plus_3,side,24,144,sub11,J-B,S0,0.03745491056684791,,5,
A,side_3_plus_3,side,24,144,sub12,J-B,S0,0.1774011158051727,,1,
A,side_3_plus_3,side,24,144,sub13,J-B,S0,0.07579180938545393,,4,
A,side_3_plus_3,side,24,144,sub14,J-B,S0,0.05469833350733344,,5,
A,side_3_plus_3,side,24,144,sub17,J-B,S0,-0.1726197501886495,,19,
A,side_3_plus_3,side,24,144,sub19,J-B,S0,-0.8131302179955195,,20,
A,side_3_plus_3,side,24,144,sub22,J-B,S0,0.07884166507719281,,4,
A,side_3_plus_3,side,24,144,sub23,J-B,S0,-0.15565051054844026,,17,
A,side_3_plus_3,side,24,144,sub25,J-B,S0,0.054500449461490574,,8,
A,side_3_plus_3,side,24,144,sub27,J-B,S0,0.04277447962404601,,7,
A,side_3_plus_3,side,24,144,sub31,J-B,S0,0.06744258031572437,,7,
A,side_3_plus_3,side,24,144,sub33,J-B,S0,-0.3955088934800395,,20,
A,side_3_plus_3,side,24,144,sub35,J-B,S0,-0.07618733441960912,,11,
A,side_3_plus_3,side,24,144,sub36,J-B,S0,-0.11193069623684226,,14,
A,side_3_plus_3,side,24,144,sub37,J-B,S0,-0.0415231177224189,,12,
A,side_3_plus_3,side,24,144,sub38,J-B,S0,-0.07608222001276099,,17,
A,side_3_plus_3,side,24,144,sub01,J-B,S-P2,-0.20697457767334182,,19,
A,side_3_plus_3,side,24,144,sub02,J-B,S-P2,0.06519402981805289,,7,
A,side_3_plus_3,side,24,144,sub03,J-B,S-P2,0.28827796127393057,,1,
A,side_3_plus_3,side,24,144,sub04,J-B,S-P2,0.8145192749759078,,1,
A,side_3_plus_3,side,24,144,sub06,J-B,S-P2,0.48069312533881237,,1,
A,side_3_plus_3,side,24,144,sub07,J-B,S-P2,0.11665186593342391,,3,
A,side_3_plus_3,side,24,144,sub09,J-B,S-P2,0.0675444249066739,,10,
A,side_3_plus_3,side,24,144,sub10,J-B,S-P2,-0.11389116323101978,,17,
A,side_3_plus_3,side,24,144,sub11,J-B,S-P2,-0.008794358584239492,,14,
A,side_3_plus_3,side,24,144,sub12,J-B,S-P2,0.15195734763237478,,3,
A,side_3_plus_3,side,24,144,sub13,J-B,S-P2,0.08963798076990048,,4,
A,side_3_plus_3,side,24,144,sub14,J-B,S-P2,0.10082571600828105,,5,
A,side_3_plus_3,side,24,144,sub17,J-B,S-P2,-0.02080630694593244,,13,
A,side_3_plus_3,side,24,144,sub19,J-B,S-P2,-0.8750568956582883,,20,
A,side_3_plus_3,side,24,144,sub22,J-B,S-P2,0.08968094279659433,,5,
A,side_3_plus_3,side,24,144,sub23,J-B,S-P2,-0.18127816907073302,,19,
A,side_3_plus_3,side,24,144,sub25,J-B,S-P2,-0.0023581566857210357,,11,
A,side_3_plus_3,side,24,144,sub27,J-B,S-P2,0.008129375564699726,,10,
A,side_3_plus_3,side,24,144,sub31,J-B,S-P2,0.08991504599535172,,6,
A,side_3_plus_3,side,24,144,sub33,J-B,S-P2,-0.4138329636906132,,20,
A,side_3_plus_3,side,24,144,sub35,J-B,S-P2,-0.04153260274743187,,11,
A,side_3_plus_3,side,24,144,sub36,J-B,S-P2,-0.13839349089939756,,16,
A,side_3_plus_3,side,24,144,sub37,J-B,S-P2,-0.10865340879455654,,16,
A,side_3_plus_3,side,24,144,sub38,J-B,S-P2,-0.0434013317122105,,16,
A,side_3_plus_3,side,24,144,sub01,J-B,S-P3,-0.21485870042463606,,19,
A,side_3_plus_3,side,24,144,sub02,J-B,S-P3,0.0022752017040330585,,10,
A,side_3_plus_3,side,24,144,sub03,J-B,S-P3,0.314065146854432,,1,
A,side_3_plus_3,side,24,144,sub04,J-B,S-P3,0.8042782392533685,,1,
A,side_3_plus_3,side,24,144,sub06,J-B,S-P3,0.38325462577894953,,3,
A,side_3_plus_3,side,24,144,sub07,J-B,S-P3,0.17571641431970209,,2,
A,side_3_plus_3,side,24,144,sub09,J-B,S-P3,0.07593185747006914,,10,
A,side_3_plus_3,side,24,144,sub10,J-B,S-P3,-0.012655454543584188,,12,
A,side_3_plus_3,side,24,144,sub11,J-B,S-P3,0.03937766177584201,,6,
A,side_3_plus_3,side,24,144,sub12,J-B,S-P3,0.1779381492965919,,1,
A,side_3_plus_3,side,24,144,sub13,J-B,S-P3,0.08567370389720419,,4,
A,side_3_plus_3,side,24,144,sub14,J-B,S-P3,0.057803165520691535,,6,
A,side_3_plus_3,side,24,144,sub17,J-B,S-P3,-0.2483668587422757,,20,
A,side_3_plus_3,side,24,144,sub19,J-B,S-P3,-0.837386194919209,,20,
A,side_3_plus_3,side,24,144,sub22,J-B,S-P3,-0.05900207913801414,,15,
A,side_3_plus_3,side,24,144,sub23,J-B,S-P3,-0.18604140609694497,,17,
A,side_3_plus_3,side,24,144,sub25,J-B,S-P3,-0.007428676137077872,,11,
A,side_3_plus_3,side,24,144,sub27,J-B,S-P3,0.06286901241214893,,6,
A,side_3_plus_3,side,24,144,sub31,J-B,S-P3,-0.04113703209765096,,12,
A,side_3_plus_3,side,24,144,sub33,J-B,S-P3,-0.40551821638300267,,20,
A,side_3_plus_3,side,24,144,sub35,J-B,S-P3,-0.08065086733452054,,12,
A,side_3_plus_3,side,24,144,sub36,J-B,S-P3,-0.10773832111642068,,14,
A,side_3_plus_3,side,24,144,sub37,J-B,S-P3,-0.051448521021986604,,15,
A,side_3_plus_3,side,24,144,sub38,J-B,S-P3,-0.06165119458398205,,14,
A,side_3_plus_3,side,24,144,sub01,J-B,S-P2P3,-0.220710169261791,,19,
A,side_3_plus_3,side,24,144,sub02,J-B,S-P2P3,-0.013839233184226973,,13,
A,side_3_plus_3,side,24,144,sub03,J-B,S-P2P3,0.29158251071925023,,1,
A,side_3_plus_3,side,24,144,sub04,J-B,S-P2P3,0.8500636166624118,,1,
A,side_3_plus_3,side,24,144,sub06,J-B,S-P2P3,0.5211725191918625,,1,
A,side_3_plus_3,side,24,144,sub07,J-B,S-P2P3,0.1426948243214412,,2,
A,side_3_plus_3,side,24,144,sub09,J-B,S-P2P3,0.07629876908422295,,10,
A,side_3_plus_3,side,24,144,sub10,J-B,S-P2P3,0.0021363956129739625,,10,
A,side_3_plus_3,side,24,144,sub11,J-B,S-P2P3,-0.009582666072058932,,12,
A,side_3_plus_3,side,24,144,sub12,J-B,S-P2P3,0.1507206285700804,,3,
A,side_3_plus_3,side,24,144,sub13,J-B,S-P2P3,0.1013563043792024,,4,
A,side_3_plus_3,side,24,144,sub14,J-B,S-P2P3,0.10733599998890553,,4,
A,side_3_plus_3,side,24,144,sub17,J-B,S-P2P3,-0.08714057191718894,,17,
A,side_3_plus_3,side,24,144,sub19,J-B,S-P2P3,-0.904563907610942,,20,
A,side_3_plus_3,side,24,144,sub22,J-B,S-P2P3,-0.06364674890596533,,17,
A,side_3_plus_3,side,24,144,sub23,J-B,S-P2P3,-0.21566916952856707,,18,
A,side_3_plus_3,side,24,144,sub25,J-B,S-P2P3,-0.07429407355552525,,18,
A,side_3_plus_3,side,24,144,sub27,J-B,S-P2P3,0.027745060797185417,,8,
A,side_3_plus_3,side,24,144,sub31,J-B,S-P2P3,-0.019306402240797604,,11,
A,side_3_plus_3,side,24,144,sub33,J-B,S-P2P3,-0.42580841055564356,,20,
A,side_3_plus_3,side,24,144,sub35,J-B,S-P2P3,-0.04459845264188611,,11,
A,side_3_plus_3,side,24,144,sub36,J-B,S-P2P3,-0.13563315773914864,,16,
A,side_3_plus_3,side,24,144,sub37,J-B,S-P2P3,-0.1223851649129426,,17,
A,side_3_plus_3,side,24,144,sub38,J-B,S-P2P3,-0.025346423705804533,,13,
A,side_3_plus_3,side,24,144,sub01,J-B,S-valid,-0.21872072283982913,,19,
A,side_3_plus_3,side,24,144,sub02,J-B,S-valid,-0.022389977467846434,,13,
A,side_3_plus_3,side,24,144,sub03,J-B,S-valid,0.3075084702759978,,1,
A,side_3_plus_3,side,24,144,sub04,J-B,S-valid,0.6316001397570654,,2,
A,side_3_plus_3,side,24,144,sub06,J-B,S-valid,0.1053254224001351,,6,
A,side_3_plus_3,side,24,144,sub07,J-B,S-valid,0.1414385019539366,,2,
A,side_3_plus_3,side,24,144,sub09,J-B,S-valid,0.018220577985980313,,10,
A,side_3_plus_3,side,24,144,sub10,J-B,S-valid,0.00206869120959563,,10,
A,side_3_plus_3,side,24,144,sub11,J-B,S-valid,-0.03569560665103455,,18,
A,side_3_plus_3,side,24,144,sub12,J-B,S-valid,0.12629424780429965,,3,
A,side_3_plus_3,side,24,144,sub13,J-B,S-valid,0.08229619086893436,,4,
A,side_3_plus_3,side,24,144,sub14,J-B,S-valid,0.11484143548355874,,4,
A,side_3_plus_3,side,24,144,sub17,J-B,S-valid,-0.0617140938205179,,16,
A,side_3_plus_3,side,24,144,sub19,J-B,S-valid,-0.9695082864069151,,20,
A,side_3_plus_3,side,24,144,sub22,J-B,S-valid,-0.08029057247585525,,17,
A,side_3_plus_3,side,24,144,sub23,J-B,S-valid,-0.23054098379224208,,19,
A,side_3_plus_3,side,24,144,sub25,J-B,S-valid,-0.05833277471873066,,18,
A,side_3_plus_3,side,24,144,sub27,J-B,S-valid,-0.002623370124988589,,11,
A,side_3_plus_3,side,24,144,sub31,J-B,S-valid,-0.026603916911370318,,11,
A,side_3_plus_3,side,24,144,sub33,J-B,S-valid,-0.42754285863459185,,20,
A,side_3_plus_3,side,24,144,sub35,J-B,S-valid,-0.047191121717386375,,11,
A,side_3_plus_3,side,24,144,sub36,J-B,S-valid,-0.11482793013498727,,16,
A,side_3_plus_3,side,24,144,sub37,J-B,S-valid,-0.13483871716495754,,18,
A,side_3_plus_3,side,24,144,sub38,J-B,S-valid,-0.012769077959080999,,11,
